Station Name;Station ID;Date;Average temperature (degrees Celsius)
Strømtangen Fyr;SN17000;01.01.2000;0.8
Strømtangen Fyr;SN17000;02.01.2000;4.3
Strømtangen Fyr;SN17000;03.01.2000;4.8
Strømtangen Fyr;SN17000;04.01.2000;4.6
Strømtangen Fyr;SN17000;05.01.2000;4
Strømtangen Fyr;SN17000;06.01.2000;5.7
Strømtangen Fyr;SN17000;07.01.2000;5.2
Strømtangen Fyr;SN17000;08.01.2000;6.1
Strømtangen Fyr;SN17000;09.01.2000;4.6
Strømtangen Fyr;SN17000;10.01.2000;4.1
Strømtangen Fyr;SN17000;11.01.2000;5
Strømtangen Fyr;SN17000;12.01.2000;4.4
Strømtangen Fyr;SN17000;13.01.2000;3.3
Strømtangen Fyr;SN17000;14.01.2000;0.2
Strømtangen Fyr;SN17000;15.01.2000;-0.9
Strømtangen Fyr;SN17000;16.01.2000;2.7
Strømtangen Fyr;SN17000;17.01.2000;6.8
Strømtangen Fyr;SN17000;18.01.2000;3.9
Strømtangen Fyr;SN17000;19.01.2000;2.9
Strømtangen Fyr;SN17000;20.01.2000;3.9
Strømtangen Fyr;SN17000;21.01.2000;-2.2
Strømtangen Fyr;SN17000;22.01.2000;-3
Strømtangen Fyr;SN17000;23.01.2000;-6.9
Strømtangen Fyr;SN17000;24.01.2000;-6.7
Strømtangen Fyr;SN17000;25.01.2000;-4.3
Strømtangen Fyr;SN17000;26.01.2000;-1.4
Strømtangen Fyr;SN17000;27.01.2000;3.8
Strømtangen Fyr;SN17000;28.01.2000;2.7
Strømtangen Fyr;SN17000;29.01.2000;4.7
Strømtangen Fyr;SN17000;30.01.2000;2.4
Strømtangen Fyr;SN17000;31.01.2000;-0.5
Strømtangen Fyr;SN17000;01.02.2000;-1
Strømtangen Fyr;SN17000;02.02.2000;2.5
Strømtangen Fyr;SN17000;03.02.2000;1
Strømtangen Fyr;SN17000;04.02.2000;4.7
Strømtangen Fyr;SN17000;05.02.2000;3.9
Strømtangen Fyr;SN17000;06.02.2000;5
Strømtangen Fyr;SN17000;07.02.2000;5.2
Strømtangen Fyr;SN17000;08.02.2000;2
Strømtangen Fyr;SN17000;09.02.2000;1.4
Strømtangen Fyr;SN17000;10.02.2000;5
Strømtangen Fyr;SN17000;11.02.2000;5
Strømtangen Fyr;SN17000;12.02.2000;4.7
Strømtangen Fyr;SN17000;13.02.2000;3.7
Strømtangen Fyr;SN17000;14.02.2000;1.9
Strømtangen Fyr;SN17000;15.02.2000;3.1
Strømtangen Fyr;SN17000;16.02.2000;-0.8
Strømtangen Fyr;SN17000;17.02.2000;-2.5
Strømtangen Fyr;SN17000;18.02.2000;-2
Strømtangen Fyr;SN17000;19.02.2000;-3.3
Strømtangen Fyr;SN17000;20.02.2000;-2.7
Strømtangen Fyr;SN17000;21.02.2000;-1.7
Strømtangen Fyr;SN17000;22.02.2000;1.2
Strømtangen Fyr;SN17000;23.02.2000;0.9
Strømtangen Fyr;SN17000;24.02.2000;2.4
Strømtangen Fyr;SN17000;25.02.2000;2.9
Strømtangen Fyr;SN17000;26.02.2000;3.5
Strømtangen Fyr;SN17000;27.02.2000;4.1
Strømtangen Fyr;SN17000;28.02.2000;4.4
Strømtangen Fyr;SN17000;29.02.2000;4.1
Strømtangen Fyr;SN17000;01.03.2000;2.8
Strømtangen Fyr;SN17000;02.03.2000;2.3
Strømtangen Fyr;SN17000;03.03.2000;2.2
Strømtangen Fyr;SN17000;04.03.2000;1
Strømtangen Fyr;SN17000;05.03.2000;1.4
Strømtangen Fyr;SN17000;06.03.2000;5.3
Strømtangen Fyr;SN17000;07.03.2000;4.1
Strømtangen Fyr;SN17000;08.03.2000;0.2
Strømtangen Fyr;SN17000;09.03.2000;0.8
Strømtangen Fyr;SN17000;10.03.2000;1.4
Strømtangen Fyr;SN17000;11.03.2000;0.5
Strømtangen Fyr;SN17000;12.03.2000;0.9
Strømtangen Fyr;SN17000;13.03.2000;3.6
Strømtangen Fyr;SN17000;14.03.2000;3.7
Strømtangen Fyr;SN17000;15.03.2000;2.6
Strømtangen Fyr;SN17000;16.03.2000;1
Strømtangen Fyr;SN17000;17.03.2000;1.6
Strømtangen Fyr;SN17000;18.03.2000;4.9
Strømtangen Fyr;SN17000;19.03.2000;3.6
Strømtangen Fyr;SN17000;20.03.2000;6.2
Strømtangen Fyr;SN17000;21.03.2000;5
Strømtangen Fyr;SN17000;22.03.2000;4
Strømtangen Fyr;SN17000;23.03.2000;3.3
Strømtangen Fyr;SN17000;24.03.2000;1.5
Strømtangen Fyr;SN17000;25.03.2000;2.9
Strømtangen Fyr;SN17000;26.03.2000;3.7
Strømtangen Fyr;SN17000;27.03.2000;2.4
Strømtangen Fyr;SN17000;28.03.2000;1.9
Strømtangen Fyr;SN17000;29.03.2000;2.3
Strømtangen Fyr;SN17000;30.03.2000;3.6
Strømtangen Fyr;SN17000;31.03.2000;3.8
Strømtangen Fyr;SN17000;01.04.2000;4.7
Strømtangen Fyr;SN17000;02.04.2000;0.7
Strømtangen Fyr;SN17000;03.04.2000;1.6
Strømtangen Fyr;SN17000;04.04.2000;-1
Strømtangen Fyr;SN17000;05.04.2000;1.2
Strømtangen Fyr;SN17000;06.04.2000;4.1
Strømtangen Fyr;SN17000;07.04.2000;3.7
Strømtangen Fyr;SN17000;08.04.2000;4.2
Strømtangen Fyr;SN17000;09.04.2000;4.2
Strømtangen Fyr;SN17000;10.04.2000;4.4
Strømtangen Fyr;SN17000;11.04.2000;5.1
Strømtangen Fyr;SN17000;12.04.2000;6
Strømtangen Fyr;SN17000;13.04.2000;5.1
Strømtangen Fyr;SN17000;14.04.2000;5.5
Strømtangen Fyr;SN17000;15.04.2000;5
Strømtangen Fyr;SN17000;16.04.2000;2.7
Strømtangen Fyr;SN17000;17.04.2000;5.6
Strømtangen Fyr;SN17000;18.04.2000;6.7
Strømtangen Fyr;SN17000;19.04.2000;7.1
Strømtangen Fyr;SN17000;20.04.2000;6.3
Strømtangen Fyr;SN17000;21.04.2000;8.2
Strømtangen Fyr;SN17000;22.04.2000;6.6
Strømtangen Fyr;SN17000;23.04.2000;7.3
Strømtangen Fyr;SN17000;24.04.2000;8.4
Strømtangen Fyr;SN17000;25.04.2000;7.9
Strømtangen Fyr;SN17000;26.04.2000;9.5
Strømtangen Fyr;SN17000;27.04.2000;9.7
Strømtangen Fyr;SN17000;28.04.2000;14.2
Strømtangen Fyr;SN17000;29.04.2000;16.6
Strømtangen Fyr;SN17000;30.04.2000;15.5
Strømtangen Fyr;SN17000;01.05.2000;11.8
Strømtangen Fyr;SN17000;02.05.2000;8.9
Strømtangen Fyr;SN17000;03.05.2000;10
Strømtangen Fyr;SN17000;04.05.2000;10.1
Strømtangen Fyr;SN17000;05.05.2000;11
Strømtangen Fyr;SN17000;06.05.2000;12.3
Strømtangen Fyr;SN17000;07.05.2000;11.6
Strømtangen Fyr;SN17000;08.05.2000;13.9
Strømtangen Fyr;SN17000;09.05.2000;13.1
Strømtangen Fyr;SN17000;10.05.2000;13.4
Strømtangen Fyr;SN17000;11.05.2000;13.7
Strømtangen Fyr;SN17000;12.05.2000;9.1
Strømtangen Fyr;SN17000;13.05.2000;12.2
Strømtangen Fyr;SN17000;14.05.2000;12.3
Strømtangen Fyr;SN17000;15.05.2000;13.4
Strømtangen Fyr;SN17000;16.05.2000;15.2
Strømtangen Fyr;SN17000;17.05.2000;15.2
Strømtangen Fyr;SN17000;18.05.2000;12
Strømtangen Fyr;SN17000;19.05.2000;11.6
Strømtangen Fyr;SN17000;20.05.2000;12.1
Strømtangen Fyr;SN17000;21.05.2000;12.3
Strømtangen Fyr;SN17000;22.05.2000;12.4
Strømtangen Fyr;SN17000;23.05.2000;12.7
Strømtangen Fyr;SN17000;24.05.2000;13.4
Strømtangen Fyr;SN17000;25.05.2000;10.4
Strømtangen Fyr;SN17000;26.05.2000;11.8
Strømtangen Fyr;SN17000;27.05.2000;11.1
Strømtangen Fyr;SN17000;28.05.2000;11.4
Strømtangen Fyr;SN17000;29.05.2000;10.5
Strømtangen Fyr;SN17000;30.05.2000;10.9
Strømtangen Fyr;SN17000;31.05.2000;11.3
Strømtangen Fyr;SN17000;01.06.2000;11.1
Strømtangen Fyr;SN17000;02.06.2000;12.4
Strømtangen Fyr;SN17000;03.06.2000;12.2
Strømtangen Fyr;SN17000;04.06.2000;11
Strømtangen Fyr;SN17000;05.06.2000;12.2
Strømtangen Fyr;SN17000;06.06.2000;12.5
Strømtangen Fyr;SN17000;07.06.2000;12.8
Strømtangen Fyr;SN17000;08.06.2000;14.1
Strømtangen Fyr;SN17000;09.06.2000;14.4
Strømtangen Fyr;SN17000;10.06.2000;14.6
Strømtangen Fyr;SN17000;11.06.2000;13.7
Strømtangen Fyr;SN17000;12.06.2000;13
Strømtangen Fyr;SN17000;13.06.2000;13.5
Strømtangen Fyr;SN17000;14.06.2000;13.2
Strømtangen Fyr;SN17000;15.06.2000;12.7
Strømtangen Fyr;SN17000;16.06.2000;13.9
Strømtangen Fyr;SN17000;17.06.2000;11.8
Strømtangen Fyr;SN17000;18.06.2000;12.7
Strømtangen Fyr;SN17000;19.06.2000;13.4
Strømtangen Fyr;SN17000;20.06.2000;14.7
Strømtangen Fyr;SN17000;21.06.2000;16.2
Strømtangen Fyr;SN17000;22.06.2000;14.8
Strømtangen Fyr;SN17000;23.06.2000;14.3
Strømtangen Fyr;SN17000;24.06.2000;13.9
Strømtangen Fyr;SN17000;25.06.2000;13.8
Strømtangen Fyr;SN17000;26.06.2000;12.5
Strømtangen Fyr;SN17000;27.06.2000;12.4
Strømtangen Fyr;SN17000;28.06.2000;12.9
Strømtangen Fyr;SN17000;29.06.2000;15.4
Strømtangen Fyr;SN17000;30.06.2000;16.9
Strømtangen Fyr;SN17000;01.07.2000;15.9
Strømtangen Fyr;SN17000;02.07.2000;15.1
Strømtangen Fyr;SN17000;03.07.2000;16.2
Strømtangen Fyr;SN17000;04.07.2000;16.4
Strømtangen Fyr;SN17000;05.07.2000;16.9
Strømtangen Fyr;SN17000;06.07.2000;15.1
Strømtangen Fyr;SN17000;07.07.2000;14.7
Strømtangen Fyr;SN17000;08.07.2000;13.2
Strømtangen Fyr;SN17000;09.07.2000;14.3
Strømtangen Fyr;SN17000;10.07.2000;13.4
Strømtangen Fyr;SN17000;11.07.2000;14
Strømtangen Fyr;SN17000;12.07.2000;15.2
Strømtangen Fyr;SN17000;13.07.2000;16.8
Strømtangen Fyr;SN17000;14.07.2000;15.6
Strømtangen Fyr;SN17000;15.07.2000;16.3
Strømtangen Fyr;SN17000;16.07.2000;15.5
Strømtangen Fyr;SN17000;17.07.2000;14.9
Strømtangen Fyr;SN17000;18.07.2000;17.3
Strømtangen Fyr;SN17000;19.07.2000;18
Strømtangen Fyr;SN17000;20.07.2000;18.6
Strømtangen Fyr;SN17000;21.07.2000;16.6
Strømtangen Fyr;SN17000;22.07.2000;19
Strømtangen Fyr;SN17000;23.07.2000;18.6
Strømtangen Fyr;SN17000;24.07.2000;17.2
Strømtangen Fyr;SN17000;25.07.2000;17.9
Strømtangen Fyr;SN17000;26.07.2000;13.9
Strømtangen Fyr;SN17000;27.07.2000;13.2
Strømtangen Fyr;SN17000;28.07.2000;15.1
Strømtangen Fyr;SN17000;29.07.2000;16.1
Strømtangen Fyr;SN17000;30.07.2000;16.7
Strømtangen Fyr;SN17000;31.07.2000;16.9
Strømtangen Fyr;SN17000;01.08.2000;16.7
Strømtangen Fyr;SN17000;02.08.2000;17.3
Strømtangen Fyr;SN17000;03.08.2000;17.5
Strømtangen Fyr;SN17000;04.08.2000;16.9
Strømtangen Fyr;SN17000;05.08.2000;17.1
Strømtangen Fyr;SN17000;06.08.2000;17.7
Strømtangen Fyr;SN17000;07.08.2000;16.4
Strømtangen Fyr;SN17000;08.08.2000;15.9
Strømtangen Fyr;SN17000;09.08.2000;15.2
Strømtangen Fyr;SN17000;10.08.2000;15.5
Strømtangen Fyr;SN17000;11.08.2000;15.8
Strømtangen Fyr;SN17000;12.08.2000;17
Strømtangen Fyr;SN17000;13.08.2000;16
Strømtangen Fyr;SN17000;14.08.2000;16.6
Strømtangen Fyr;SN17000;15.08.2000;17.1
Strømtangen Fyr;SN17000;16.08.2000;16.3
Strømtangen Fyr;SN17000;17.08.2000;15.8
Strømtangen Fyr;SN17000;18.08.2000;15.8
Strømtangen Fyr;SN17000;19.08.2000;15.6
Strømtangen Fyr;SN17000;20.08.2000;15.8
Strømtangen Fyr;SN17000;21.08.2000;15.1
Strømtangen Fyr;SN17000;22.08.2000;15
Strømtangen Fyr;SN17000;23.08.2000;14.3
Strømtangen Fyr;SN17000;24.08.2000;13.8
Strømtangen Fyr;SN17000;25.08.2000;15.1
Strømtangen Fyr;SN17000;26.08.2000;15.4
Strømtangen Fyr;SN17000;27.08.2000;16.7
Strømtangen Fyr;SN17000;28.08.2000;16.9
Strømtangen Fyr;SN17000;29.08.2000;15.8
Strømtangen Fyr;SN17000;30.08.2000;14.7
Strømtangen Fyr;SN17000;31.08.2000;14.6
Strømtangen Fyr;SN17000;01.09.2000;14.7
Strømtangen Fyr;SN17000;02.09.2000;13.5
Strømtangen Fyr;SN17000;03.09.2000;12
Strømtangen Fyr;SN17000;04.09.2000;11.5
Strømtangen Fyr;SN17000;05.09.2000;12.1
Strømtangen Fyr;SN17000;06.09.2000;13.6
Strømtangen Fyr;SN17000;07.09.2000;14.3
Strømtangen Fyr;SN17000;08.09.2000;15
Strømtangen Fyr;SN17000;09.09.2000;15.2
Strømtangen Fyr;SN17000;10.09.2000;14.7
Strømtangen Fyr;SN17000;11.09.2000;12.9
Strømtangen Fyr;SN17000;12.09.2000;11.1
Strømtangen Fyr;SN17000;13.09.2000;11.5
Strømtangen Fyr;SN17000;14.09.2000;11.1
Strømtangen Fyr;SN17000;15.09.2000;12.2
Strømtangen Fyr;SN17000;16.09.2000;12.8
Strømtangen Fyr;SN17000;17.09.2000;12.6
Strømtangen Fyr;SN17000;18.09.2000;12.5
Strømtangen Fyr;SN17000;19.09.2000;11.7
Strømtangen Fyr;SN17000;20.09.2000;11.2
Strømtangen Fyr;SN17000;21.09.2000;11.2
Strømtangen Fyr;SN17000;22.09.2000;11.9
Strømtangen Fyr;SN17000;23.09.2000;12.2
Strømtangen Fyr;SN17000;24.09.2000;10.5
Strømtangen Fyr;SN17000;25.09.2000;10.5
Strømtangen Fyr;SN17000;26.09.2000;10.4
Strømtangen Fyr;SN17000;27.09.2000;11
Strømtangen Fyr;SN17000;28.09.2000;13.3
Strømtangen Fyr;SN17000;29.09.2000;14.6
Strømtangen Fyr;SN17000;30.09.2000;14.9
Strømtangen Fyr;SN17000;01.10.2000;11.9
Strømtangen Fyr;SN17000;02.10.2000;12.5
Strømtangen Fyr;SN17000;03.10.2000;13.3
Strømtangen Fyr;SN17000;04.10.2000;13.4
Strømtangen Fyr;SN17000;05.10.2000;12.8
Strømtangen Fyr;SN17000;06.10.2000;12.6
Strømtangen Fyr;SN17000;07.10.2000;12.4
Strømtangen Fyr;SN17000;08.10.2000;10.4
Strømtangen Fyr;SN17000;09.10.2000;9.1
Strømtangen Fyr;SN17000;10.10.2000;10.2
Strømtangen Fyr;SN17000;11.10.2000;11.2
Strømtangen Fyr;SN17000;12.10.2000;11.6
Strømtangen Fyr;SN17000;13.10.2000;10.7
Strømtangen Fyr;SN17000;14.10.2000;11.7
Strømtangen Fyr;SN17000;15.10.2000;12
Strømtangen Fyr;SN17000;16.10.2000;12.1
Strømtangen Fyr;SN17000;17.10.2000;12.8
Strømtangen Fyr;SN17000;18.10.2000;11.9
Strømtangen Fyr;SN17000;19.10.2000;10.9
Strømtangen Fyr;SN17000;20.10.2000;10.4
Strømtangen Fyr;SN17000;21.10.2000;11.8
Strømtangen Fyr;SN17000;22.10.2000;11.1
Strømtangen Fyr;SN17000;23.10.2000;11.2
Strømtangen Fyr;SN17000;24.10.2000;11.8
Strømtangen Fyr;SN17000;25.10.2000;9.6
Strømtangen Fyr;SN17000;26.10.2000;7.2
Strømtangen Fyr;SN17000;27.10.2000;4.6
Strømtangen Fyr;SN17000;28.10.2000;4.6
Strømtangen Fyr;SN17000;29.10.2000;8.9
Strømtangen Fyr;SN17000;30.10.2000;8.9
Strømtangen Fyr;SN17000;31.10.2000;10.7
Strømtangen Fyr;SN17000;01.11.2000;9.9
Strømtangen Fyr;SN17000;02.11.2000;7.4
Strømtangen Fyr;SN17000;03.11.2000;8.9
Strømtangen Fyr;SN17000;04.11.2000;8.2
Strømtangen Fyr;SN17000;05.11.2000;7.7
Strømtangen Fyr;SN17000;06.11.2000;6.3
Strømtangen Fyr;SN17000;07.11.2000;8
Strømtangen Fyr;SN17000;08.11.2000;8.7
Strømtangen Fyr;SN17000;09.11.2000;8.3
Strømtangen Fyr;SN17000;10.11.2000;7.8
Strømtangen Fyr;SN17000;11.11.2000;7.3
Strømtangen Fyr;SN17000;12.11.2000;8.1
Strømtangen Fyr;SN17000;13.11.2000;7.9
Strømtangen Fyr;SN17000;14.11.2000;6.7
Strømtangen Fyr;SN17000;15.11.2000;5.5
Strømtangen Fyr;SN17000;16.11.2000;5.8
Strømtangen Fyr;SN17000;17.11.2000;6.2
Strømtangen Fyr;SN17000;18.11.2000;5.5
Strømtangen Fyr;SN17000;19.11.2000;7.9
Strømtangen Fyr;SN17000;20.11.2000;6.6
Strømtangen Fyr;SN17000;21.11.2000;7
Strømtangen Fyr;SN17000;22.11.2000;6
Strømtangen Fyr;SN17000;23.11.2000;7.8
Strømtangen Fyr;SN17000;24.11.2000;7.6
Strømtangen Fyr;SN17000;25.11.2000;6.9
Strømtangen Fyr;SN17000;26.11.2000;5.6
Strømtangen Fyr;SN17000;27.11.2000;6.6
Strømtangen Fyr;SN17000;28.11.2000;5.6
Strømtangen Fyr;SN17000;29.11.2000;5.8
Strømtangen Fyr;SN17000;30.11.2000;8.4
Strømtangen Fyr;SN17000;01.12.2000;6.9
Strømtangen Fyr;SN17000;02.12.2000;8.6
Strømtangen Fyr;SN17000;03.12.2000;8
Strømtangen Fyr;SN17000;04.12.2000;7.3
Strømtangen Fyr;SN17000;05.12.2000;8.5
Strømtangen Fyr;SN17000;06.12.2000;8.3
Strømtangen Fyr;SN17000;07.12.2000;7.2
Strømtangen Fyr;SN17000;08.12.2000;6.2
Strømtangen Fyr;SN17000;09.12.2000;8.2
Strømtangen Fyr;SN17000;10.12.2000;8.2
Strømtangen Fyr;SN17000;11.12.2000;7.3
Strømtangen Fyr;SN17000;12.12.2000;6.5
Strømtangen Fyr;SN17000;13.12.2000;8.6
Strømtangen Fyr;SN17000;14.12.2000;7.3
Strømtangen Fyr;SN17000;15.12.2000;4.5
Strømtangen Fyr;SN17000;16.12.2000;4.2
Strømtangen Fyr;SN17000;17.12.2000;2.4
Strømtangen Fyr;SN17000;18.12.2000;0.7
Strømtangen Fyr;SN17000;19.12.2000;0.4
Strømtangen Fyr;SN17000;20.12.2000;-0.6
Strømtangen Fyr;SN17000;21.12.2000;3.6
Strømtangen Fyr;SN17000;22.12.2000;1.6
Strømtangen Fyr;SN17000;23.12.2000;-1.2
Strømtangen Fyr;SN17000;24.12.2000;-1.2
Strømtangen Fyr;SN17000;25.12.2000;-2.1
Strømtangen Fyr;SN17000;26.12.2000;0.4
Strømtangen Fyr;SN17000;27.12.2000;-2.2
Strømtangen Fyr;SN17000;28.12.2000;-3.2
Strømtangen Fyr;SN17000;29.12.2000;-3.1
Strømtangen Fyr;SN17000;30.12.2000;-6.7
Strømtangen Fyr;SN17000;31.12.2000;-10.3
Strømtangen Fyr;SN17000;01.01.2001;-4.1
Strømtangen Fyr;SN17000;02.01.2001;1
Strømtangen Fyr;SN17000;03.01.2001;3.6
Strømtangen Fyr;SN17000;04.01.2001;2.9
Strømtangen Fyr;SN17000;05.01.2001;2.1
Strømtangen Fyr;SN17000;06.01.2001;3.4
Strømtangen Fyr;SN17000;07.01.2001;4.7
Strømtangen Fyr;SN17000;08.01.2001;2.6
Strømtangen Fyr;SN17000;09.01.2001;-0.1
Strømtangen Fyr;SN17000;10.01.2001;-0.6
Strømtangen Fyr;SN17000;11.01.2001;1.7
Strømtangen Fyr;SN17000;12.01.2001;-1.1
Strømtangen Fyr;SN17000;13.01.2001;-2.6
Strømtangen Fyr;SN17000;14.01.2001;-4.6
Strømtangen Fyr;SN17000;15.01.2001;-5.3
Strømtangen Fyr;SN17000;16.01.2001;-6.5
Strømtangen Fyr;SN17000;17.01.2001;-8.3
Strømtangen Fyr;SN17000;18.01.2001;-4.9
Strømtangen Fyr;SN17000;19.01.2001;-4.8
Strømtangen Fyr;SN17000;20.01.2001;-5.1
Strømtangen Fyr;SN17000;21.01.2001;-1.8
Strømtangen Fyr;SN17000;22.01.2001;-0.4
Strømtangen Fyr;SN17000;23.01.2001;-0.6
Strømtangen Fyr;SN17000;24.01.2001;2.9
Strømtangen Fyr;SN17000;25.01.2001;4.1
Strømtangen Fyr;SN17000;26.01.2001;3.4
Strømtangen Fyr;SN17000;27.01.2001;2.3
Strømtangen Fyr;SN17000;28.01.2001;1.4
Strømtangen Fyr;SN17000;29.01.2001;-0.4
Strømtangen Fyr;SN17000;30.01.2001;-4
Strømtangen Fyr;SN17000;31.01.2001;-3.7
Strømtangen Fyr;SN17000;01.02.2001;-6.9
Strømtangen Fyr;SN17000;02.02.2001;-9.7
Strømtangen Fyr;SN17000;03.02.2001;-13.4
Strømtangen Fyr;SN17000;04.02.2001;-15
Strømtangen Fyr;SN17000;05.02.2001;-15.3
Strømtangen Fyr;SN17000;06.02.2001;-11.1
Strømtangen Fyr;SN17000;07.02.2001;-0.2
Strømtangen Fyr;SN17000;08.02.2001;0.6
Strømtangen Fyr;SN17000;09.02.2001;-2
Strømtangen Fyr;SN17000;10.02.2001;-2.6
Strømtangen Fyr;SN17000;11.02.2001;2
Strømtangen Fyr;SN17000;12.02.2001;3.9
Strømtangen Fyr;SN17000;13.02.2001;3
Strømtangen Fyr;SN17000;14.02.2001;2.3
Strømtangen Fyr;SN17000;15.02.2001;2.4
Strømtangen Fyr;SN17000;16.02.2001;2.1
Strømtangen Fyr;SN17000;17.02.2001;2.6
Strømtangen Fyr;SN17000;18.02.2001;3.8
Strømtangen Fyr;SN17000;19.02.2001;-0.4
Strømtangen Fyr;SN17000;20.02.2001;2.1
Strømtangen Fyr;SN17000;21.02.2001;3.4
Strømtangen Fyr;SN17000;22.02.2001;0.2
Strømtangen Fyr;SN17000;23.02.2001;-6.5
Strømtangen Fyr;SN17000;24.02.2001;-2.4
Strømtangen Fyr;SN17000;25.02.2001;-7.1
Strømtangen Fyr;SN17000;26.02.2001;-7.9
Strømtangen Fyr;SN17000;27.02.2001;-8.9
Strømtangen Fyr;SN17000;28.02.2001;-9.4
Strømtangen Fyr;SN17000;01.03.2001;-8.5
Strømtangen Fyr;SN17000;02.03.2001;-8.1
Strømtangen Fyr;SN17000;03.03.2001;-4.4
Strømtangen Fyr;SN17000;04.03.2001;0.5
Strømtangen Fyr;SN17000;05.03.2001;0.8
Strømtangen Fyr;SN17000;06.03.2001;3.5
Strømtangen Fyr;SN17000;07.03.2001;0.9
Strømtangen Fyr;SN17000;08.03.2001;2.1
Strømtangen Fyr;SN17000;09.03.2001;1.8
Strømtangen Fyr;SN17000;10.03.2001;2.6
Strømtangen Fyr;SN17000;11.03.2001;2.7
Strømtangen Fyr;SN17000;12.03.2001;2.8
Strømtangen Fyr;SN17000;13.03.2001;2.5
Strømtangen Fyr;SN17000;14.03.2001;2.1
Strømtangen Fyr;SN17000;15.03.2001;1.4
Strømtangen Fyr;SN17000;16.03.2001;0
Strømtangen Fyr;SN17000;17.03.2001;-2.4
Strømtangen Fyr;SN17000;18.03.2001;-4.5
Strømtangen Fyr;SN17000;19.03.2001;-4.4
Strømtangen Fyr;SN17000;20.03.2001;-2.7
Strømtangen Fyr;SN17000;21.03.2001;-0.8
Strømtangen Fyr;SN17000;22.03.2001;-1.3
Strømtangen Fyr;SN17000;23.03.2001;-1.6
Strømtangen Fyr;SN17000;24.03.2001;-0.4
Strømtangen Fyr;SN17000;25.03.2001;-0.1
Strømtangen Fyr;SN17000;26.03.2001;-0.1
Strømtangen Fyr;SN17000;27.03.2001;0.1
Strømtangen Fyr;SN17000;28.03.2001;-0.3
Strømtangen Fyr;SN17000;29.03.2001;1.7
Strømtangen Fyr;SN17000;30.03.2001;2.1
Strømtangen Fyr;SN17000;31.03.2001;3
Strømtangen Fyr;SN17000;01.04.2001;2.7
Strømtangen Fyr;SN17000;02.04.2001;3.1
Strømtangen Fyr;SN17000;03.04.2001;4.1
Strømtangen Fyr;SN17000;04.04.2001;5
Strømtangen Fyr;SN17000;05.04.2001;4.6
Strømtangen Fyr;SN17000;06.04.2001;3.8
Strømtangen Fyr;SN17000;07.04.2001;4.2
Strømtangen Fyr;SN17000;08.04.2001;4.1
Strømtangen Fyr;SN17000;09.04.2001;4.1
Strømtangen Fyr;SN17000;10.04.2001;6
Strømtangen Fyr;SN17000;11.04.2001;4.7
Strømtangen Fyr;SN17000;12.04.2001;1.9
Strømtangen Fyr;SN17000;13.04.2001;1.7
Strømtangen Fyr;SN17000;14.04.2001;0.7
Strømtangen Fyr;SN17000;15.04.2001;1.9
Strømtangen Fyr;SN17000;16.04.2001;4.1
Strømtangen Fyr;SN17000;17.04.2001;4.9
Strømtangen Fyr;SN17000;18.04.2001;1
Strømtangen Fyr;SN17000;19.04.2001;3.2
Strømtangen Fyr;SN17000;20.04.2001;5.2
Strømtangen Fyr;SN17000;21.04.2001;4.1
Strømtangen Fyr;SN17000;22.04.2001;6.3
Strømtangen Fyr;SN17000;23.04.2001;7
Strømtangen Fyr;SN17000;24.04.2001;5.6
Strømtangen Fyr;SN17000;25.04.2001;6.3
Strømtangen Fyr;SN17000;26.04.2001;6.2
Strømtangen Fyr;SN17000;27.04.2001;5.5
Strømtangen Fyr;SN17000;28.04.2001;6.4
Strømtangen Fyr;SN17000;29.04.2001;6.3
Strømtangen Fyr;SN17000;30.04.2001;7.4
Strømtangen Fyr;SN17000;01.05.2001;8.2
Strømtangen Fyr;SN17000;02.05.2001;8
Strømtangen Fyr;SN17000;03.05.2001;7
Strømtangen Fyr;SN17000;04.05.2001;6.8
Strømtangen Fyr;SN17000;05.05.2001;7.9
Strømtangen Fyr;SN17000;06.05.2001;10.1
Strømtangen Fyr;SN17000;07.05.2001;11.1
Strømtangen Fyr;SN17000;08.05.2001;9.6
Strømtangen Fyr;SN17000;09.05.2001;10.2
Strømtangen Fyr;SN17000;10.05.2001;15.5
Strømtangen Fyr;SN17000;11.05.2001;14.2
Strømtangen Fyr;SN17000;12.05.2001;12.9
Strømtangen Fyr;SN17000;13.05.2001;11
Strømtangen Fyr;SN17000;14.05.2001;11.1
Strømtangen Fyr;SN17000;15.05.2001;12.2
Strømtangen Fyr;SN17000;16.05.2001;10.4
Strømtangen Fyr;SN17000;17.05.2001;11
Strømtangen Fyr;SN17000;18.05.2001;10.7
Strømtangen Fyr;SN17000;19.05.2001;13.3
Strømtangen Fyr;SN17000;20.05.2001;10.9
Strømtangen Fyr;SN17000;21.05.2001;9.8
Strømtangen Fyr;SN17000;22.05.2001;11.3
Strømtangen Fyr;SN17000;23.05.2001;13.8
Strømtangen Fyr;SN17000;24.05.2001;14.7
Strømtangen Fyr;SN17000;25.05.2001;10.8
Strømtangen Fyr;SN17000;26.05.2001;12.1
Strømtangen Fyr;SN17000;27.05.2001;13.8
Strømtangen Fyr;SN17000;28.05.2001;13.3
Strømtangen Fyr;SN17000;29.05.2001;9.9
Strømtangen Fyr;SN17000;30.05.2001;9.6
Strømtangen Fyr;SN17000;31.05.2001;12.2
Strømtangen Fyr;SN17000;01.06.2001;12.9
Strømtangen Fyr;SN17000;02.06.2001;12
Strømtangen Fyr;SN17000;03.06.2001;13.9
Strømtangen Fyr;SN17000;04.06.2001;12.4
Strømtangen Fyr;SN17000;05.06.2001;13.2
Strømtangen Fyr;SN17000;06.06.2001;11.9
Strømtangen Fyr;SN17000;07.06.2001;11.7
Strømtangen Fyr;SN17000;08.06.2001;10.4
Strømtangen Fyr;SN17000;09.06.2001;11.3
Strømtangen Fyr;SN17000;10.06.2001;11.3
Strømtangen Fyr;SN17000;11.06.2001;11.6
Strømtangen Fyr;SN17000;12.06.2001;12.6
Strømtangen Fyr;SN17000;13.06.2001;12.2
Strømtangen Fyr;SN17000;14.06.2001;12.9
Strømtangen Fyr;SN17000;15.06.2001;12.9
Strømtangen Fyr;SN17000;16.06.2001;14.3
Strømtangen Fyr;SN17000;17.06.2001;16
Strømtangen Fyr;SN17000;18.06.2001;16.3
Strømtangen Fyr;SN17000;19.06.2001;16.7
Strømtangen Fyr;SN17000;20.06.2001;14.2
Strømtangen Fyr;SN17000;21.06.2001;13.4
Strømtangen Fyr;SN17000;22.06.2001;14.4
Strømtangen Fyr;SN17000;23.06.2001;17.8
Strømtangen Fyr;SN17000;24.06.2001;17.4
Strømtangen Fyr;SN17000;25.06.2001;17
Strømtangen Fyr;SN17000;26.06.2001;16.5
Strømtangen Fyr;SN17000;27.06.2001;15.8
Strømtangen Fyr;SN17000;28.06.2001;16.7
Strømtangen Fyr;SN17000;29.06.2001;16.2
Strømtangen Fyr;SN17000;30.06.2001;16
Strømtangen Fyr;SN17000;01.07.2001;16.4
Strømtangen Fyr;SN17000;02.07.2001;17.1
Strømtangen Fyr;SN17000;03.07.2001;16.4
Strømtangen Fyr;SN17000;04.07.2001;17.1
Strømtangen Fyr;SN17000;05.07.2001;18.8
Strømtangen Fyr;SN17000;06.07.2001;19.3
Strømtangen Fyr;SN17000;07.07.2001;22.2
Strømtangen Fyr;SN17000;08.07.2001;23
Strømtangen Fyr;SN17000;09.07.2001;19.5
Strømtangen Fyr;SN17000;10.07.2001;18.3
Strømtangen Fyr;SN17000;11.07.2001;17.1
Strømtangen Fyr;SN17000;12.07.2001;15.4
Strømtangen Fyr;SN17000;13.07.2001;14.6
Strømtangen Fyr;SN17000;14.07.2001;16
Strømtangen Fyr;SN17000;15.07.2001;15.2
Strømtangen Fyr;SN17000;16.07.2001;16.1
Strømtangen Fyr;SN17000;17.07.2001;15.8
Strømtangen Fyr;SN17000;18.07.2001;15.9
Strømtangen Fyr;SN17000;19.07.2001;15.9
Strømtangen Fyr;SN17000;20.07.2001;17.3
Strømtangen Fyr;SN17000;21.07.2001;17.1
Strømtangen Fyr;SN17000;22.07.2001;17.4
Strømtangen Fyr;SN17000;23.07.2001;17.7
Strømtangen Fyr;SN17000;24.07.2001;18.2
Strømtangen Fyr;SN17000;25.07.2001;18.6
Strømtangen Fyr;SN17000;26.07.2001;19.4
Strømtangen Fyr;SN17000;27.07.2001;19.1
Strømtangen Fyr;SN17000;28.07.2001;18.8
Strømtangen Fyr;SN17000;29.07.2001;19.2
Strømtangen Fyr;SN17000;30.07.2001;18
Strømtangen Fyr;SN17000;31.07.2001;17.1
Strømtangen Fyr;SN17000;01.08.2001;16.8
Strømtangen Fyr;SN17000;02.08.2001;15.7
Strømtangen Fyr;SN17000;03.08.2001;16.7
Strømtangen Fyr;SN17000;04.08.2001;17.9
Strømtangen Fyr;SN17000;05.08.2001;17.4
Strømtangen Fyr;SN17000;06.08.2001;15.3
Strømtangen Fyr;SN17000;07.08.2001;15.2
Strømtangen Fyr;SN17000;08.08.2001;15.7
Strømtangen Fyr;SN17000;09.08.2001;16.4
Strømtangen Fyr;SN17000;10.08.2001;16.2
Strømtangen Fyr;SN17000;11.08.2001;15.8
Strømtangen Fyr;SN17000;12.08.2001;16.7
Strømtangen Fyr;SN17000;13.08.2001;16.5
Strømtangen Fyr;SN17000;14.08.2001;17.9
Strømtangen Fyr;SN17000;15.08.2001;17.4
Strømtangen Fyr;SN17000;16.08.2001;18.9
Strømtangen Fyr;SN17000;17.08.2001;17.3
Strømtangen Fyr;SN17000;18.08.2001;16.6
Strømtangen Fyr;SN17000;19.08.2001;18.2
Strømtangen Fyr;SN17000;20.08.2001;16.7
Strømtangen Fyr;SN17000;21.08.2001;17.8
Strømtangen Fyr;SN17000;22.08.2001;17.3
Strømtangen Fyr;SN17000;23.08.2001;17.6
Strømtangen Fyr;SN17000;24.08.2001;17.8
Strømtangen Fyr;SN17000;25.08.2001;17.6
Strømtangen Fyr;SN17000;26.08.2001;17.9
Strømtangen Fyr;SN17000;27.08.2001;16.6
Strømtangen Fyr;SN17000;28.08.2001;14.6
Strømtangen Fyr;SN17000;29.08.2001;14.8
Strømtangen Fyr;SN17000;31.08.2001;16.6
Strømtangen Fyr;SN17000;01.09.2001;14.5
Strømtangen Fyr;SN17000;02.09.2001;12.4
Strømtangen Fyr;SN17000;03.09.2001;14.6
Strømtangen Fyr;SN17000;04.09.2001;15
Strømtangen Fyr;SN17000;05.09.2001;14.6
Strømtangen Fyr;SN17000;06.09.2001;15.5
Strømtangen Fyr;SN17000;07.09.2001;14
Strømtangen Fyr;SN17000;08.09.2001;11.2
Strømtangen Fyr;SN17000;09.09.2001;12.2
Strømtangen Fyr;SN17000;10.09.2001;11.4
Strømtangen Fyr;SN17000;11.09.2001;12
Strømtangen Fyr;SN17000;12.09.2001;13.2
Strømtangen Fyr;SN17000;13.09.2001;12.7
Strømtangen Fyr;SN17000;14.09.2001;13.5
Strømtangen Fyr;SN17000;15.09.2001;13.6
Strømtangen Fyr;SN17000;16.09.2001;13.3
Strømtangen Fyr;SN17000;17.09.2001;15
Strømtangen Fyr;SN17000;18.09.2001;16.7
Strømtangen Fyr;SN17000;19.09.2001;15.1
Strømtangen Fyr;SN17000;20.09.2001;12
Strømtangen Fyr;SN17000;21.09.2001;12.4
Strømtangen Fyr;SN17000;22.09.2001;14
Strømtangen Fyr;SN17000;23.09.2001;13.5
Strømtangen Fyr;SN17000;24.09.2001;9.9
Strømtangen Fyr;SN17000;25.09.2001;8.8
Strømtangen Fyr;SN17000;26.09.2001;9.9
Strømtangen Fyr;SN17000;27.09.2001;12.2
Strømtangen Fyr;SN17000;28.09.2001;11.7
Strømtangen Fyr;SN17000;29.09.2001;8.7
Strømtangen Fyr;SN17000;30.09.2001;8.6
Strømtangen Fyr;SN17000;01.10.2001;12.3
Strømtangen Fyr;SN17000;02.10.2001;13.6
Strømtangen Fyr;SN17000;03.10.2001;13.6
Strømtangen Fyr;SN17000;04.10.2001;13.1
Strømtangen Fyr;SN17000;05.10.2001;12.2
Strømtangen Fyr;SN17000;06.10.2001;12.7
Strømtangen Fyr;SN17000;07.10.2001;12.7
Strømtangen Fyr;SN17000;08.10.2001;13
Strømtangen Fyr;SN17000;09.10.2001;13
Strømtangen Fyr;SN17000;10.10.2001;11.8
Strømtangen Fyr;SN17000;12.10.2001;13.2
Strømtangen Fyr;SN17000;13.10.2001;12.3
Strømtangen Fyr;SN17000;14.10.2001;8.9
Strømtangen Fyr;SN17000;15.10.2001;11.6
Strømtangen Fyr;SN17000;16.10.2001;12.2
Strømtangen Fyr;SN17000;17.10.2001;11
Strømtangen Fyr;SN17000;18.10.2001;10.2
Strømtangen Fyr;SN17000;19.10.2001;10.5
Strømtangen Fyr;SN17000;20.10.2001;9.6
Strømtangen Fyr;SN17000;21.10.2001;10.2
Strømtangen Fyr;SN17000;22.10.2001;5.4
Strømtangen Fyr;SN17000;23.10.2001;4
Strømtangen Fyr;SN17000;24.10.2001;5.9
Strømtangen Fyr;SN17000;25.10.2001;8.2
Strømtangen Fyr;SN17000;26.10.2001;11.9
Strømtangen Fyr;SN17000;27.10.2001;11.8
Strømtangen Fyr;SN17000;28.10.2001;10.7
Strømtangen Fyr;SN17000;29.10.2001;10.3
Strømtangen Fyr;SN17000;30.10.2001;10.5
Strømtangen Fyr;SN17000;31.10.2001;9.5
Strømtangen Fyr;SN17000;01.11.2001;8.1
Strømtangen Fyr;SN17000;02.11.2001;10
Strømtangen Fyr;SN17000;03.11.2001;11.2
Strømtangen Fyr;SN17000;04.11.2001;9.4
Strømtangen Fyr;SN17000;05.11.2001;6
Strømtangen Fyr;SN17000;06.11.2001;1.4
Strømtangen Fyr;SN17000;07.11.2001;3.3
Strømtangen Fyr;SN17000;08.11.2001;0.2
Strømtangen Fyr;SN17000;09.11.2001;2.2
Strømtangen Fyr;SN17000;10.11.2001;8.9
Strømtangen Fyr;SN17000;11.11.2001;9.3
Strømtangen Fyr;SN17000;12.11.2001;5.2
Strømtangen Fyr;SN17000;13.11.2001;3.9
Strømtangen Fyr;SN17000;14.11.2001;2.5
Strømtangen Fyr;SN17000;15.11.2001;9.4
Strømtangen Fyr;SN17000;16.11.2001;6.4
Strømtangen Fyr;SN17000;17.11.2001;9.5
Strømtangen Fyr;SN17000;18.11.2001;8
Strømtangen Fyr;SN17000;19.11.2001;4.8
Strømtangen Fyr;SN17000;20.11.2001;4
Strømtangen Fyr;SN17000;21.11.2001;9.1
Strømtangen Fyr;SN17000;22.11.2001;4.1
Strømtangen Fyr;SN17000;23.11.2001;1.7
Strømtangen Fyr;SN17000;24.11.2001;2.9
Strømtangen Fyr;SN17000;25.11.2001;6.9
Strømtangen Fyr;SN17000;27.11.2001;0.1
Strømtangen Fyr;SN17000;28.11.2001;2.6
Strømtangen Fyr;SN17000;29.11.2001;3.5
Strømtangen Fyr;SN17000;30.11.2001;3.5
Strømtangen Fyr;SN17000;01.12.2001;3
Strømtangen Fyr;SN17000;02.12.2001;4.9
Strømtangen Fyr;SN17000;03.12.2001;3.6
Strømtangen Fyr;SN17000;04.12.2001;1.9
Strømtangen Fyr;SN17000;05.12.2001;0.7
Strømtangen Fyr;SN17000;06.12.2001;0.3
Strømtangen Fyr;SN17000;07.12.2001;-0.9
Strømtangen Fyr;SN17000;08.12.2001;6.1
Strømtangen Fyr;SN17000;09.12.2001;4
Strømtangen Fyr;SN17000;10.12.2001;1.3
Strømtangen Fyr;SN17000;11.12.2001;0.9
Strømtangen Fyr;SN17000;12.12.2001;-0.1
Strømtangen Fyr;SN17000;13.12.2001;-1
Strømtangen Fyr;SN17000;14.12.2001;-0.6
Strømtangen Fyr;SN17000;15.12.2001;1
Strømtangen Fyr;SN17000;16.12.2001;-0.5
Strømtangen Fyr;SN17000;17.12.2001;2.2
Strømtangen Fyr;SN17000;18.12.2001;1.7
Strømtangen Fyr;SN17000;19.12.2001;1.8
Strømtangen Fyr;SN17000;20.12.2001;0.2
Strømtangen Fyr;SN17000;21.12.2001;-3.4
Strømtangen Fyr;SN17000;22.12.2001;-7
Strømtangen Fyr;SN17000;23.12.2001;-5.1
Strømtangen Fyr;SN17000;24.12.2001;-3.6
Strømtangen Fyr;SN17000;25.12.2001;-6.1
Strømtangen Fyr;SN17000;26.12.2001;-6.5
Strømtangen Fyr;SN17000;27.12.2001;-6.9
Strømtangen Fyr;SN17000;28.12.2001;-8.9
Strømtangen Fyr;SN17000;29.12.2001;-6.2
Strømtangen Fyr;SN17000;30.12.2001;-11
Strømtangen Fyr;SN17000;31.12.2001;-11.9
Strømtangen Fyr;SN17000;01.01.2002;3.9
Strømtangen Fyr;SN17000;02.01.2002;-3.6
Strømtangen Fyr;SN17000;03.01.2002;1.7
Strømtangen Fyr;SN17000;04.01.2002;-4.9
Strømtangen Fyr;SN17000;05.01.2002;-5.5
Strømtangen Fyr;SN17000;06.01.2002;-3.8
Strømtangen Fyr;SN17000;07.01.2002;-1.4
Strømtangen Fyr;SN17000;08.01.2002;-0.9
Strømtangen Fyr;SN17000;09.01.2002;-0.8
Strømtangen Fyr;SN17000;10.01.2002;2
Strømtangen Fyr;SN17000;11.01.2002;3.9
Strømtangen Fyr;SN17000;12.01.2002;3.8
Strømtangen Fyr;SN17000;13.01.2002;3.9
Strømtangen Fyr;SN17000;14.01.2002;4.1
Strømtangen Fyr;SN17000;15.01.2002;3.9
Strømtangen Fyr;SN17000;16.01.2002;4.3
Strømtangen Fyr;SN17000;17.01.2002;4.1
Strømtangen Fyr;SN17000;18.01.2002;3.5
Strømtangen Fyr;SN17000;19.01.2002;1.9
Strømtangen Fyr;SN17000;20.01.2002;2.7
Strømtangen Fyr;SN17000;21.01.2002;1.6
Strømtangen Fyr;SN17000;22.01.2002;3.5
Strømtangen Fyr;SN17000;23.01.2002;1
Strømtangen Fyr;SN17000;24.01.2002;-4.3
Strømtangen Fyr;SN17000;25.01.2002;-1.3
Strømtangen Fyr;SN17000;26.01.2002;-3.5
Strømtangen Fyr;SN17000;27.01.2002;-3.8
Strømtangen Fyr;SN17000;28.01.2002;3.2
Strømtangen Fyr;SN17000;29.01.2002;3.4
Strømtangen Fyr;SN17000;30.01.2002;0.4
Strømtangen Fyr;SN17000;31.01.2002;0.7
Strømtangen Fyr;SN17000;01.02.2002;2.5
Strømtangen Fyr;SN17000;02.02.2002;6.5
Strømtangen Fyr;SN17000;03.02.2002;5.6
Strømtangen Fyr;SN17000;04.02.2002;5.2
Strømtangen Fyr;SN17000;05.02.2002;5.2
Strømtangen Fyr;SN17000;06.02.2002;4.3
Strømtangen Fyr;SN17000;07.02.2002;3
Strømtangen Fyr;SN17000;08.02.2002;5.3
Strømtangen Fyr;SN17000;09.02.2002;5.5
Strømtangen Fyr;SN17000;10.02.2002;4.9
Strømtangen Fyr;SN17000;11.02.2002;2.4
Strømtangen Fyr;SN17000;12.02.2002;1.8
Strømtangen Fyr;SN17000;13.02.2002;1.2
Strømtangen Fyr;SN17000;14.02.2002;0.5
Strømtangen Fyr;SN17000;15.02.2002;4.4
Strømtangen Fyr;SN17000;16.02.2002;4.8
Strømtangen Fyr;SN17000;17.02.2002;4.7
Strømtangen Fyr;SN17000;18.02.2002;3.6
Strømtangen Fyr;SN17000;19.02.2002;0.9
Strømtangen Fyr;SN17000;20.02.2002;-3.3
Strømtangen Fyr;SN17000;21.02.2002;-1.1
Strømtangen Fyr;SN17000;22.02.2002;2.9
Strømtangen Fyr;SN17000;23.02.2002;2.4
Strømtangen Fyr;SN17000;24.02.2002;0.8
Strømtangen Fyr;SN17000;25.02.2002;1.2
Strømtangen Fyr;SN17000;26.02.2002;0.3
Strømtangen Fyr;SN17000;27.02.2002;-0.1
Strømtangen Fyr;SN17000;28.02.2002;-1.3
Strømtangen Fyr;SN17000;01.03.2002;-0.2
Strømtangen Fyr;SN17000;02.03.2002;0.6
Strømtangen Fyr;SN17000;03.03.2002;1.6
Strømtangen Fyr;SN17000;04.03.2002;4.8
Strømtangen Fyr;SN17000;05.03.2002;4.8
Strømtangen Fyr;SN17000;06.03.2002;3.5
Strømtangen Fyr;SN17000;07.03.2002;2.9
Strømtangen Fyr;SN17000;08.03.2002;4
Strømtangen Fyr;SN17000;09.03.2002;5
Strømtangen Fyr;SN17000;10.03.2002;3.8
Strømtangen Fyr;SN17000;11.03.2002;4.9
Strømtangen Fyr;SN17000;12.03.2002;4.9
Strømtangen Fyr;SN17000;13.03.2002;2.7
Strømtangen Fyr;SN17000;14.03.2002;-0.9
Strømtangen Fyr;SN17000;15.03.2002;1.6
Strømtangen Fyr;SN17000;16.03.2002;1.3
Strømtangen Fyr;SN17000;17.03.2002;2.1
Strømtangen Fyr;SN17000;18.03.2002;3.6
Strømtangen Fyr;SN17000;19.03.2002;4.9
Strømtangen Fyr;SN17000;20.03.2002;3.9
Strømtangen Fyr;SN17000;21.03.2002;4.7
Strømtangen Fyr;SN17000;22.03.2002;4.2
Strømtangen Fyr;SN17000;23.03.2002;3.2
Strømtangen Fyr;SN17000;24.03.2002;1
Strømtangen Fyr;SN17000;25.03.2002;3.4
Strømtangen Fyr;SN17000;26.03.2002;3.9
Strømtangen Fyr;SN17000;27.03.2002;3.8
Strømtangen Fyr;SN17000;28.03.2002;5.2
Strømtangen Fyr;SN17000;29.03.2002;4.5
Strømtangen Fyr;SN17000;30.03.2002;3
Strømtangen Fyr;SN17000;31.03.2002;2.6
Strømtangen Fyr;SN17000;01.04.2002;5.2
Strømtangen Fyr;SN17000;02.04.2002;7.5
Strømtangen Fyr;SN17000;03.04.2002;7.6
Strømtangen Fyr;SN17000;04.04.2002;6.3
Strømtangen Fyr;SN17000;05.04.2002;5
Strømtangen Fyr;SN17000;06.04.2002;6
Strømtangen Fyr;SN17000;07.04.2002;7.4
Strømtangen Fyr;SN17000;08.04.2002;5.7
Strømtangen Fyr;SN17000;09.04.2002;5.7
Strømtangen Fyr;SN17000;10.04.2002;4.7
Strømtangen Fyr;SN17000;11.04.2002;5.7
Strømtangen Fyr;SN17000;12.04.2002;5.8
Strømtangen Fyr;SN17000;13.04.2002;6.6
Strømtangen Fyr;SN17000;14.04.2002;6.8
Strømtangen Fyr;SN17000;15.04.2002;6.3
Strømtangen Fyr;SN17000;16.04.2002;5.7
Strømtangen Fyr;SN17000;17.04.2002;5.6
Strømtangen Fyr;SN17000;18.04.2002;5.4
Strømtangen Fyr;SN17000;19.04.2002;5.8
Strømtangen Fyr;SN17000;20.04.2002;5.8
Strømtangen Fyr;SN17000;21.04.2002;6.7
Strømtangen Fyr;SN17000;22.04.2002;7.8
Strømtangen Fyr;SN17000;23.04.2002;8.9
Strømtangen Fyr;SN17000;24.04.2002;8.7
Strømtangen Fyr;SN17000;25.04.2002;7.7
Strømtangen Fyr;SN17000;26.04.2002;7.3
Strømtangen Fyr;SN17000;27.04.2002;7.3
Strømtangen Fyr;SN17000;28.04.2002;6.7
Strømtangen Fyr;SN17000;29.04.2002;7.3
Strømtangen Fyr;SN17000;30.04.2002;7.6
Strømtangen Fyr;SN17000;01.05.2002;8.5
Strømtangen Fyr;SN17000;02.05.2002;8.1
Strømtangen Fyr;SN17000;03.05.2002;8.7
Strømtangen Fyr;SN17000;04.05.2002;10.4
Strømtangen Fyr;SN17000;05.05.2002;12.7
Strømtangen Fyr;SN17000;06.05.2002;11.9
Strømtangen Fyr;SN17000;07.05.2002;11.2
Strømtangen Fyr;SN17000;08.05.2002;10.9
Strømtangen Fyr;SN17000;09.05.2002;13.8
Strømtangen Fyr;SN17000;10.05.2002;13.7
Strømtangen Fyr;SN17000;11.05.2002;14.8
Strømtangen Fyr;SN17000;12.05.2002;12.7
Strømtangen Fyr;SN17000;13.05.2002;11.5
Strømtangen Fyr;SN17000;14.05.2002;12.7
Strømtangen Fyr;SN17000;15.05.2002;12.1
Strømtangen Fyr;SN17000;16.05.2002;12.3
Strømtangen Fyr;SN17000;17.05.2002;14.2
Strømtangen Fyr;SN17000;18.05.2002;11.7
Strømtangen Fyr;SN17000;19.05.2002;13
Strømtangen Fyr;SN17000;20.05.2002;12.3
Strømtangen Fyr;SN17000;21.05.2002;13.7
Strømtangen Fyr;SN17000;22.05.2002;16.4
Strømtangen Fyr;SN17000;23.05.2002;16.2
Strømtangen Fyr;SN17000;24.05.2002;13.1
Strømtangen Fyr;SN17000;25.05.2002;12.7
Strømtangen Fyr;SN17000;26.05.2002;13.4
Strømtangen Fyr;SN17000;27.05.2002;11.8
Strømtangen Fyr;SN17000;28.05.2002;11.7
Strømtangen Fyr;SN17000;29.05.2002;12.1
Strømtangen Fyr;SN17000;30.05.2002;12.9
Strømtangen Fyr;SN17000;31.05.2002;12.7
Strømtangen Fyr;SN17000;01.06.2002;13.1
Strømtangen Fyr;SN17000;02.06.2002;14.1
Strømtangen Fyr;SN17000;03.06.2002;16.5
Strømtangen Fyr;SN17000;04.06.2002;18.4
Strømtangen Fyr;SN17000;05.06.2002;19
Strømtangen Fyr;SN17000;06.06.2002;19.8
Strømtangen Fyr;SN17000;07.06.2002;18.8
Strømtangen Fyr;SN17000;08.06.2002;18.2
Strømtangen Fyr;SN17000;09.06.2002;18.4
Strømtangen Fyr;SN17000;10.06.2002;17
Strømtangen Fyr;SN17000;11.06.2002;15.4
Strømtangen Fyr;SN17000;12.06.2002;14.8
Strømtangen Fyr;SN17000;13.06.2002;13.5
Strømtangen Fyr;SN17000;14.06.2002;16.3
Strømtangen Fyr;SN17000;15.06.2002;14.9
Strømtangen Fyr;SN17000;16.06.2002;17.2
Strømtangen Fyr;SN17000;17.06.2002;16.7
Strømtangen Fyr;SN17000;18.06.2002;17.1
Strømtangen Fyr;SN17000;19.06.2002;16.3
Strømtangen Fyr;SN17000;20.06.2002;15.5
Strømtangen Fyr;SN17000;21.06.2002;16.8
Strømtangen Fyr;SN17000;22.06.2002;16.1
Strømtangen Fyr;SN17000;23.06.2002;16.2
Strømtangen Fyr;SN17000;24.06.2002;17.6
Strømtangen Fyr;SN17000;25.06.2002;16.2
Strømtangen Fyr;SN17000;26.06.2002;14.5
Strømtangen Fyr;SN17000;27.06.2002;14.1
Strømtangen Fyr;SN17000;28.06.2002;13.1
Strømtangen Fyr;SN17000;29.06.2002;15.8
Strømtangen Fyr;SN17000;30.06.2002;14.4
Strømtangen Fyr;SN17000;01.07.2002;14.7
Strømtangen Fyr;SN17000;02.07.2002;14.6
Strømtangen Fyr;SN17000;03.07.2002;14.4
Strømtangen Fyr;SN17000;04.07.2002;15.1
Strømtangen Fyr;SN17000;05.07.2002;15.5
Strømtangen Fyr;SN17000;06.07.2002;15.4
Strømtangen Fyr;SN17000;07.07.2002;15.4
Strømtangen Fyr;SN17000;08.07.2002;15.6
Strømtangen Fyr;SN17000;09.07.2002;18.9
Strømtangen Fyr;SN17000;10.07.2002;19.5
Strømtangen Fyr;SN17000;11.07.2002;16.9
Strømtangen Fyr;SN17000;12.07.2002;15.9
Strømtangen Fyr;SN17000;13.07.2002;17.9
Strømtangen Fyr;SN17000;14.07.2002;17.7
Strømtangen Fyr;SN17000;15.07.2002;18
Strømtangen Fyr;SN17000;16.07.2002;17.8
Strømtangen Fyr;SN17000;17.07.2002;18
Strømtangen Fyr;SN17000;18.07.2002;18.5
Strømtangen Fyr;SN17000;19.07.2002;17.7
Strømtangen Fyr;SN17000;20.07.2002;18.5
Strømtangen Fyr;SN17000;21.07.2002;17.5
Strømtangen Fyr;SN17000;22.07.2002;17.3
Strømtangen Fyr;SN17000;23.07.2002;17.9
Strømtangen Fyr;SN17000;24.07.2002;15.1
Strømtangen Fyr;SN17000;25.07.2002;16.7
Strømtangen Fyr;SN17000;26.07.2002;17.3
Strømtangen Fyr;SN17000;27.07.2002;17.1
Strømtangen Fyr;SN17000;28.07.2002;18.5
Strømtangen Fyr;SN17000;29.07.2002;19.3
Strømtangen Fyr;SN17000;30.07.2002;22.4
Strømtangen Fyr;SN17000;31.07.2002;20.8
Strømtangen Fyr;SN17000;01.08.2002;23.5
Strømtangen Fyr;SN17000;02.08.2002;20.7
Strømtangen Fyr;SN17000;03.08.2002;18.8
Strømtangen Fyr;SN17000;04.08.2002;20.3
Strømtangen Fyr;SN17000;05.08.2002;20.8
Strømtangen Fyr;SN17000;06.08.2002;20
Strømtangen Fyr;SN17000;07.08.2002;20
Strømtangen Fyr;SN17000;08.08.2002;20.5
Strømtangen Fyr;SN17000;09.08.2002;20.3
Strømtangen Fyr;SN17000;10.08.2002;22
Strømtangen Fyr;SN17000;11.08.2002;20.5
Strømtangen Fyr;SN17000;12.08.2002;19.2
Strømtangen Fyr;SN17000;13.08.2002;20.1
Strømtangen Fyr;SN17000;14.08.2002;20.5
Strømtangen Fyr;SN17000;15.08.2002;20
Strømtangen Fyr;SN17000;16.08.2002;20.6
Strømtangen Fyr;SN17000;17.08.2002;21.6
Strømtangen Fyr;SN17000;18.08.2002;21.2
Strømtangen Fyr;SN17000;19.08.2002;21.2
Strømtangen Fyr;SN17000;20.08.2002;20.5
Strømtangen Fyr;SN17000;21.08.2002;20.4
Strømtangen Fyr;SN17000;22.08.2002;21.8
Strømtangen Fyr;SN17000;23.08.2002;20.6
Strømtangen Fyr;SN17000;24.08.2002;21.1
Strømtangen Fyr;SN17000;25.08.2002;20.4
Strømtangen Fyr;SN17000;26.08.2002;20.2
Strømtangen Fyr;SN17000;27.08.2002;19.1
Strømtangen Fyr;SN17000;28.08.2002;20.2
Strømtangen Fyr;SN17000;29.08.2002;18.6
Strømtangen Fyr;SN17000;30.08.2002;18.9
Strømtangen Fyr;SN17000;31.08.2002;19
Strømtangen Fyr;SN17000;01.09.2002;17.3
Strømtangen Fyr;SN17000;02.09.2002;18.6
Strømtangen Fyr;SN17000;03.09.2002;17.7
Strømtangen Fyr;SN17000;04.09.2002;18.9
Strømtangen Fyr;SN17000;05.09.2002;17.8
Strømtangen Fyr;SN17000;06.09.2002;17.5
Strømtangen Fyr;SN17000;07.09.2002;17.7
Strømtangen Fyr;SN17000;08.09.2002;18.3
Strømtangen Fyr;SN17000;09.09.2002;19.1
Strømtangen Fyr;SN17000;10.09.2002;18.5
Strømtangen Fyr;SN17000;11.09.2002;16.6
Strømtangen Fyr;SN17000;12.09.2002;16.3
Strømtangen Fyr;SN17000;13.09.2002;17.1
Strømtangen Fyr;SN17000;14.09.2002;15.5
Strømtangen Fyr;SN17000;15.09.2002;12.5
Strømtangen Fyr;SN17000;16.09.2002;14.8
Strømtangen Fyr;SN17000;17.09.2002;14.4
Strømtangen Fyr;SN17000;18.09.2002;14.3
Strømtangen Fyr;SN17000;19.09.2002;12.4
Strømtangen Fyr;SN17000;20.09.2002;11.5
Strømtangen Fyr;SN17000;21.09.2002;10.4
Strømtangen Fyr;SN17000;22.09.2002;9.6
Strømtangen Fyr;SN17000;23.09.2002;8.8
Strømtangen Fyr;SN17000;24.09.2002;13.3
Strømtangen Fyr;SN17000;25.09.2002;10.8
Strømtangen Fyr;SN17000;26.09.2002;8.7
Strømtangen Fyr;SN17000;27.09.2002;10.6
Strømtangen Fyr;SN17000;28.09.2002;12.8
Strømtangen Fyr;SN17000;29.09.2002;14.3
Strømtangen Fyr;SN17000;30.09.2002;14.5
Strømtangen Fyr;SN17000;01.10.2002;12.5
Strømtangen Fyr;SN17000;02.10.2002;12
Strømtangen Fyr;SN17000;03.10.2002;12.7
Strømtangen Fyr;SN17000;04.10.2002;10.2
Strømtangen Fyr;SN17000;05.10.2002;7.6
Strømtangen Fyr;SN17000;06.10.2002;5.3
Strømtangen Fyr;SN17000;07.10.2002;3.2
Strømtangen Fyr;SN17000;08.10.2002;4.3
Strømtangen Fyr;SN17000;09.10.2002;4.8
Strømtangen Fyr;SN17000;10.10.2002;4.9
Strømtangen Fyr;SN17000;11.10.2002;4.2
Strømtangen Fyr;SN17000;12.10.2002;4.6
Strømtangen Fyr;SN17000;13.10.2002;4.8
Strømtangen Fyr;SN17000;14.10.2002;4.3
Strømtangen Fyr;SN17000;15.10.2002;3.3
Strømtangen Fyr;SN17000;16.10.2002;3
Strømtangen Fyr;SN17000;17.10.2002;1.7
Strømtangen Fyr;SN17000;18.10.2002;1
Strømtangen Fyr;SN17000;19.10.2002;1.5
Strømtangen Fyr;SN17000;20.10.2002;1.8
Strømtangen Fyr;SN17000;21.10.2002;3.1
Strømtangen Fyr;SN17000;22.10.2002;2.4
Strømtangen Fyr;SN17000;23.10.2002;7.2
Strømtangen Fyr;SN17000;24.10.2002;7.6
Strømtangen Fyr;SN17000;25.10.2002;7.9
Strømtangen Fyr;SN17000;26.10.2002;9.1
Strømtangen Fyr;SN17000;27.10.2002;6.7
Strømtangen Fyr;SN17000;28.10.2002;6.1
Strømtangen Fyr;SN17000;29.10.2002;5.9
Strømtangen Fyr;SN17000;30.10.2002;2.1
Strømtangen Fyr;SN17000;31.10.2002;7.4
Strømtangen Fyr;SN17000;01.11.2002;5.1
Strømtangen Fyr;SN17000;02.11.2002;-0.1
Strømtangen Fyr;SN17000;03.11.2002;-0.5
Strømtangen Fyr;SN17000;04.11.2002;1.4
Strømtangen Fyr;SN17000;05.11.2002;4.2
Strømtangen Fyr;SN17000;06.11.2002;5.3
Strømtangen Fyr;SN17000;07.11.2002;5.5
Strømtangen Fyr;SN17000;08.11.2002;3.3
Strømtangen Fyr;SN17000;09.11.2002;1.7
Strømtangen Fyr;SN17000;10.11.2002;-2.7
Strømtangen Fyr;SN17000;11.11.2002;-5.3
Strømtangen Fyr;SN17000;12.11.2002;-4.1
Strømtangen Fyr;SN17000;13.11.2002;-3.7
Strømtangen Fyr;SN17000;14.11.2002;-1.5
Strømtangen Fyr;SN17000;15.11.2002;1.3
Strømtangen Fyr;SN17000;16.11.2002;2.5
Strømtangen Fyr;SN17000;17.11.2002;2.2
Strømtangen Fyr;SN17000;18.11.2002;1.2
Strømtangen Fyr;SN17000;19.11.2002;-1.3
Strømtangen Fyr;SN17000;20.11.2002;-1.6
Strømtangen Fyr;SN17000;21.11.2002;-0.2
Strømtangen Fyr;SN17000;22.11.2002;-0.9
Strømtangen Fyr;SN17000;23.11.2002;0.3
Strømtangen Fyr;SN17000;24.11.2002;0.1
Strømtangen Fyr;SN17000;25.11.2002;1.1
Strømtangen Fyr;SN17000;26.11.2002;1.8
Strømtangen Fyr;SN17000;27.11.2002;-0.1
Strømtangen Fyr;SN17000;28.11.2002;1.5
Strømtangen Fyr;SN17000;29.11.2002;1.4
Strømtangen Fyr;SN17000;30.11.2002;-2.1
Strømtangen Fyr;SN17000;01.12.2002;-1.1
Strømtangen Fyr;SN17000;02.12.2002;-0.3
Strømtangen Fyr;SN17000;03.12.2002;1.4
Strømtangen Fyr;SN17000;04.12.2002;1.4
Strømtangen Fyr;SN17000;05.12.2002;-0.8
Strømtangen Fyr;SN17000;06.12.2002;-1.6
Strømtangen Fyr;SN17000;07.12.2002;-2.1
Strømtangen Fyr;SN17000;08.12.2002;-3.5
Strømtangen Fyr;SN17000;09.12.2002;-7.5
Strømtangen Fyr;SN17000;10.12.2002;-6
Strømtangen Fyr;SN17000;11.12.2002;-6.3
Strømtangen Fyr;SN17000;12.12.2002;-9.1
Strømtangen Fyr;SN17000;13.12.2002;-5.2
Strømtangen Fyr;SN17000;14.12.2002;-2.3
Strømtangen Fyr;SN17000;15.12.2002;-2.3
Strømtangen Fyr;SN17000;16.12.2002;-2.6
Strømtangen Fyr;SN17000;17.12.2002;-3.7
Strømtangen Fyr;SN17000;18.12.2002;-5.9
Strømtangen Fyr;SN17000;19.12.2002;-0.7
Strømtangen Fyr;SN17000;20.12.2002;1.7
Strømtangen Fyr;SN17000;21.12.2002;-3.7
Strømtangen Fyr;SN17000;22.12.2002;-9.4
Strømtangen Fyr;SN17000;23.12.2002;-7.8
Strømtangen Fyr;SN17000;24.12.2002;-5
Strømtangen Fyr;SN17000;25.12.2002;-2.6
Strømtangen Fyr;SN17000;26.12.2002;-1.7
Strømtangen Fyr;SN17000;27.12.2002;-1.8
Strømtangen Fyr;SN17000;28.12.2002;-2.1
Strømtangen Fyr;SN17000;29.12.2002;-5.5
Strømtangen Fyr;SN17000;30.12.2002;-10.8
Strømtangen Fyr;SN17000;31.12.2002;-10
Strømtangen Fyr;SN17000;01.01.2003;-2.3
Strømtangen Fyr;SN17000;02.01.2003;-7.6
Strømtangen Fyr;SN17000;03.01.2003;-12
Strømtangen Fyr;SN17000;04.01.2003;-14.3
Strømtangen Fyr;SN17000;05.01.2003;-11.9
Strømtangen Fyr;SN17000;06.01.2003;-13.1
Strømtangen Fyr;SN17000;07.01.2003;-8.1
Strømtangen Fyr;SN17000;08.01.2003;-9
Strømtangen Fyr;SN17000;09.01.2003;-10.1
Strømtangen Fyr;SN17000;10.01.2003;-6.4
Strømtangen Fyr;SN17000;11.01.2003;-0.1
Strømtangen Fyr;SN17000;12.01.2003;0.9
Strømtangen Fyr;SN17000;13.01.2003;0.9
Strømtangen Fyr;SN17000;14.01.2003;3.1
Strømtangen Fyr;SN17000;15.01.2003;3.2
Strømtangen Fyr;SN17000;16.01.2003;3.2
Strømtangen Fyr;SN17000;17.01.2003;3.9
Strømtangen Fyr;SN17000;18.01.2003;3.8
Strømtangen Fyr;SN17000;19.01.2003;2.3
Strømtangen Fyr;SN17000;20.01.2003;2.6
Strømtangen Fyr;SN17000;21.01.2003;3.2
Strømtangen Fyr;SN17000;22.01.2003;2.4
Strømtangen Fyr;SN17000;23.01.2003;0.7
Strømtangen Fyr;SN17000;24.01.2003;0
Strømtangen Fyr;SN17000;25.01.2003;3.2
Strømtangen Fyr;SN17000;26.01.2003;2.5
Strømtangen Fyr;SN17000;27.01.2003;2.9
Strømtangen Fyr;SN17000;28.01.2003;0.4
Strømtangen Fyr;SN17000;29.01.2003;-2.2
Strømtangen Fyr;SN17000;30.01.2003;-7.4
Strømtangen Fyr;SN17000;31.01.2003;-7.1
Strømtangen Fyr;SN17000;01.02.2003;0
Strømtangen Fyr;SN17000;02.02.2003;1.3
Strømtangen Fyr;SN17000;03.02.2003;1
Strømtangen Fyr;SN17000;04.02.2003;-0.3
Strømtangen Fyr;SN17000;05.02.2003;-5.4
Strømtangen Fyr;SN17000;06.02.2003;-6.7
Strømtangen Fyr;SN17000;07.02.2003;0.7
Strømtangen Fyr;SN17000;08.02.2003;1.8
Strømtangen Fyr;SN17000;09.02.2003;1.5
Strømtangen Fyr;SN17000;10.02.2003;0.2
Strømtangen Fyr;SN17000;11.02.2003;0.9
Strømtangen Fyr;SN17000;12.02.2003;0.8
Strømtangen Fyr;SN17000;13.02.2003;0
Strømtangen Fyr;SN17000;14.02.2003;-1.4
Strømtangen Fyr;SN17000;15.02.2003;-2.3
Strømtangen Fyr;SN17000;16.02.2003;-1.3
Strømtangen Fyr;SN17000;17.02.2003;-4.3
Strømtangen Fyr;SN17000;18.02.2003;-2.9
Strømtangen Fyr;SN17000;19.02.2003;-1.7
Strømtangen Fyr;SN17000;20.02.2003;0.2
Strømtangen Fyr;SN17000;21.02.2003;-1.5
Strømtangen Fyr;SN17000;22.02.2003;0
Strømtangen Fyr;SN17000;23.02.2003;-1
Strømtangen Fyr;SN17000;24.02.2003;-1.6
Strømtangen Fyr;SN17000;25.02.2003;-1.6
Strømtangen Fyr;SN17000;26.02.2003;-1.4
Strømtangen Fyr;SN17000;27.02.2003;-3.9
Strømtangen Fyr;SN17000;28.02.2003;-5.4
Strømtangen Fyr;SN17000;01.03.2003;-4.8
Strømtangen Fyr;SN17000;02.03.2003;-4.5
Strømtangen Fyr;SN17000;03.03.2003;-4.2
Strømtangen Fyr;SN17000;04.03.2003;-2.7
Strømtangen Fyr;SN17000;05.03.2003;-0.8
Strømtangen Fyr;SN17000;06.03.2003;0
Strømtangen Fyr;SN17000;07.03.2003;0.8
Strømtangen Fyr;SN17000;08.03.2003;1
Strømtangen Fyr;SN17000;09.03.2003;1.2
Strømtangen Fyr;SN17000;10.03.2003;3
Strømtangen Fyr;SN17000;11.03.2003;2.2
Strømtangen Fyr;SN17000;12.03.2003;3.7
Strømtangen Fyr;SN17000;13.03.2003;1
Strømtangen Fyr;SN17000;14.03.2003;0.6
Strømtangen Fyr;SN17000;15.03.2003;2.3
Strømtangen Fyr;SN17000;16.03.2003;2
Strømtangen Fyr;SN17000;17.03.2003;3.6
Strømtangen Fyr;SN17000;18.03.2003;1.6
Strømtangen Fyr;SN17000;19.03.2003;2.2
Strømtangen Fyr;SN17000;20.03.2003;2.1
Strømtangen Fyr;SN17000;21.03.2003;1.9
Strømtangen Fyr;SN17000;22.03.2003;3.2
Strømtangen Fyr;SN17000;23.03.2003;3.4
Strømtangen Fyr;SN17000;24.03.2003;0.7
Strømtangen Fyr;SN17000;25.03.2003;0.6
Strømtangen Fyr;SN17000;26.03.2003;1.3
Strømtangen Fyr;SN17000;27.03.2003;3.7
Strømtangen Fyr;SN17000;28.03.2003;3.3
Strømtangen Fyr;SN17000;29.03.2003;3.8
Strømtangen Fyr;SN17000;30.03.2003;5.3
Strømtangen Fyr;SN17000;31.03.2003;4.7
Strømtangen Fyr;SN17000;01.04.2003;4.2
Strømtangen Fyr;SN17000;02.04.2003;5.2
Strømtangen Fyr;SN17000;03.04.2003;4.8
Strømtangen Fyr;SN17000;04.04.2003;6.4
Strømtangen Fyr;SN17000;05.04.2003;3.9
Strømtangen Fyr;SN17000;06.04.2003;2.3
Strømtangen Fyr;SN17000;07.04.2003;1.6
Strømtangen Fyr;SN17000;08.04.2003;2.1
Strømtangen Fyr;SN17000;09.04.2003;4.8
Strømtangen Fyr;SN17000;10.04.2003;4.5
Strømtangen Fyr;SN17000;11.04.2003;2
Strømtangen Fyr;SN17000;12.04.2003;2.7
Strømtangen Fyr;SN17000;13.04.2003;3.1
Strømtangen Fyr;SN17000;14.04.2003;3.1
Strømtangen Fyr;SN17000;15.04.2003;5.2
Strømtangen Fyr;SN17000;16.04.2003;5.3
Strømtangen Fyr;SN17000;17.04.2003;9.9
Strømtangen Fyr;SN17000;18.04.2003;7.5
Strømtangen Fyr;SN17000;19.04.2003;8
Strømtangen Fyr;SN17000;20.04.2003;10.1
Strømtangen Fyr;SN17000;21.04.2003;10.7
Strømtangen Fyr;SN17000;22.04.2003;11.4
Strømtangen Fyr;SN17000;23.04.2003;10.8
Strømtangen Fyr;SN17000;24.04.2003;6.7
Strømtangen Fyr;SN17000;25.04.2003;5.1
Strømtangen Fyr;SN17000;26.04.2003;5.6
Strømtangen Fyr;SN17000;27.04.2003;2.9
Strømtangen Fyr;SN17000;28.04.2003;5.4
Strømtangen Fyr;SN17000;29.04.2003;5.9
Strømtangen Fyr;SN17000;30.04.2003;7.9
Strømtangen Fyr;SN17000;01.05.2003;7.8
Strømtangen Fyr;SN17000;02.05.2003;7.6
Strømtangen Fyr;SN17000;03.05.2003;3.7
Strømtangen Fyr;SN17000;04.05.2003;5.7
Strømtangen Fyr;SN17000;05.05.2003;9.4
Strømtangen Fyr;SN17000;06.05.2003;8.1
Strømtangen Fyr;SN17000;07.05.2003;8.4
Strømtangen Fyr;SN17000;08.05.2003;8.3
Strømtangen Fyr;SN17000;09.05.2003;8.8
Strømtangen Fyr;SN17000;10.05.2003;8.6
Strømtangen Fyr;SN17000;11.05.2003;8.8
Strømtangen Fyr;SN17000;12.05.2003;10.1
Strømtangen Fyr;SN17000;13.05.2003;9.2
Strømtangen Fyr;SN17000;14.05.2003;8.4
Strømtangen Fyr;SN17000;15.05.2003;8.8
Strømtangen Fyr;SN17000;16.05.2003;8.6
Strømtangen Fyr;SN17000;17.05.2003;8.4
Strømtangen Fyr;SN17000;18.05.2003;11.6
Strømtangen Fyr;SN17000;19.05.2003;10.8
Strømtangen Fyr;SN17000;20.05.2003;10.2
Strømtangen Fyr;SN17000;21.05.2003;10.7
Strømtangen Fyr;SN17000;22.05.2003;10.9
Strømtangen Fyr;SN17000;23.05.2003;10
Strømtangen Fyr;SN17000;24.05.2003;11.4
Strømtangen Fyr;SN17000;25.05.2003;13.2
Strømtangen Fyr;SN17000;26.05.2003;12.6
Strømtangen Fyr;SN17000;27.05.2003;12.3
Strømtangen Fyr;SN17000;28.05.2003;12.1
Strømtangen Fyr;SN17000;29.05.2003;12.9
Strømtangen Fyr;SN17000;30.05.2003;14.2
Strømtangen Fyr;SN17000;31.05.2003;14.9
Strømtangen Fyr;SN17000;01.06.2003;14.6
Strømtangen Fyr;SN17000;02.06.2003;15.7
Strømtangen Fyr;SN17000;03.06.2003;16.3
Strømtangen Fyr;SN17000;04.06.2003;17.4
Strømtangen Fyr;SN17000;05.06.2003;16.2
Strømtangen Fyr;SN17000;06.06.2003;15.6
Strømtangen Fyr;SN17000;07.06.2003;14.9
Strømtangen Fyr;SN17000;08.06.2003;15.2
Strømtangen Fyr;SN17000;09.06.2003;14.8
Strømtangen Fyr;SN17000;10.06.2003;14.8
Strømtangen Fyr;SN17000;11.06.2003;14.2
Strømtangen Fyr;SN17000;12.06.2003;15.4
Strømtangen Fyr;SN17000;13.06.2003;15.5
Strømtangen Fyr;SN17000;14.06.2003;15.7
Strømtangen Fyr;SN17000;15.06.2003;14.3
Strømtangen Fyr;SN17000;16.06.2003;14.7
Strømtangen Fyr;SN17000;17.06.2003;16
Strømtangen Fyr;SN17000;18.06.2003;16.3
Strømtangen Fyr;SN17000;19.06.2003;16.4
Strømtangen Fyr;SN17000;20.06.2003;16.3
Strømtangen Fyr;SN17000;21.06.2003;16.4
Strømtangen Fyr;SN17000;22.06.2003;16.1
Strømtangen Fyr;SN17000;23.06.2003;13.8
Strømtangen Fyr;SN17000;24.06.2003;14.3
Strømtangen Fyr;SN17000;25.06.2003;17.6
Strømtangen Fyr;SN17000;26.06.2003;19.2
Strømtangen Fyr;SN17000;27.06.2003;18.9
Strømtangen Fyr;SN17000;28.06.2003;18.8
Strømtangen Fyr;SN17000;29.06.2003;16.9
Strømtangen Fyr;SN17000;30.06.2003;15.7
Strømtangen Fyr;SN17000;01.07.2003;15.6
Strømtangen Fyr;SN17000;02.07.2003;15.7
Strømtangen Fyr;SN17000;03.07.2003;18.4
Strømtangen Fyr;SN17000;04.07.2003;18.1
Strømtangen Fyr;SN17000;05.07.2003;17.5
Strømtangen Fyr;SN17000;06.07.2003;19.1
Strømtangen Fyr;SN17000;07.07.2003;16.9
Strømtangen Fyr;SN17000;08.07.2003;17.2
Strømtangen Fyr;SN17000;09.07.2003;18
Strømtangen Fyr;SN17000;10.07.2003;18
Strømtangen Fyr;SN17000;11.07.2003;17.2
Strømtangen Fyr;SN17000;12.07.2003;18.7
Strømtangen Fyr;SN17000;13.07.2003;19.2
Strømtangen Fyr;SN17000;14.07.2003;19.6
Strømtangen Fyr;SN17000;15.07.2003;22.9
Strømtangen Fyr;SN17000;16.07.2003;24.1
Strømtangen Fyr;SN17000;17.07.2003;22.8
Strømtangen Fyr;SN17000;18.07.2003;21.2
Strømtangen Fyr;SN17000;19.07.2003;19.5
Strømtangen Fyr;SN17000;20.07.2003;20.3
Strømtangen Fyr;SN17000;21.07.2003;20.1
Strømtangen Fyr;SN17000;22.07.2003;19.6
Strømtangen Fyr;SN17000;23.07.2003;19.2
Strømtangen Fyr;SN17000;24.07.2003;19.7
Strømtangen Fyr;SN17000;25.07.2003;18.5
Strømtangen Fyr;SN17000;26.07.2003;18.8
Strømtangen Fyr;SN17000;27.07.2003;17.6
Strømtangen Fyr;SN17000;28.07.2003;18.6
Strømtangen Fyr;SN17000;29.07.2003;18.8
Strømtangen Fyr;SN17000;30.07.2003;18.7
Strømtangen Fyr;SN17000;31.07.2003;19.9
Strømtangen Fyr;SN17000;01.08.2003;20.2
Strømtangen Fyr;SN17000;02.08.2003;19.7
Strømtangen Fyr;SN17000;03.08.2003;19.6
Strømtangen Fyr;SN17000;04.08.2003;19.6
Strømtangen Fyr;SN17000;05.08.2003;19.6
Strømtangen Fyr;SN17000;06.08.2003;18.7
Strømtangen Fyr;SN17000;07.08.2003;20.9
Strømtangen Fyr;SN17000;08.08.2003;21.6
Strømtangen Fyr;SN17000;09.08.2003;20.6
Strømtangen Fyr;SN17000;10.08.2003;21.4
Strømtangen Fyr;SN17000;11.08.2003;21.6
Strømtangen Fyr;SN17000;12.08.2003;21.8
Strømtangen Fyr;SN17000;13.08.2003;19.1
Strømtangen Fyr;SN17000;14.08.2003;17.2
Strømtangen Fyr;SN17000;15.08.2003;18.5
Strømtangen Fyr;SN17000;16.08.2003;19.1
Strømtangen Fyr;SN17000;17.08.2003;18.5
Strømtangen Fyr;SN17000;18.08.2003;18.3
Strømtangen Fyr;SN17000;20.08.2003;18.2
Strømtangen Fyr;SN17000;21.08.2003;16.7
Strømtangen Fyr;SN17000;22.08.2003;18.1
Strømtangen Fyr;SN17000;23.08.2003;18
Strømtangen Fyr;SN17000;24.08.2003;19.3
Strømtangen Fyr;SN17000;25.08.2003;16
Strømtangen Fyr;SN17000;26.08.2003;14.2
Strømtangen Fyr;SN17000;27.08.2003;12
Strømtangen Fyr;SN17000;28.08.2003;13.9
Strømtangen Fyr;SN17000;29.08.2003;14.3
Strømtangen Fyr;SN17000;30.08.2003;14
Strømtangen Fyr;SN17000;31.08.2003;12.5
Strømtangen Fyr;SN17000;01.10.2003;13.1
Strømtangen Fyr;SN17000;02.10.2003;11.5
Strømtangen Fyr;SN17000;03.10.2003;12.8
Strømtangen Fyr;SN17000;04.10.2003;10.8
Strømtangen Fyr;SN17000;05.10.2003;9.4
Strømtangen Fyr;SN17000;06.10.2003;8.5
Strømtangen Fyr;SN17000;07.10.2003;8.2
Strømtangen Fyr;SN17000;08.10.2003;8.4
Strømtangen Fyr;SN17000;09.10.2003;9.5
Strømtangen Fyr;SN17000;10.10.2003;11.5
Strømtangen Fyr;SN17000;11.10.2003;10.8
Strømtangen Fyr;SN17000;12.10.2003;10
Strømtangen Fyr;SN17000;13.10.2003;6.3
Strømtangen Fyr;SN17000;14.10.2003;5.6
Strømtangen Fyr;SN17000;15.10.2003;5.7
Strømtangen Fyr;SN17000;16.10.2003;5.2
Strømtangen Fyr;SN17000;17.10.2003;3.4
Strømtangen Fyr;SN17000;18.10.2003;2.7
Strømtangen Fyr;SN17000;19.10.2003;2.5
Strømtangen Fyr;SN17000;20.10.2003;1.7
Strømtangen Fyr;SN17000;21.10.2003;0.9
Strømtangen Fyr;SN17000;22.10.2003;-0.4
Strømtangen Fyr;SN17000;23.10.2003;-1.6
Strømtangen Fyr;SN17000;24.10.2003;2.8
Strømtangen Fyr;SN17000;25.10.2003;3
Strømtangen Fyr;SN17000;26.10.2003;3.1
Strømtangen Fyr;SN17000;27.10.2003;8
Strømtangen Fyr;SN17000;28.10.2003;11
Strømtangen Fyr;SN17000;29.10.2003;6.9
Strømtangen Fyr;SN17000;30.10.2003;3.7
Strømtangen Fyr;SN17000;31.10.2003;3.4
Strømtangen Fyr;SN17000;01.12.2003;6.6
Strømtangen Fyr;SN17000;02.12.2003;5.6
Strømtangen Fyr;SN17000;03.12.2003;5.5
Strømtangen Fyr;SN17000;04.12.2003;7
Strømtangen Fyr;SN17000;05.12.2003;6.3
Strømtangen Fyr;SN17000;06.12.2003;1.8
Strømtangen Fyr;SN17000;07.12.2003;4.4
Strømtangen Fyr;SN17000;08.12.2003;4.7
Strømtangen Fyr;SN17000;09.12.2003;2.9
Strømtangen Fyr;SN17000;10.12.2003;6.5
Strømtangen Fyr;SN17000;11.12.2003;4.9
Strømtangen Fyr;SN17000;12.12.2003;2.3
Strømtangen Fyr;SN17000;13.12.2003;2.7
Strømtangen Fyr;SN17000;14.12.2003;4.3
Strømtangen Fyr;SN17000;15.12.2003;3.2
Strømtangen Fyr;SN17000;16.12.2003;3
Strømtangen Fyr;SN17000;17.12.2003;6.8
Strømtangen Fyr;SN17000;18.12.2003;7.6
Strømtangen Fyr;SN17000;19.12.2003;7.1
Strømtangen Fyr;SN17000;20.12.2003;3
Strømtangen Fyr;SN17000;21.12.2003;-1.4
Strømtangen Fyr;SN17000;22.12.2003;-2.8
Strømtangen Fyr;SN17000;23.12.2003;-4.3
Strømtangen Fyr;SN17000;24.12.2003;7
Strømtangen Fyr;SN17000;25.12.2003;7.4
Strømtangen Fyr;SN17000;26.12.2003;6.4
Strømtangen Fyr;SN17000;27.12.2003;6.6
Strømtangen Fyr;SN17000;28.12.2003;2.8
Strømtangen Fyr;SN17000;29.12.2003;-1.1
Strømtangen Fyr;SN17000;30.12.2003;-6
Strømtangen Fyr;SN17000;31.12.2003;-6.4
Strømtangen Fyr;SN17000;01.01.2004;-5
Strømtangen Fyr;SN17000;02.01.2004;-5.4
Strømtangen Fyr;SN17000;03.01.2004;-2.1
Strømtangen Fyr;SN17000;04.01.2004;1.2
Strømtangen Fyr;SN17000;05.01.2004;0.2
Strømtangen Fyr;SN17000;06.01.2004;-0.6
Strømtangen Fyr;SN17000;07.01.2004;-1
Strømtangen Fyr;SN17000;08.01.2004;-0.1
Strømtangen Fyr;SN17000;09.01.2004;1
Strømtangen Fyr;SN17000;10.01.2004;-1.6
Strømtangen Fyr;SN17000;11.01.2004;2
Strømtangen Fyr;SN17000;12.01.2004;3.5
Strømtangen Fyr;SN17000;13.01.2004;3.1
Strømtangen Fyr;SN17000;14.01.2004;1.2
Strømtangen Fyr;SN17000;15.01.2004;-1.5
Strømtangen Fyr;SN17000;16.01.2004;-4.1
Strømtangen Fyr;SN17000;17.01.2004;-7.4
Strømtangen Fyr;SN17000;18.01.2004;-2
Strømtangen Fyr;SN17000;19.01.2004;-2.4
Strømtangen Fyr;SN17000;20.01.2004;-6.7
Strømtangen Fyr;SN17000;21.01.2004;-10.2
Strømtangen Fyr;SN17000;22.01.2004;-6.1
Strømtangen Fyr;SN17000;23.01.2004;1.5
Strømtangen Fyr;SN17000;24.01.2004;1.2
Strømtangen Fyr;SN17000;25.01.2004;-2.1
Strømtangen Fyr;SN17000;26.01.2004;0.8
Strømtangen Fyr;SN17000;27.01.2004;0
Strømtangen Fyr;SN17000;28.01.2004;-1.1
Strømtangen Fyr;SN17000;29.01.2004;-1.1
Strømtangen Fyr;SN17000;30.01.2004;-1.8
Strømtangen Fyr;SN17000;31.01.2004;-0.7
Strømtangen Fyr;SN17000;01.02.2004;-3.2
Strømtangen Fyr;SN17000;02.02.2004;0.8
Strømtangen Fyr;SN17000;03.02.2004;3.3
Strømtangen Fyr;SN17000;04.02.2004;4.7
Strømtangen Fyr;SN17000;05.02.2004;3.7
Strømtangen Fyr;SN17000;06.02.2004;3.6
Strømtangen Fyr;SN17000;07.02.2004;0.4
Strømtangen Fyr;SN17000;08.02.2004;-2.7
Strømtangen Fyr;SN17000;09.02.2004;-1.2
Strømtangen Fyr;SN17000;10.02.2004;-0.6
Strømtangen Fyr;SN17000;11.02.2004;-2.8
Strømtangen Fyr;SN17000;12.02.2004;1.1
Strømtangen Fyr;SN17000;13.02.2004;-0.1
Strømtangen Fyr;SN17000;14.02.2004;-0.1
Strømtangen Fyr;SN17000;15.02.2004;0.3
Strømtangen Fyr;SN17000;16.02.2004;0.6
Strømtangen Fyr;SN17000;17.02.2004;2.6
Strømtangen Fyr;SN17000;18.02.2004;2.1
Strømtangen Fyr;SN17000;19.02.2004;-0.3
Strømtangen Fyr;SN17000;20.02.2004;1.7
Strømtangen Fyr;SN17000;21.02.2004;2.8
Strømtangen Fyr;SN17000;22.02.2004;0.1
Strømtangen Fyr;SN17000;23.02.2004;0
Strømtangen Fyr;SN17000;24.02.2004;3.1
Strømtangen Fyr;SN17000;25.02.2004;1
Strømtangen Fyr;SN17000;26.02.2004;-0.8
Strømtangen Fyr;SN17000;27.02.2004;-3.8
Strømtangen Fyr;SN17000;28.02.2004;-2.4
Strømtangen Fyr;SN17000;29.02.2004;-2.5
Strømtangen Fyr;SN17000;01.03.2004;3
Strømtangen Fyr;SN17000;02.03.2004;4.2
Strømtangen Fyr;SN17000;03.03.2004;-1.8
Strømtangen Fyr;SN17000;04.03.2004;-4.5
Strømtangen Fyr;SN17000;05.03.2004;-1.4
Strømtangen Fyr;SN17000;06.03.2004;0.4
Strømtangen Fyr;SN17000;07.03.2004;1.2
Strømtangen Fyr;SN17000;08.03.2004;2.2
Strømtangen Fyr;SN17000;09.03.2004;0.6
Strømtangen Fyr;SN17000;10.03.2004;2.1
Strømtangen Fyr;SN17000;11.03.2004;-0.2
Strømtangen Fyr;SN17000;12.03.2004;-0.1
Strømtangen Fyr;SN17000;13.03.2004;0.1
Strømtangen Fyr;SN17000;14.03.2004;2.8
Strømtangen Fyr;SN17000;15.03.2004;3.8
Strømtangen Fyr;SN17000;16.03.2004;3.7
Strømtangen Fyr;SN17000;17.03.2004;4.2
Strømtangen Fyr;SN17000;18.03.2004;3.7
Strømtangen Fyr;SN17000;19.03.2004;4.1
Strømtangen Fyr;SN17000;20.03.2004;3.2
Strømtangen Fyr;SN17000;21.03.2004;2.5
Strømtangen Fyr;SN17000;22.03.2004;3.2
Strømtangen Fyr;SN17000;23.03.2004;2.1
Strømtangen Fyr;SN17000;24.03.2004;1.6
Strømtangen Fyr;SN17000;25.03.2004;0.4
Strømtangen Fyr;SN17000;26.03.2004;1.1
Strømtangen Fyr;SN17000;27.03.2004;4.7
Strømtangen Fyr;SN17000;28.03.2004;3.9
Strømtangen Fyr;SN17000;29.03.2004;4
Strømtangen Fyr;SN17000;30.03.2004;3.5
Strømtangen Fyr;SN17000;31.03.2004;6.4
Strømtangen Fyr;SN17000;01.04.2004;5.6
Strømtangen Fyr;SN17000;02.04.2004;3.3
Strømtangen Fyr;SN17000;03.04.2004;3.2
Strømtangen Fyr;SN17000;04.04.2004;5.3
Strømtangen Fyr;SN17000;05.04.2004;5.2
Strømtangen Fyr;SN17000;06.04.2004;4.9
Strømtangen Fyr;SN17000;07.04.2004;4.7
Strømtangen Fyr;SN17000;08.04.2004;6.9
Strømtangen Fyr;SN17000;09.04.2004;5.5
Strømtangen Fyr;SN17000;10.04.2004;5.9
Strømtangen Fyr;SN17000;11.04.2004;5.7
Strømtangen Fyr;SN17000;12.04.2004;4.8
Strømtangen Fyr;SN17000;13.04.2004;4.7
Strømtangen Fyr;SN17000;14.04.2004;6
Strømtangen Fyr;SN17000;15.04.2004;4.3
Strømtangen Fyr;SN17000;16.04.2004;6.3
Strømtangen Fyr;SN17000;17.04.2004;8.3
Strømtangen Fyr;SN17000;18.04.2004;10.5
Strømtangen Fyr;SN17000;19.04.2004;11
Strømtangen Fyr;SN17000;20.04.2004;8.4
Strømtangen Fyr;SN17000;21.04.2004;7
Strømtangen Fyr;SN17000;22.04.2004;7.1
Strømtangen Fyr;SN17000;23.04.2004;8
Strømtangen Fyr;SN17000;24.04.2004;8.5
Strømtangen Fyr;SN17000;25.04.2004;8.8
Strømtangen Fyr;SN17000;26.04.2004;7.9
Strømtangen Fyr;SN17000;27.04.2004;8.5
Strømtangen Fyr;SN17000;28.04.2004;8.7
Strømtangen Fyr;SN17000;29.04.2004;9.5
Strømtangen Fyr;SN17000;30.04.2004;9.9
Strømtangen Fyr;SN17000;01.05.2004;10.6
Strømtangen Fyr;SN17000;02.05.2004;10.1
Strømtangen Fyr;SN17000;03.05.2004;9.8
Strømtangen Fyr;SN17000;04.05.2004;10.2
Strømtangen Fyr;SN17000;05.05.2004;12.6
Strømtangen Fyr;SN17000;06.05.2004;14.7
Strømtangen Fyr;SN17000;07.05.2004;17.2
Strømtangen Fyr;SN17000;08.05.2004;16.9
Strømtangen Fyr;SN17000;09.05.2004;17.7
Strømtangen Fyr;SN17000;10.05.2004;15.8
Strømtangen Fyr;SN17000;11.05.2004;10.5
Strømtangen Fyr;SN17000;12.05.2004;9.5
Strømtangen Fyr;SN17000;13.05.2004;9.5
Strømtangen Fyr;SN17000;14.05.2004;11.3
Strømtangen Fyr;SN17000;15.05.2004;11.4
Strømtangen Fyr;SN17000;16.05.2004;11.5
Strømtangen Fyr;SN17000;17.05.2004;12.5
Strømtangen Fyr;SN17000;18.05.2004;12.3
Strømtangen Fyr;SN17000;19.05.2004;12.7
Strømtangen Fyr;SN17000;20.05.2004;10.2
Strømtangen Fyr;SN17000;21.05.2004;9
Strømtangen Fyr;SN17000;22.05.2004;8.6
Strømtangen Fyr;SN17000;23.05.2004;9
Strømtangen Fyr;SN17000;24.05.2004;10.1
Strømtangen Fyr;SN17000;25.05.2004;10.1
Strømtangen Fyr;SN17000;26.05.2004;10.1
Strømtangen Fyr;SN17000;27.05.2004;11.2
Strømtangen Fyr;SN17000;28.05.2004;10.8
Strømtangen Fyr;SN17000;29.05.2004;10.6
Strømtangen Fyr;SN17000;30.05.2004;13.8
Strømtangen Fyr;SN17000;31.05.2004;13.6
Strømtangen Fyr;SN17000;01.06.2004;14
Strømtangen Fyr;SN17000;02.06.2004;15.2
Strømtangen Fyr;SN17000;03.06.2004;14.9
Strømtangen Fyr;SN17000;04.06.2004;12.9
Strømtangen Fyr;SN17000;05.06.2004;13.3
Strømtangen Fyr;SN17000;06.06.2004;15.2
Strømtangen Fyr;SN17000;07.06.2004;14.9
Strømtangen Fyr;SN17000;08.06.2004;12.8
Strømtangen Fyr;SN17000;09.06.2004;13.5
Strømtangen Fyr;SN17000;10.06.2004;15.1
Strømtangen Fyr;SN17000;11.06.2004;15.1
Strømtangen Fyr;SN17000;12.06.2004;16
Strømtangen Fyr;SN17000;13.06.2004;15.8
Strømtangen Fyr;SN17000;14.06.2004;16.5
Strømtangen Fyr;SN17000;15.06.2004;15.6
Strømtangen Fyr;SN17000;16.06.2004;14.1
Strømtangen Fyr;SN17000;17.06.2004;14.3
Strømtangen Fyr;SN17000;18.06.2004;13.3
Strømtangen Fyr;SN17000;19.06.2004;10.6
Strømtangen Fyr;SN17000;20.06.2004;10.7
Strømtangen Fyr;SN17000;21.06.2004;12.9
Strømtangen Fyr;SN17000;22.06.2004;12.7
Strømtangen Fyr;SN17000;23.06.2004;14.8
Strømtangen Fyr;SN17000;24.06.2004;13
Strømtangen Fyr;SN17000;25.06.2004;13.9
Strømtangen Fyr;SN17000;26.06.2004;14.9
Strømtangen Fyr;SN17000;27.06.2004;13.4
Strømtangen Fyr;SN17000;28.06.2004;14.4
Strømtangen Fyr;SN17000;29.06.2004;15.7
Strømtangen Fyr;SN17000;30.06.2004;15.3
Strømtangen Fyr;SN17000;01.07.2004;14.7
Strømtangen Fyr;SN17000;02.07.2004;14.8
Strømtangen Fyr;SN17000;03.07.2004;14.7
Strømtangen Fyr;SN17000;04.07.2004;14.8
Strømtangen Fyr;SN17000;05.07.2004;15.2
Strømtangen Fyr;SN17000;06.07.2004;16.4
Strømtangen Fyr;SN17000;07.07.2004;15.9
Strømtangen Fyr;SN17000;08.07.2004;15.8
Strømtangen Fyr;SN17000;09.07.2004;14.6
Strømtangen Fyr;SN17000;10.07.2004;14.8
Strømtangen Fyr;SN17000;11.07.2004;16.8
Strømtangen Fyr;SN17000;12.07.2004;16.4
Strømtangen Fyr;SN17000;13.07.2004;15.4
Strømtangen Fyr;SN17000;14.07.2004;14.5
Strømtangen Fyr;SN17000;15.07.2004;15
Strømtangen Fyr;SN17000;16.07.2004;15.9
Strømtangen Fyr;SN17000;17.07.2004;16.3
Strømtangen Fyr;SN17000;18.07.2004;15.4
Strømtangen Fyr;SN17000;19.07.2004;16
Strømtangen Fyr;SN17000;20.07.2004;15.9
Strømtangen Fyr;SN17000;21.07.2004;17.2
Strømtangen Fyr;SN17000;22.07.2004;16.1
Strømtangen Fyr;SN17000;23.07.2004;18.4
Strømtangen Fyr;SN17000;24.07.2004;17
Strømtangen Fyr;SN17000;25.07.2004;15.4
Strømtangen Fyr;SN17000;26.07.2004;15.4
Strømtangen Fyr;SN17000;27.07.2004;15.5
Strømtangen Fyr;SN17000;28.07.2004;16.7
Strømtangen Fyr;SN17000;29.07.2004;17.1
Strømtangen Fyr;SN17000;30.07.2004;17.7
Strømtangen Fyr;SN17000;31.07.2004;19.6
Strømtangen Fyr;SN17000;01.08.2004;21.2
Strømtangen Fyr;SN17000;02.08.2004;21.1
Strømtangen Fyr;SN17000;03.08.2004;18.3
Strømtangen Fyr;SN17000;04.08.2004;19.5
Strømtangen Fyr;SN17000;05.08.2004;19.5
Strømtangen Fyr;SN17000;06.08.2004;21
Strømtangen Fyr;SN17000;07.08.2004;21.4
Strømtangen Fyr;SN17000;08.08.2004;20.9
Strømtangen Fyr;SN17000;09.08.2004;22.3
Strømtangen Fyr;SN17000;10.08.2004;22.4
Strømtangen Fyr;SN17000;11.08.2004;22.2
Strømtangen Fyr;SN17000;12.08.2004;22.1
Strømtangen Fyr;SN17000;13.08.2004;19.6
Strømtangen Fyr;SN17000;14.08.2004;19.3
Strømtangen Fyr;SN17000;15.08.2004;19.6
Strømtangen Fyr;SN17000;16.08.2004;18.2
Strømtangen Fyr;SN17000;17.08.2004;17.9
Strømtangen Fyr;SN17000;18.08.2004;18.3
Strømtangen Fyr;SN17000;19.08.2004;18.9
Strømtangen Fyr;SN17000;20.08.2004;18.2
Strømtangen Fyr;SN17000;21.08.2004;17.4
Strømtangen Fyr;SN17000;22.08.2004;13.6
Strømtangen Fyr;SN17000;23.08.2004;13.9
Strømtangen Fyr;SN17000;24.08.2004;15.1
Strømtangen Fyr;SN17000;25.08.2004;15.5
Strømtangen Fyr;SN17000;26.08.2004;14.8
Strømtangen Fyr;SN17000;27.08.2004;14.9
Strømtangen Fyr;SN17000;28.08.2004;16.1
Strømtangen Fyr;SN17000;29.08.2004;15.5
Strømtangen Fyr;SN17000;30.08.2004;14.3
Strømtangen Fyr;SN17000;31.08.2004;13.6
Strømtangen Fyr;SN17000;01.09.2004;14.8
Strømtangen Fyr;SN17000;02.09.2004;14.3
Strømtangen Fyr;SN17000;03.09.2004;15.9
Strømtangen Fyr;SN17000;04.09.2004;16.1
Strømtangen Fyr;SN17000;05.09.2004;17.2
Strømtangen Fyr;SN17000;06.09.2004;17.5
Strømtangen Fyr;SN17000;07.09.2004;15.7
Strømtangen Fyr;SN17000;08.09.2004;14.2
Strømtangen Fyr;SN17000;09.09.2004;15.7
Strømtangen Fyr;SN17000;10.09.2004;16.2
Strømtangen Fyr;SN17000;11.09.2004;16.1
Strømtangen Fyr;SN17000;12.09.2004;15.9
Strømtangen Fyr;SN17000;13.09.2004;15.5
Strømtangen Fyr;SN17000;14.09.2004;14.5
Strømtangen Fyr;SN17000;15.09.2004;11.7
Strømtangen Fyr;SN17000;16.09.2004;12.1
Strømtangen Fyr;SN17000;17.09.2004;14.9
Strømtangen Fyr;SN17000;18.09.2004;14.8
Strømtangen Fyr;SN17000;19.09.2004;14.6
Strømtangen Fyr;SN17000;20.09.2004;13.9
Strømtangen Fyr;SN17000;21.09.2004;13.2
Strømtangen Fyr;SN17000;22.09.2004;13
Strømtangen Fyr;SN17000;23.09.2004;12.7
Strømtangen Fyr;SN17000;24.09.2004;12.8
Strømtangen Fyr;SN17000;25.09.2004;13
Strømtangen Fyr;SN17000;26.09.2004;12.2
Strømtangen Fyr;SN17000;27.09.2004;14.7
Strømtangen Fyr;SN17000;28.09.2004;12.5
Strømtangen Fyr;SN17000;29.09.2004;11.3
Strømtangen Fyr;SN17000;30.09.2004;9.9
Strømtangen Fyr;SN17000;01.10.2004;9.9
Strømtangen Fyr;SN17000;02.10.2004;11.3
Strømtangen Fyr;SN17000;03.10.2004;11.9
Strømtangen Fyr;SN17000;04.10.2004;12.4
Strømtangen Fyr;SN17000;05.10.2004;12.8
Strømtangen Fyr;SN17000;06.10.2004;10.9
Strømtangen Fyr;SN17000;07.10.2004;12.2
Strømtangen Fyr;SN17000;08.10.2004;10.5
Strømtangen Fyr;SN17000;09.10.2004;8.2
Strømtangen Fyr;SN17000;10.10.2004;7.6
Strømtangen Fyr;SN17000;11.10.2004;6.6
Strømtangen Fyr;SN17000;12.10.2004;7
Strømtangen Fyr;SN17000;13.10.2004;7
Strømtangen Fyr;SN17000;14.10.2004;7.6
Strømtangen Fyr;SN17000;15.10.2004;7.6
Strømtangen Fyr;SN17000;16.10.2004;8.6
Strømtangen Fyr;SN17000;17.10.2004;8.5
Strømtangen Fyr;SN17000;18.10.2004;7.9
Strømtangen Fyr;SN17000;19.10.2004;7.8
Strømtangen Fyr;SN17000;20.10.2004;7.9
Strømtangen Fyr;SN17000;21.10.2004;9.4
Strømtangen Fyr;SN17000;22.10.2004;11.2
Strømtangen Fyr;SN17000;23.10.2004;8.8
Strømtangen Fyr;SN17000;24.10.2004;8.1
Strømtangen Fyr;SN17000;25.10.2004;9.6
Strømtangen Fyr;SN17000;26.10.2004;9.2
Strømtangen Fyr;SN17000;27.10.2004;4.7
Strømtangen Fyr;SN17000;28.10.2004;3.1
Strømtangen Fyr;SN17000;29.10.2004;5.9
Strømtangen Fyr;SN17000;30.10.2004;5.9
Strømtangen Fyr;SN17000;31.10.2004;8.1
Strømtangen Fyr;SN17000;01.11.2004;8
Strømtangen Fyr;SN17000;02.11.2004;5.5
Strømtangen Fyr;SN17000;03.11.2004;7.9
Strømtangen Fyr;SN17000;04.11.2004;9.9
Strømtangen Fyr;SN17000;05.11.2004;8.4
Strømtangen Fyr;SN17000;06.11.2004;7.9
Strømtangen Fyr;SN17000;07.11.2004;6.2
Strømtangen Fyr;SN17000;08.11.2004;6.4
Strømtangen Fyr;SN17000;09.11.2004;7.3
Strømtangen Fyr;SN17000;10.11.2004;4.4
Strømtangen Fyr;SN17000;11.11.2004;7.5
Strømtangen Fyr;SN17000;12.11.2004;9.1
Strømtangen Fyr;SN17000;13.11.2004;6
Strømtangen Fyr;SN17000;14.11.2004;7.5
Strømtangen Fyr;SN17000;15.11.2004;9.5
Strømtangen Fyr;SN17000;16.11.2004;5.1
Strømtangen Fyr;SN17000;17.11.2004;1.6
Strømtangen Fyr;SN17000;18.11.2004;-0.4
Strømtangen Fyr;SN17000;19.11.2004;-0.8
Strømtangen Fyr;SN17000;20.11.2004;0.5
Strømtangen Fyr;SN17000;21.11.2004;-2.3
Strømtangen Fyr;SN17000;22.11.2004;0.5
Strømtangen Fyr;SN17000;23.11.2004;-0.5
Strømtangen Fyr;SN17000;24.11.2004;2.9
Strømtangen Fyr;SN17000;25.11.2004;5.3
Strømtangen Fyr;SN17000;26.11.2004;1
Strømtangen Fyr;SN17000;27.11.2004;-2
Strømtangen Fyr;SN17000;28.11.2004;-0.8
Strømtangen Fyr;SN17000;29.11.2004;-2.7
Strømtangen Fyr;SN17000;30.11.2004;5.6
Strømtangen Fyr;SN17000;01.12.2004;4.7
Strømtangen Fyr;SN17000;02.12.2004;-1.3
Strømtangen Fyr;SN17000;03.12.2004;2.4
Strømtangen Fyr;SN17000;04.12.2004;7.3
Strømtangen Fyr;SN17000;05.12.2004;8.7
Strømtangen Fyr;SN17000;06.12.2004;7.2
Strømtangen Fyr;SN17000;07.12.2004;8.4
Strømtangen Fyr;SN17000;08.12.2004;5.1
Strømtangen Fyr;SN17000;09.12.2004;5.5
Strømtangen Fyr;SN17000;10.12.2004;6
Strømtangen Fyr;SN17000;11.12.2004;5.4
Strømtangen Fyr;SN17000;12.12.2004;2.9
Strømtangen Fyr;SN17000;13.12.2004;1.8
Strømtangen Fyr;SN17000;14.12.2004;6.3
Strømtangen Fyr;SN17000;15.12.2004;7.6
Strømtangen Fyr;SN17000;16.12.2004;7
Strømtangen Fyr;SN17000;17.12.2004;6.6
Strømtangen Fyr;SN17000;18.12.2004;3.4
Strømtangen Fyr;SN17000;19.12.2004;0.3
Strømtangen Fyr;SN17000;20.12.2004;-2.8
Strømtangen Fyr;SN17000;21.12.2004;1.1
Strømtangen Fyr;SN17000;22.12.2004;6.2
Strømtangen Fyr;SN17000;23.12.2004;5.8
Strømtangen Fyr;SN17000;24.12.2004;2.1
Strømtangen Fyr;SN17000;25.12.2004;-0.1
Strømtangen Fyr;SN17000;26.12.2004;-2
Strømtangen Fyr;SN17000;27.12.2004;1.4
Strømtangen Fyr;SN17000;28.12.2004;2.6
Strømtangen Fyr;SN17000;29.12.2004;1.5
Strømtangen Fyr;SN17000;30.12.2004;6.9
Strømtangen Fyr;SN17000;31.12.2004;2.6
Strømtangen Fyr;SN17000;01.01.2005;4.4
Strømtangen Fyr;SN17000;02.01.2005;4.9
Strømtangen Fyr;SN17000;03.01.2005;4.4
Strømtangen Fyr;SN17000;04.01.2005;4.9
Strømtangen Fyr;SN17000;05.01.2005;5.6
Strømtangen Fyr;SN17000;06.01.2005;5.7
Strømtangen Fyr;SN17000;07.01.2005;7.1
Strømtangen Fyr;SN17000;08.01.2005;6.3
Strømtangen Fyr;SN17000;09.01.2005;5.2
Strømtangen Fyr;SN17000;10.01.2005;7.4
Strømtangen Fyr;SN17000;11.01.2005;6.8
Strømtangen Fyr;SN17000;12.01.2005;6.5
Strømtangen Fyr;SN17000;13.01.2005;5.9
Strømtangen Fyr;SN17000;14.01.2005;2
Strømtangen Fyr;SN17000;15.01.2005;2.4
Strømtangen Fyr;SN17000;16.01.2005;5.9
Strømtangen Fyr;SN17000;17.01.2005;6.3
Strømtangen Fyr;SN17000;18.01.2005;4.9
Strømtangen Fyr;SN17000;19.01.2005;2.7
Strømtangen Fyr;SN17000;20.01.2005;1.1
Strømtangen Fyr;SN17000;21.01.2005;0.3
Strømtangen Fyr;SN17000;22.01.2005;1.2
Strømtangen Fyr;SN17000;23.01.2005;0.3
Strømtangen Fyr;SN17000;24.01.2005;-0.1
Strømtangen Fyr;SN17000;25.01.2005;-2.5
Strømtangen Fyr;SN17000;26.01.2005;-0.8
Strømtangen Fyr;SN17000;27.01.2005;-0.5
Strømtangen Fyr;SN17000;28.01.2005;-0.2
Strømtangen Fyr;SN17000;29.01.2005;1.4
Strømtangen Fyr;SN17000;30.01.2005;3.5
Strømtangen Fyr;SN17000;31.01.2005;4.7
Strømtangen Fyr;SN17000;01.02.2005;4.2
Strømtangen Fyr;SN17000;02.02.2005;3.5
Strømtangen Fyr;SN17000;03.02.2005;1.7
Strømtangen Fyr;SN17000;04.02.2005;3.8
Strømtangen Fyr;SN17000;05.02.2005;4.3
Strømtangen Fyr;SN17000;06.02.2005;1.3
Strømtangen Fyr;SN17000;07.02.2005;-1
Strømtangen Fyr;SN17000;08.02.2005;-1.3
Strømtangen Fyr;SN17000;09.02.2005;1.4
Strømtangen Fyr;SN17000;10.02.2005;3.6
Strømtangen Fyr;SN17000;11.02.2005;2.9
Strømtangen Fyr;SN17000;12.02.2005;2
Strømtangen Fyr;SN17000;13.02.2005;0.4
Strømtangen Fyr;SN17000;14.02.2005;-0.5
Strømtangen Fyr;SN17000;15.02.2005;-2.4
Strømtangen Fyr;SN17000;16.02.2005;-4.4
Strømtangen Fyr;SN17000;17.02.2005;0.2
Strømtangen Fyr;SN17000;18.02.2005;2.4
Strømtangen Fyr;SN17000;19.02.2005;1.9
Strømtangen Fyr;SN17000;20.02.2005;1.5
Strømtangen Fyr;SN17000;21.02.2005;1.1
Strømtangen Fyr;SN17000;22.02.2005;-3.5
Strømtangen Fyr;SN17000;23.02.2005;-6.8
Strømtangen Fyr;SN17000;24.02.2005;-5.2
Strømtangen Fyr;SN17000;25.02.2005;-1.3
Strømtangen Fyr;SN17000;26.02.2005;-1.2
Strømtangen Fyr;SN17000;27.02.2005;-2.9
Strømtangen Fyr;SN17000;28.02.2005;-0.4
Strømtangen Fyr;SN17000;01.03.2005;-6.8
Strømtangen Fyr;SN17000;02.03.2005;-8.2
Strømtangen Fyr;SN17000;03.03.2005;-5.3
Strømtangen Fyr;SN17000;04.03.2005;-0.1
Strømtangen Fyr;SN17000;05.03.2005;-1.9
Strømtangen Fyr;SN17000;06.03.2005;-2.4
Strømtangen Fyr;SN17000;07.03.2005;2
Strømtangen Fyr;SN17000;08.03.2005;2.5
Strømtangen Fyr;SN17000;09.03.2005;0.6
Strømtangen Fyr;SN17000;10.03.2005;0.3
Strømtangen Fyr;SN17000;11.03.2005;1.5
Strømtangen Fyr;SN17000;12.03.2005;-3.2
Strømtangen Fyr;SN17000;13.03.2005;-5.2
Strømtangen Fyr;SN17000;14.03.2005;-4.2
Strømtangen Fyr;SN17000;15.03.2005;-3.5
Strømtangen Fyr;SN17000;16.03.2005;-1.1
Strømtangen Fyr;SN17000;17.03.2005;1.2
Strømtangen Fyr;SN17000;18.03.2005;0.6
Strømtangen Fyr;SN17000;19.03.2005;-2.9
Strømtangen Fyr;SN17000;20.03.2005;-1
Strømtangen Fyr;SN17000;21.03.2005;1.1
Strømtangen Fyr;SN17000;22.03.2005;1.3
Strømtangen Fyr;SN17000;23.03.2005;1.2
Strømtangen Fyr;SN17000;24.03.2005;1.5
Strømtangen Fyr;SN17000;25.03.2005;1.8
Strømtangen Fyr;SN17000;26.03.2005;5.6
Strømtangen Fyr;SN17000;27.03.2005;5.9
Strømtangen Fyr;SN17000;28.03.2005;3.2
Strømtangen Fyr;SN17000;29.03.2005;5.4
Strømtangen Fyr;SN17000;30.03.2005;3.9
Strømtangen Fyr;SN17000;31.03.2005;2.7
Strømtangen Fyr;SN17000;01.04.2005;4.1
Strømtangen Fyr;SN17000;02.04.2005;4.7
Strømtangen Fyr;SN17000;03.04.2005;5.4
Strømtangen Fyr;SN17000;04.04.2005;6.2
Strømtangen Fyr;SN17000;05.04.2005;5.3
Strømtangen Fyr;SN17000;06.04.2005;4.9
Strømtangen Fyr;SN17000;07.04.2005;5.1
Strømtangen Fyr;SN17000;08.04.2005;4.3
Strømtangen Fyr;SN17000;09.04.2005;4.4
Strømtangen Fyr;SN17000;10.04.2005;4.9
Strømtangen Fyr;SN17000;11.04.2005;6.9
Strømtangen Fyr;SN17000;12.04.2005;6.1
Strømtangen Fyr;SN17000;13.04.2005;5.4
Strømtangen Fyr;SN17000;14.04.2005;5.5
Strømtangen Fyr;SN17000;15.04.2005;7.4
Strømtangen Fyr;SN17000;16.04.2005;8.6
Strømtangen Fyr;SN17000;17.04.2005;8.9
Strømtangen Fyr;SN17000;18.04.2005;7.9
Strømtangen Fyr;SN17000;19.04.2005;6.4
Strømtangen Fyr;SN17000;20.04.2005;5.1
Strømtangen Fyr;SN17000;21.04.2005;6.3
Strømtangen Fyr;SN17000;22.04.2005;6.1
Strømtangen Fyr;SN17000;23.04.2005;6.2
Strømtangen Fyr;SN17000;24.04.2005;5.8
Strømtangen Fyr;SN17000;25.04.2005;7.3
Strømtangen Fyr;SN17000;26.04.2005;7.6
Strømtangen Fyr;SN17000;27.04.2005;8.5
Strømtangen Fyr;SN17000;28.04.2005;10
Strømtangen Fyr;SN17000;29.04.2005;8.7
Strømtangen Fyr;SN17000;30.04.2005;8.2
Strømtangen Fyr;SN17000;01.05.2005;8.1
Strømtangen Fyr;SN17000;02.05.2005;9.2
Strømtangen Fyr;SN17000;03.05.2005;8.9
Strømtangen Fyr;SN17000;04.05.2005;8.7
Strømtangen Fyr;SN17000;05.05.2005;7.9
Strømtangen Fyr;SN17000;06.05.2005;9.1
Strømtangen Fyr;SN17000;07.05.2005;8.4
Strømtangen Fyr;SN17000;08.05.2005;7.3
Strømtangen Fyr;SN17000;09.05.2005;7.4
Strømtangen Fyr;SN17000;10.05.2005;7.4
Strømtangen Fyr;SN17000;11.05.2005;9.6
Strømtangen Fyr;SN17000;12.05.2005;10.3
Strømtangen Fyr;SN17000;13.05.2005;10.9
Strømtangen Fyr;SN17000;14.05.2005;11.5
Strømtangen Fyr;SN17000;15.05.2005;11.3
Strømtangen Fyr;SN17000;16.05.2005;7.1
Strømtangen Fyr;SN17000;17.05.2005;8.2
Strømtangen Fyr;SN17000;18.05.2005;8.2
Strømtangen Fyr;SN17000;19.05.2005;8.8
Strømtangen Fyr;SN17000;20.05.2005;9.8
Strømtangen Fyr;SN17000;21.05.2005;10.2
Strømtangen Fyr;SN17000;22.05.2005;11.2
Strømtangen Fyr;SN17000;23.05.2005;12.3
Strømtangen Fyr;SN17000;24.05.2005;10.9
Strømtangen Fyr;SN17000;25.05.2005;10.9
Strømtangen Fyr;SN17000;26.05.2005;11.8
Strømtangen Fyr;SN17000;27.05.2005;11.9
Strømtangen Fyr;SN17000;28.05.2005;9.8
Strømtangen Fyr;SN17000;29.05.2005;11
Strømtangen Fyr;SN17000;30.05.2005;11.6
Strømtangen Fyr;SN17000;31.05.2005;10.3
Strømtangen Fyr;SN17000;01.06.2005;10.5
Strømtangen Fyr;SN17000;02.06.2005;9.6
Strømtangen Fyr;SN17000;03.06.2005;10.6
Strømtangen Fyr;SN17000;04.06.2005;11.9
Strømtangen Fyr;SN17000;05.06.2005;13.6
Strømtangen Fyr;SN17000;06.06.2005;11
Strømtangen Fyr;SN17000;07.06.2005;11.3
Strømtangen Fyr;SN17000;08.06.2005;11.5
Strømtangen Fyr;SN17000;09.06.2005;13.7
Strømtangen Fyr;SN17000;10.06.2005;14.8
Strømtangen Fyr;SN17000;11.06.2005;13.2
Strømtangen Fyr;SN17000;12.06.2005;11.3
Strømtangen Fyr;SN17000;13.06.2005;11.2
Strømtangen Fyr;SN17000;14.06.2005;12.2
Strømtangen Fyr;SN17000;15.06.2005;13.8
Strømtangen Fyr;SN17000;16.06.2005;14.3
Strømtangen Fyr;SN17000;17.06.2005;13.6
Strømtangen Fyr;SN17000;18.06.2005;14.1
Strømtangen Fyr;SN17000;19.06.2005;14.8
Strømtangen Fyr;SN17000;20.06.2005;16
Strømtangen Fyr;SN17000;21.06.2005;16
Strømtangen Fyr;SN17000;22.06.2005;16.6
Strømtangen Fyr;SN17000;23.06.2005;16.3
Strømtangen Fyr;SN17000;24.06.2005;17
Strømtangen Fyr;SN17000;25.06.2005;17.1
Strømtangen Fyr;SN17000;26.06.2005;16
Strømtangen Fyr;SN17000;27.06.2005;16.2
Strømtangen Fyr;SN17000;28.06.2005;16.2
Strømtangen Fyr;SN17000;29.06.2005;16.4
Strømtangen Fyr;SN17000;30.06.2005;16.9
Strømtangen Fyr;SN17000;01.07.2005;16.8
Strømtangen Fyr;SN17000;02.07.2005;17.1
Strømtangen Fyr;SN17000;03.07.2005;18.2
Strømtangen Fyr;SN17000;04.07.2005;20.3
Strømtangen Fyr;SN17000;05.07.2005;20.2
Strømtangen Fyr;SN17000;06.07.2005;20
Strømtangen Fyr;SN17000;07.07.2005;20.9
Strømtangen Fyr;SN17000;08.07.2005;21.1
Strømtangen Fyr;SN17000;09.07.2005;21.5
Strømtangen Fyr;SN17000;10.07.2005;20.6
Strømtangen Fyr;SN17000;11.07.2005;21.4
Strømtangen Fyr;SN17000;12.07.2005;20.3
Strømtangen Fyr;SN17000;13.07.2005;20.5
Strømtangen Fyr;SN17000;14.07.2005;18
Strømtangen Fyr;SN17000;15.07.2005;17.5
Strømtangen Fyr;SN17000;16.07.2005;16.8
Strømtangen Fyr;SN17000;17.07.2005;18.7
Strømtangen Fyr;SN17000;18.07.2005;18.7
Strømtangen Fyr;SN17000;19.07.2005;17.6
Strømtangen Fyr;SN17000;20.07.2005;17.4
Strømtangen Fyr;SN17000;21.07.2005;18.2
Strømtangen Fyr;SN17000;22.07.2005;19.1
Strømtangen Fyr;SN17000;23.07.2005;16.8
Strømtangen Fyr;SN17000;24.07.2005;15.8
Strømtangen Fyr;SN17000;25.07.2005;15.6
Strømtangen Fyr;SN17000;26.07.2005;15.5
Strømtangen Fyr;SN17000;27.07.2005;16.9
Strømtangen Fyr;SN17000;28.07.2005;16
Strømtangen Fyr;SN17000;29.07.2005;17.7
Strømtangen Fyr;SN17000;30.07.2005;17.5
Strømtangen Fyr;SN17000;31.07.2005;15.9
Strømtangen Fyr;SN17000;01.08.2005;16.1
Strømtangen Fyr;SN17000;02.08.2005;16.8
Strømtangen Fyr;SN17000;03.08.2005;15.9
Strømtangen Fyr;SN17000;04.08.2005;16.5
Strømtangen Fyr;SN17000;05.08.2005;15.7
Strømtangen Fyr;SN17000;06.08.2005;12.9
Strømtangen Fyr;SN17000;07.08.2005;14.4
Strømtangen Fyr;SN17000;08.08.2005;14.7
Strømtangen Fyr;SN17000;09.08.2005;16.3
Strømtangen Fyr;SN17000;10.08.2005;19.4
Strømtangen Fyr;SN17000;11.08.2005;17.6
Strømtangen Fyr;SN17000;12.08.2005;18.5
Strømtangen Fyr;SN17000;13.08.2005;17.8
Strømtangen Fyr;SN17000;14.08.2005;17
Strømtangen Fyr;SN17000;15.08.2005;17.2
Strømtangen Fyr;SN17000;16.08.2005;18
Strømtangen Fyr;SN17000;17.08.2005;16.4
Strømtangen Fyr;SN17000;18.08.2005;16.4
Strømtangen Fyr;SN17000;19.08.2005;17
Strømtangen Fyr;SN17000;20.08.2005;18.2
Strømtangen Fyr;SN17000;21.08.2005;19
Strømtangen Fyr;SN17000;22.08.2005;18.1
Strømtangen Fyr;SN17000;23.08.2005;17.5
Strømtangen Fyr;SN17000;24.08.2005;16.6
Strømtangen Fyr;SN17000;25.08.2005;15.3
Strømtangen Fyr;SN17000;26.08.2005;14.8
Strømtangen Fyr;SN17000;27.08.2005;14.6
Strømtangen Fyr;SN17000;28.08.2005;15.1
Strømtangen Fyr;SN17000;29.08.2005;16.9
Strømtangen Fyr;SN17000;30.08.2005;16.4
Strømtangen Fyr;SN17000;31.08.2005;14
Strømtangen Fyr;SN17000;01.09.2005;16.1
Strømtangen Fyr;SN17000;02.09.2005;15.7
Strømtangen Fyr;SN17000;03.09.2005;15.7
Strømtangen Fyr;SN17000;04.09.2005;15.9
Strømtangen Fyr;SN17000;05.09.2005;16.7
Strømtangen Fyr;SN17000;06.09.2005;17.2
Strømtangen Fyr;SN17000;07.09.2005;16.7
Strømtangen Fyr;SN17000;08.09.2005;16.7
Strømtangen Fyr;SN17000;09.09.2005;13.7
Strømtangen Fyr;SN17000;10.09.2005;13.4
Strømtangen Fyr;SN17000;11.09.2005;13
Strømtangen Fyr;SN17000;12.09.2005;15.8
Strømtangen Fyr;SN17000;13.09.2005;13.2
Strømtangen Fyr;SN17000;14.09.2005;16.5
Strømtangen Fyr;SN17000;15.09.2005;12.8
Strømtangen Fyr;SN17000;16.09.2005;10.5
Strømtangen Fyr;SN17000;17.09.2005;10.6
Strømtangen Fyr;SN17000;18.09.2005;15.1
Strømtangen Fyr;SN17000;19.09.2005;15.1
Strømtangen Fyr;SN17000;20.09.2005;15
Strømtangen Fyr;SN17000;21.09.2005;14
Strømtangen Fyr;SN17000;22.09.2005;14.3
Strømtangen Fyr;SN17000;23.09.2005;15
Strømtangen Fyr;SN17000;24.09.2005;14.4
Strømtangen Fyr;SN17000;25.09.2005;11.9
Strømtangen Fyr;SN17000;26.09.2005;14.9
Strømtangen Fyr;SN17000;27.09.2005;14.7
Strømtangen Fyr;SN17000;28.09.2005;13.6
Strømtangen Fyr;SN17000;29.09.2005;13.2
Strømtangen Fyr;SN17000;30.09.2005;12.4
Strømtangen Fyr;SN17000;01.10.2005;13.2
Strømtangen Fyr;SN17000;02.10.2005;12.7
Strømtangen Fyr;SN17000;03.10.2005;13.5
Strømtangen Fyr;SN17000;04.10.2005;12.6
Strømtangen Fyr;SN17000;05.10.2005;12.9
Strømtangen Fyr;SN17000;06.10.2005;12.9
Strømtangen Fyr;SN17000;07.10.2005;12.5
Strømtangen Fyr;SN17000;08.10.2005;12.5
Strømtangen Fyr;SN17000;09.10.2005;13.5
Strømtangen Fyr;SN17000;10.10.2005;13.6
Strømtangen Fyr;SN17000;11.10.2005;14.1
Strømtangen Fyr;SN17000;12.10.2005;12.7
Strømtangen Fyr;SN17000;13.10.2005;12.6
Strømtangen Fyr;SN17000;14.10.2005;11.8
Strømtangen Fyr;SN17000;15.10.2005;7.9
Strømtangen Fyr;SN17000;16.10.2005;6.5
Strømtangen Fyr;SN17000;17.10.2005;5
Strømtangen Fyr;SN17000;18.10.2005;3.6
Strømtangen Fyr;SN17000;19.10.2005;4.5
Strømtangen Fyr;SN17000;20.10.2005;6.6
Strømtangen Fyr;SN17000;21.10.2005;11.2
Strømtangen Fyr;SN17000;22.10.2005;5.7
Strømtangen Fyr;SN17000;23.10.2005;2.5
Strømtangen Fyr;SN17000;24.10.2005;2
Strømtangen Fyr;SN17000;25.10.2005;3.6
Strømtangen Fyr;SN17000;26.10.2005;7.8
Strømtangen Fyr;SN17000;27.10.2005;6.3
Strømtangen Fyr;SN17000;28.10.2005;12.4
Strømtangen Fyr;SN17000;29.10.2005;11.1
Strømtangen Fyr;SN17000;30.10.2005;10.4
Strømtangen Fyr;SN17000;31.10.2005;11.3
Strømtangen Fyr;SN17000;01.11.2005;10.2
Strømtangen Fyr;SN17000;02.11.2005;10.7
Strømtangen Fyr;SN17000;03.11.2005;11.2
Strømtangen Fyr;SN17000;04.11.2005;12.1
Strømtangen Fyr;SN17000;05.11.2005;10.2
Strømtangen Fyr;SN17000;06.11.2005;10.6
Strømtangen Fyr;SN17000;07.11.2005;11.1
Strømtangen Fyr;SN17000;08.11.2005;11.1
Strømtangen Fyr;SN17000;09.11.2005;10.8
Strømtangen Fyr;SN17000;10.11.2005;10.6
Strømtangen Fyr;SN17000;11.11.2005;9.4
Strømtangen Fyr;SN17000;12.11.2005;11
Strømtangen Fyr;SN17000;13.11.2005;9.2
Strømtangen Fyr;SN17000;14.11.2005;10.3
Strømtangen Fyr;SN17000;15.11.2005;7.8
Strømtangen Fyr;SN17000;16.11.2005;2.4
Strømtangen Fyr;SN17000;17.11.2005;1.7
Strømtangen Fyr;SN17000;18.11.2005;3
Strømtangen Fyr;SN17000;19.11.2005;4.4
Strømtangen Fyr;SN17000;20.11.2005;2.7
Strømtangen Fyr;SN17000;21.11.2005;4.5
Strømtangen Fyr;SN17000;22.11.2005;4.6
Strømtangen Fyr;SN17000;23.11.2005;5.4
Strømtangen Fyr;SN17000;24.11.2005;7.3
Strømtangen Fyr;SN17000;25.11.2005;3.7
Strømtangen Fyr;SN17000;26.11.2005;1.9
Strømtangen Fyr;SN17000;27.11.2005;1.4
Strømtangen Fyr;SN17000;28.11.2005;-0.3
Strømtangen Fyr;SN17000;29.11.2005;-0.5
Strømtangen Fyr;SN17000;30.11.2005;0.7
Strømtangen Fyr;SN17000;01.12.2005;5.1
Strømtangen Fyr;SN17000;02.12.2005;3.6
Strømtangen Fyr;SN17000;03.12.2005;1.5
Strømtangen Fyr;SN17000;04.12.2005;1.6
Strømtangen Fyr;SN17000;05.12.2005;2.6
Strømtangen Fyr;SN17000;06.12.2005;2.6
Strømtangen Fyr;SN17000;07.12.2005;2.1
Strømtangen Fyr;SN17000;08.12.2005;1
Strømtangen Fyr;SN17000;09.12.2005;-0.6
Strømtangen Fyr;SN17000;10.12.2005;4.1
Strømtangen Fyr;SN17000;11.12.2005;7.2
Strømtangen Fyr;SN17000;12.12.2005;5.8
Strømtangen Fyr;SN17000;13.12.2005;5.4
Strømtangen Fyr;SN17000;14.12.2005;3
Strømtangen Fyr;SN17000;15.12.2005;4.9
Strømtangen Fyr;SN17000;16.12.2005;0.1
Strømtangen Fyr;SN17000;17.12.2005;0.2
Strømtangen Fyr;SN17000;18.12.2005;-0.5
Strømtangen Fyr;SN17000;19.12.2005;2.1
Strømtangen Fyr;SN17000;20.12.2005;-1.5
Strømtangen Fyr;SN17000;21.12.2005;4
Strømtangen Fyr;SN17000;22.12.2005;2.2
Strømtangen Fyr;SN17000;23.12.2005;4
Strømtangen Fyr;SN17000;24.12.2005;3.2
Strømtangen Fyr;SN17000;25.12.2005;3.7
Strømtangen Fyr;SN17000;26.12.2005;-0.9
Strømtangen Fyr;SN17000;27.12.2005;-4
Strømtangen Fyr;SN17000;28.12.2005;-4.6
Strømtangen Fyr;SN17000;29.12.2005;-3.5
Strømtangen Fyr;SN17000;30.12.2005;-0.4
Strømtangen Fyr;SN17000;31.12.2005;-0.8
Strømtangen Fyr;SN17000;01.01.2006;-1.7
Strømtangen Fyr;SN17000;02.01.2006;-5.1
Strømtangen Fyr;SN17000;03.01.2006;-4.1
Strømtangen Fyr;SN17000;04.01.2006;-2.6
Strømtangen Fyr;SN17000;05.01.2006;-1.5
Strømtangen Fyr;SN17000;06.01.2006;-1.1
Strømtangen Fyr;SN17000;07.01.2006;-2.1
Strømtangen Fyr;SN17000;08.01.2006;-1.7
Strømtangen Fyr;SN17000;09.01.2006;-1.5
Strømtangen Fyr;SN17000;10.01.2006;3.1
Strømtangen Fyr;SN17000;11.01.2006;5.2
Strømtangen Fyr;SN17000;12.01.2006;4.6
Strømtangen Fyr;SN17000;13.01.2006;3.3
Strømtangen Fyr;SN17000;14.01.2006;2.1
Strømtangen Fyr;SN17000;15.01.2006;0.8
Strømtangen Fyr;SN17000;16.01.2006;-1.1
Strømtangen Fyr;SN17000;17.01.2006;-1.4
Strømtangen Fyr;SN17000;18.01.2006;-0.7
Strømtangen Fyr;SN17000;19.01.2006;-4.1
Strømtangen Fyr;SN17000;20.01.2006;-5.2
Strømtangen Fyr;SN17000;21.01.2006;-5.8
Strømtangen Fyr;SN17000;22.01.2006;-4
Strømtangen Fyr;SN17000;23.01.2006;1.2
Strømtangen Fyr;SN17000;24.01.2006;1.9
Strømtangen Fyr;SN17000;25.01.2006;0.9
Strømtangen Fyr;SN17000;26.01.2006;-1.6
Strømtangen Fyr;SN17000;27.01.2006;-3
Strømtangen Fyr;SN17000;28.01.2006;-3.6
Strømtangen Fyr;SN17000;29.01.2006;-3.8
Strømtangen Fyr;SN17000;30.01.2006;-1
Strømtangen Fyr;SN17000;31.01.2006;0.6
Strømtangen Fyr;SN17000;01.02.2006;-2.9
Strømtangen Fyr;SN17000;02.02.2006;-3.5
Strømtangen Fyr;SN17000;03.02.2006;-0.5
Strømtangen Fyr;SN17000;04.02.2006;-6
Strømtangen Fyr;SN17000;05.02.2006;-5.1
Strømtangen Fyr;SN17000;06.02.2006;-1.7
Strømtangen Fyr;SN17000;07.02.2006;-2.3
Strømtangen Fyr;SN17000;08.02.2006;-0.9
Strømtangen Fyr;SN17000;09.02.2006;-2.1
Strømtangen Fyr;SN17000;10.02.2006;-3.1
Strømtangen Fyr;SN17000;11.02.2006;-7.1
Strømtangen Fyr;SN17000;12.02.2006;-7.1
Strømtangen Fyr;SN17000;13.02.2006;-5.6
Strømtangen Fyr;SN17000;14.02.2006;-4
Strømtangen Fyr;SN17000;15.02.2006;-0.4
Strømtangen Fyr;SN17000;16.02.2006;-0.1
Strømtangen Fyr;SN17000;17.02.2006;-2.1
Strømtangen Fyr;SN17000;18.02.2006;-3.4
Strømtangen Fyr;SN17000;19.02.2006;-2.9
Strømtangen Fyr;SN17000;20.02.2006;-3.7
Strømtangen Fyr;SN17000;21.02.2006;-1.9
Strømtangen Fyr;SN17000;22.02.2006;-0.9
Strømtangen Fyr;SN17000;23.02.2006;5.1
Strømtangen Fyr;SN17000;24.02.2006;0.9
Strømtangen Fyr;SN17000;25.02.2006;0
Strømtangen Fyr;SN17000;26.02.2006;-1.2
Strømtangen Fyr;SN17000;27.02.2006;-1.7
Strømtangen Fyr;SN17000;28.02.2006;-2.3
Strømtangen Fyr;SN17000;01.03.2006;-3.4
Strømtangen Fyr;SN17000;02.03.2006;-3.3
Strømtangen Fyr;SN17000;03.03.2006;-7.5
Strømtangen Fyr;SN17000;04.03.2006;-9.5
Strømtangen Fyr;SN17000;05.03.2006;-8.2
Strømtangen Fyr;SN17000;06.03.2006;-7.6
Strømtangen Fyr;SN17000;07.03.2006;-5.9
Strømtangen Fyr;SN17000;08.03.2006;-2.2
Strømtangen Fyr;SN17000;09.03.2006;-5.7
Strømtangen Fyr;SN17000;10.03.2006;-8.3
Strømtangen Fyr;SN17000;11.03.2006;-5.7
Strømtangen Fyr;SN17000;12.03.2006;-1.9
Strømtangen Fyr;SN17000;13.03.2006;-4.9
Strømtangen Fyr;SN17000;14.03.2006;-4.5
Strømtangen Fyr;SN17000;15.03.2006;-1.7
Strømtangen Fyr;SN17000;16.03.2006;0.3
Strømtangen Fyr;SN17000;17.03.2006;1.5
Strømtangen Fyr;SN17000;18.03.2006;-0.9
Strømtangen Fyr;SN17000;19.03.2006;-0.4
Strømtangen Fyr;SN17000;20.03.2006;1.2
Strømtangen Fyr;SN17000;21.03.2006;-1.8
Strømtangen Fyr;SN17000;22.03.2006;-1.9
Strømtangen Fyr;SN17000;23.03.2006;-1.2
Strømtangen Fyr;SN17000;24.03.2006;-1.6
Strømtangen Fyr;SN17000;25.03.2006;-1.8
Strømtangen Fyr;SN17000;26.03.2006;-0.8
Strømtangen Fyr;SN17000;27.03.2006;0.4
Strømtangen Fyr;SN17000;28.03.2006;1.8
Strømtangen Fyr;SN17000;29.03.2006;2.1
Strømtangen Fyr;SN17000;30.03.2006;2.3
Strømtangen Fyr;SN17000;31.03.2006;1.8
Strømtangen Fyr;SN17000;01.04.2006;1.9
Strømtangen Fyr;SN17000;02.04.2006;1.5
Strømtangen Fyr;SN17000;03.04.2006;2.6
Strømtangen Fyr;SN17000;04.04.2006;1.5
Strømtangen Fyr;SN17000;05.04.2006;2.6
Strømtangen Fyr;SN17000;06.04.2006;2.7
Strømtangen Fyr;SN17000;07.04.2006;3.5
Strømtangen Fyr;SN17000;08.04.2006;3.3
Strømtangen Fyr;SN17000;09.04.2006;3
Strømtangen Fyr;SN17000;10.04.2006;4.2
Strømtangen Fyr;SN17000;11.04.2006;2.8
Strømtangen Fyr;SN17000;12.04.2006;3.6
Strømtangen Fyr;SN17000;13.04.2006;4.2
Strømtangen Fyr;SN17000;14.04.2006;5.1
Strømtangen Fyr;SN17000;15.04.2006;5.1
Strømtangen Fyr;SN17000;16.04.2006;5.1
Strømtangen Fyr;SN17000;17.04.2006;5.2
Strømtangen Fyr;SN17000;18.04.2006;5.2
Strømtangen Fyr;SN17000;19.04.2006;5.2
Strømtangen Fyr;SN17000;20.04.2006;5.9
Strømtangen Fyr;SN17000;21.04.2006;5.1
Strømtangen Fyr;SN17000;22.04.2006;6.5
Strømtangen Fyr;SN17000;23.04.2006;6.9
Strømtangen Fyr;SN17000;24.04.2006;6.7
Strømtangen Fyr;SN17000;25.04.2006;6.8
Strømtangen Fyr;SN17000;26.04.2006;7.4
Strømtangen Fyr;SN17000;27.04.2006;7.2
Strømtangen Fyr;SN17000;28.04.2006;7.5
Strømtangen Fyr;SN17000;29.04.2006;7.1
Strømtangen Fyr;SN17000;30.04.2006;8.4
Strømtangen Fyr;SN17000;01.05.2006;6.9
Strømtangen Fyr;SN17000;02.05.2006;7.4
Strømtangen Fyr;SN17000;03.05.2006;9.6
Strømtangen Fyr;SN17000;04.05.2006;13.3
Strømtangen Fyr;SN17000;05.05.2006;14.7
Strømtangen Fyr;SN17000;06.05.2006;14.2
Strømtangen Fyr;SN17000;07.05.2006;15.9
Strømtangen Fyr;SN17000;08.05.2006;16.3
Strømtangen Fyr;SN17000;09.05.2006;15.2
Strømtangen Fyr;SN17000;10.05.2006;14.7
Strømtangen Fyr;SN17000;11.05.2006;15
Strømtangen Fyr;SN17000;12.05.2006;12.8
Strømtangen Fyr;SN17000;13.05.2006;10.6
Strømtangen Fyr;SN17000;14.05.2006;9.9
Strømtangen Fyr;SN17000;15.05.2006;8.9
Strømtangen Fyr;SN17000;16.05.2006;9.3
Strømtangen Fyr;SN17000;17.05.2006;8.7
Strømtangen Fyr;SN17000;18.05.2006;9.9
Strømtangen Fyr;SN17000;19.05.2006;10
Strømtangen Fyr;SN17000;20.05.2006;10.6
Strømtangen Fyr;SN17000;21.05.2006;11.6
Strømtangen Fyr;SN17000;22.05.2006;11.1
Strømtangen Fyr;SN17000;23.05.2006;11.2
Strømtangen Fyr;SN17000;24.05.2006;9.3
Strømtangen Fyr;SN17000;25.05.2006;10.2
Strømtangen Fyr;SN17000;26.05.2006;10.4
Strømtangen Fyr;SN17000;27.05.2006;10.5
Strømtangen Fyr;SN17000;28.05.2006;10.4
Strømtangen Fyr;SN17000;29.05.2006;11.5
Strømtangen Fyr;SN17000;30.05.2006;12.1
Strømtangen Fyr;SN17000;31.05.2006;11.5
Strømtangen Fyr;SN17000;01.06.2006;11.4
Strømtangen Fyr;SN17000;02.06.2006;12.1
Strømtangen Fyr;SN17000;03.06.2006;13.8
Strømtangen Fyr;SN17000;04.06.2006;12.7
Strømtangen Fyr;SN17000;05.06.2006;13.6
Strømtangen Fyr;SN17000;06.06.2006;12.3
Strømtangen Fyr;SN17000;07.06.2006;12.3
Strømtangen Fyr;SN17000;08.06.2006;11.9
Strømtangen Fyr;SN17000;09.06.2006;12.8
Strømtangen Fyr;SN17000;10.06.2006;12.2
Strømtangen Fyr;SN17000;11.06.2006;14.6
Strømtangen Fyr;SN17000;12.06.2006;16.5
Strømtangen Fyr;SN17000;13.06.2006;17.1
Strømtangen Fyr;SN17000;14.06.2006;17.1
Strømtangen Fyr;SN17000;15.06.2006;16.3
Strømtangen Fyr;SN17000;16.06.2006;16.7
Strømtangen Fyr;SN17000;17.06.2006;16.4
Strømtangen Fyr;SN17000;18.06.2006;16.5
Strømtangen Fyr;SN17000;19.06.2006;17.8
Strømtangen Fyr;SN17000;20.06.2006;16.4
Strømtangen Fyr;SN17000;21.06.2006;16
Strømtangen Fyr;SN17000;22.06.2006;14.4
Strømtangen Fyr;SN17000;23.06.2006;15.4
Strømtangen Fyr;SN17000;24.06.2006;14.9
Strømtangen Fyr;SN17000;25.06.2006;15.6
Strømtangen Fyr;SN17000;26.06.2006;16.9
Strømtangen Fyr;SN17000;27.06.2006;12.9
Strømtangen Fyr;SN17000;28.06.2006;15.5
Strømtangen Fyr;SN17000;29.06.2006;16.3
Strømtangen Fyr;SN17000;30.06.2006;17.5
Strømtangen Fyr;SN17000;01.07.2006;18.4
Strømtangen Fyr;SN17000;02.07.2006;18.8
Strømtangen Fyr;SN17000;03.07.2006;19.3
Strømtangen Fyr;SN17000;04.07.2006;20.3
Strømtangen Fyr;SN17000;05.07.2006;20.7
Strømtangen Fyr;SN17000;06.07.2006;20.8
Strømtangen Fyr;SN17000;07.07.2006;20.4
Strømtangen Fyr;SN17000;08.07.2006;19.3
Strømtangen Fyr;SN17000;09.07.2006;18.2
Strømtangen Fyr;SN17000;10.07.2006;18.8
Strømtangen Fyr;SN17000;11.07.2006;17.5
Strømtangen Fyr;SN17000;12.07.2006;17
Strømtangen Fyr;SN17000;13.07.2006;18.5
Strømtangen Fyr;SN17000;14.07.2006;18.1
Strømtangen Fyr;SN17000;15.07.2006;17.4
Strømtangen Fyr;SN17000;16.07.2006;18.2
Strømtangen Fyr;SN17000;17.07.2006;19.2
Strømtangen Fyr;SN17000;18.07.2006;20.7
Strømtangen Fyr;SN17000;19.07.2006;19.3
Strømtangen Fyr;SN17000;20.07.2006;20.2
Strømtangen Fyr;SN17000;21.07.2006;20.5
Strømtangen Fyr;SN17000;22.07.2006;20.4
Strømtangen Fyr;SN17000;23.07.2006;19.7
Strømtangen Fyr;SN17000;24.07.2006;19.3
Strømtangen Fyr;SN17000;25.07.2006;20.1
Strømtangen Fyr;SN17000;26.07.2006;21.3
Strømtangen Fyr;SN17000;27.07.2006;21.9
Strømtangen Fyr;SN17000;28.07.2006;21.9
Strømtangen Fyr;SN17000;29.07.2006;21.4
Strømtangen Fyr;SN17000;30.07.2006;20.2
Strømtangen Fyr;SN17000;31.07.2006;19.7
Strømtangen Fyr;SN17000;01.08.2006;20.1
Strømtangen Fyr;SN17000;02.08.2006;20.2
Strømtangen Fyr;SN17000;03.08.2006;21.3
Strømtangen Fyr;SN17000;04.08.2006;21.5
Strømtangen Fyr;SN17000;05.08.2006;21.4
Strømtangen Fyr;SN17000;06.08.2006;21.1
Strømtangen Fyr;SN17000;07.08.2006;20.9
Strømtangen Fyr;SN17000;08.08.2006;19.9
Strømtangen Fyr;SN17000;09.08.2006;19
Strømtangen Fyr;SN17000;10.08.2006;17.8
Strømtangen Fyr;SN17000;11.08.2006;18.8
Strømtangen Fyr;SN17000;12.08.2006;19.9
Strømtangen Fyr;SN17000;13.08.2006;19.2
Strømtangen Fyr;SN17000;14.08.2006;17.6
Strømtangen Fyr;SN17000;15.08.2006;17.4
Strømtangen Fyr;SN17000;16.08.2006;17.1
Strømtangen Fyr;SN17000;17.08.2006;18.1
Strømtangen Fyr;SN17000;18.08.2006;18.6
Strømtangen Fyr;SN17000;19.08.2006;17
Strømtangen Fyr;SN17000;20.08.2006;18.5
Strømtangen Fyr;SN17000;21.08.2006;17.9
Strømtangen Fyr;SN17000;22.08.2006;17.9
Strømtangen Fyr;SN17000;23.08.2006;16.7
Strømtangen Fyr;SN17000;24.08.2006;17.4
Strømtangen Fyr;SN17000;25.08.2006;18.4
Strømtangen Fyr;SN17000;26.08.2006;17.7
Strømtangen Fyr;SN17000;27.08.2006;18.3
Strømtangen Fyr;SN17000;28.08.2006;16.2
Strømtangen Fyr;SN17000;29.08.2006;16.4
Strømtangen Fyr;SN17000;30.08.2006;16.7
Strømtangen Fyr;SN17000;31.08.2006;17.5
Strømtangen Fyr;SN17000;01.09.2006;16.3
Strømtangen Fyr;SN17000;02.09.2006;16.9
Strømtangen Fyr;SN17000;03.09.2006;17
Strømtangen Fyr;SN17000;04.09.2006;17.2
Strømtangen Fyr;SN17000;05.09.2006;18.4
Strømtangen Fyr;SN17000;06.09.2006;14.4
Strømtangen Fyr;SN17000;07.09.2006;13.9
Strømtangen Fyr;SN17000;08.09.2006;15.7
Strømtangen Fyr;SN17000;09.09.2006;16.7
Strømtangen Fyr;SN17000;10.09.2006;15
Strømtangen Fyr;SN17000;11.09.2006;16.2
Strømtangen Fyr;SN17000;12.09.2006;16.7
Strømtangen Fyr;SN17000;13.09.2006;16.9
Strømtangen Fyr;SN17000;14.09.2006;17.3
Strømtangen Fyr;SN17000;15.09.2006;17.1
Strømtangen Fyr;SN17000;16.09.2006;13.8
Strømtangen Fyr;SN17000;17.09.2006;14.3
Strømtangen Fyr;SN17000;18.09.2006;15.2
Strømtangen Fyr;SN17000;19.09.2006;16.3
Strømtangen Fyr;SN17000;20.09.2006;16
Strømtangen Fyr;SN17000;21.09.2006;16.9
Strømtangen Fyr;SN17000;22.09.2006;16.8
Strømtangen Fyr;SN17000;23.09.2006;17
Strømtangen Fyr;SN17000;24.09.2006;16.1
Strømtangen Fyr;SN17000;25.09.2006;16.9
Strømtangen Fyr;SN17000;26.09.2006;16.7
Strømtangen Fyr;SN17000;27.09.2006;16.4
Strømtangen Fyr;SN17000;28.09.2006;16.1
Strømtangen Fyr;SN17000;29.09.2006;15.6
Strømtangen Fyr;SN17000;30.09.2006;15.9
Strømtangen Fyr;SN17000;01.10.2006;15.6
Strømtangen Fyr;SN17000;02.10.2006;13.6
Strømtangen Fyr;SN17000;03.10.2006;13.3
Strømtangen Fyr;SN17000;04.10.2006;12.7
Strømtangen Fyr;SN17000;05.10.2006;13.2
Strømtangen Fyr;SN17000;06.10.2006;12.9
Strømtangen Fyr;SN17000;07.10.2006;15
Strømtangen Fyr;SN17000;08.10.2006;14.5
Strømtangen Fyr;SN17000;09.10.2006;12.4
Strømtangen Fyr;SN17000;10.10.2006;14.1
Strømtangen Fyr;SN17000;11.10.2006;11.4
Strømtangen Fyr;SN17000;12.10.2006;11.7
Strømtangen Fyr;SN17000;13.10.2006;10.6
Strømtangen Fyr;SN17000;14.10.2006;9.7
Strømtangen Fyr;SN17000;15.10.2006;7.5
Strømtangen Fyr;SN17000;16.10.2006;10
Strømtangen Fyr;SN17000;17.10.2006;8.3
Strømtangen Fyr;SN17000;18.10.2006;7.5
Strømtangen Fyr;SN17000;19.10.2006;10.9
Strømtangen Fyr;SN17000;20.10.2006;11.1
Strømtangen Fyr;SN17000;21.10.2006;11.5
Strømtangen Fyr;SN17000;22.10.2006;12.1
Strømtangen Fyr;SN17000;23.10.2006;12.6
Strømtangen Fyr;SN17000;24.10.2006;8.8
Strømtangen Fyr;SN17000;25.10.2006;7.8
Strømtangen Fyr;SN17000;26.10.2006;9.7
Strømtangen Fyr;SN17000;27.10.2006;9.6
Strømtangen Fyr;SN17000;28.10.2006;4.4
Strømtangen Fyr;SN17000;29.10.2006;4
Strømtangen Fyr;SN17000;30.10.2006;8.5
Strømtangen Fyr;SN17000;31.10.2006;4.6
Strømtangen Fyr;SN17000;01.11.2006;-0.5
Strømtangen Fyr;SN17000;02.11.2006;2.2
Strømtangen Fyr;SN17000;03.11.2006;4.1
Strømtangen Fyr;SN17000;04.11.2006;8
Strømtangen Fyr;SN17000;05.11.2006;8.5
Strømtangen Fyr;SN17000;06.11.2006;12.2
Strømtangen Fyr;SN17000;07.11.2006;12.1
Strømtangen Fyr;SN17000;08.11.2006;6.2
Strømtangen Fyr;SN17000;09.11.2006;3.4
Strømtangen Fyr;SN17000;10.11.2006;5.3
Strømtangen Fyr;SN17000;11.11.2006;9
Strømtangen Fyr;SN17000;12.11.2006;3.8
Strømtangen Fyr;SN17000;13.11.2006;3.6
Strømtangen Fyr;SN17000;14.11.2006;7.4
Strømtangen Fyr;SN17000;15.11.2006;8.7
Strømtangen Fyr;SN17000;16.11.2006;10.1
Strømtangen Fyr;SN17000;17.11.2006;9.4
Strømtangen Fyr;SN17000;18.11.2006;9.4
Strømtangen Fyr;SN17000;19.11.2006;8.1
Strømtangen Fyr;SN17000;20.11.2006;8.6
Strømtangen Fyr;SN17000;21.11.2006;8
Strømtangen Fyr;SN17000;22.11.2006;6.7
Strømtangen Fyr;SN17000;23.11.2006;6.7
Strømtangen Fyr;SN17000;24.11.2006;9.2
Strømtangen Fyr;SN17000;25.11.2006;9.3
Strømtangen Fyr;SN17000;26.11.2006;10.5
Strømtangen Fyr;SN17000;27.11.2006;8.9
Strømtangen Fyr;SN17000;28.11.2006;9
Strømtangen Fyr;SN17000;29.11.2006;9.9
Strømtangen Fyr;SN17000;30.11.2006;10.1
Strømtangen Fyr;SN17000;01.12.2006;9.3
Strømtangen Fyr;SN17000;02.12.2006;9.2
Strømtangen Fyr;SN17000;03.12.2006;8.7
Strømtangen Fyr;SN17000;04.12.2006;9.5
Strømtangen Fyr;SN17000;05.12.2006;9.8
Strømtangen Fyr;SN17000;06.12.2006;8.7
Strømtangen Fyr;SN17000;07.12.2006;7.9
Strømtangen Fyr;SN17000;08.12.2006;9
Strømtangen Fyr;SN17000;10.12.2006;7.2
Strømtangen Fyr;SN17000;11.12.2006;8.9
Strømtangen Fyr;SN17000;12.12.2006;7.8
Strømtangen Fyr;SN17000;14.12.2006;9.7
Strømtangen Fyr;SN17000;15.12.2006;6
Strømtangen Fyr;SN17000;16.12.2006;6.3
Strømtangen Fyr;SN17000;17.12.2006;2.4
Strømtangen Fyr;SN17000;18.12.2006;1.1
Strømtangen Fyr;SN17000;19.12.2006;3.1
Strømtangen Fyr;SN17000;20.12.2006;3.3
Strømtangen Fyr;SN17000;21.12.2006;0.9
Strømtangen Fyr;SN17000;22.12.2006;5.8
Strømtangen Fyr;SN17000;23.12.2006;7.2
Strømtangen Fyr;SN17000;24.12.2006;6.1
Strømtangen Fyr;SN17000;25.12.2006;3.4
Strømtangen Fyr;SN17000;26.12.2006;0.3
Strømtangen Fyr;SN17000;27.12.2006;2.4
Strømtangen Fyr;SN17000;28.12.2006;0.4
Strømtangen Fyr;SN17000;29.12.2006;1.6
Strømtangen Fyr;SN17000;30.12.2006;6.3
Strømtangen Fyr;SN17000;31.12.2006;5.8
Strømtangen Fyr;SN17000;02.01.2007;6
Strømtangen Fyr;SN17000;03.01.2007;5.7
Strømtangen Fyr;SN17000;04.01.2007;6.7
Strømtangen Fyr;SN17000;05.01.2007;3.4
Strømtangen Fyr;SN17000;06.01.2007;5.8
Strømtangen Fyr;SN17000;07.01.2007;6.8
Strømtangen Fyr;SN17000;08.01.2007;7.3
Strømtangen Fyr;SN17000;09.01.2007;7.9
Strømtangen Fyr;SN17000;10.01.2007;5.6
Strømtangen Fyr;SN17000;11.01.2007;0.9
Strømtangen Fyr;SN17000;12.01.2007;4.2
Strømtangen Fyr;SN17000;13.01.2007;6.7
Strømtangen Fyr;SN17000;14.01.2007;7
Strømtangen Fyr;SN17000;15.01.2007;7.7
Strømtangen Fyr;SN17000;16.01.2007;6.8
Strømtangen Fyr;SN17000;17.01.2007;3.6
Strømtangen Fyr;SN17000;18.01.2007;4.6
Strømtangen Fyr;SN17000;19.01.2007;1.9
Strømtangen Fyr;SN17000;20.01.2007;1.3
Strømtangen Fyr;SN17000;21.01.2007;-2.6
Strømtangen Fyr;SN17000;22.01.2007;-5.2
Strømtangen Fyr;SN17000;23.01.2007;-6.9
Strømtangen Fyr;SN17000;24.01.2007;-7.9
Strømtangen Fyr;SN17000;25.01.2007;-3.8
Strømtangen Fyr;SN17000;26.01.2007;2.7
Strømtangen Fyr;SN17000;27.01.2007;0.3
Strømtangen Fyr;SN17000;28.01.2007;0.6
Strømtangen Fyr;SN17000;29.01.2007;-0.1
Strømtangen Fyr;SN17000;30.01.2007;1.3
Strømtangen Fyr;SN17000;31.01.2007;5.4
Strømtangen Fyr;SN17000;01.02.2007;3.1
Strømtangen Fyr;SN17000;02.02.2007;5.7
Strømtangen Fyr;SN17000;03.02.2007;5.9
Strømtangen Fyr;SN17000;04.02.2007;5.4
Strømtangen Fyr;SN17000;05.02.2007;2
Strømtangen Fyr;SN17000;06.02.2007;-4.8
Strømtangen Fyr;SN17000;07.02.2007;-6.1
Strømtangen Fyr;SN17000;08.02.2007;-4.4
Strømtangen Fyr;SN17000;09.02.2007;-3.2
Strømtangen Fyr;SN17000;10.02.2007;-5.6
Strømtangen Fyr;SN17000;11.02.2007;-7.5
Strømtangen Fyr;SN17000;12.02.2007;-4.4
Strømtangen Fyr;SN17000;13.02.2007;-1.9
Strømtangen Fyr;SN17000;14.02.2007;-0.5
Strømtangen Fyr;SN17000;15.02.2007;1.2
Strømtangen Fyr;SN17000;16.02.2007;2.2
Strømtangen Fyr;SN17000;17.02.2007;3.6
Strømtangen Fyr;SN17000;18.02.2007;1.5
Strømtangen Fyr;SN17000;19.02.2007;0.7
Strømtangen Fyr;SN17000;20.02.2007;-3.5
Strømtangen Fyr;SN17000;21.02.2007;-8.5
Strømtangen Fyr;SN17000;22.02.2007;-5.6
Strømtangen Fyr;SN17000;23.02.2007;-3.7
Strømtangen Fyr;SN17000;24.02.2007;-1.8
Strømtangen Fyr;SN17000;25.02.2007;-0.4
Strømtangen Fyr;SN17000;26.02.2007;-0.1
Strømtangen Fyr;SN17000;27.02.2007;-0.1
Strømtangen Fyr;SN17000;28.02.2007;0.5
Strømtangen Fyr;SN17000;01.03.2007;1.7
Strømtangen Fyr;SN17000;02.03.2007;2.2
Strømtangen Fyr;SN17000;03.03.2007;1.7
Strømtangen Fyr;SN17000;04.03.2007;2.1
Strømtangen Fyr;SN17000;05.03.2007;2.5
Strømtangen Fyr;SN17000;06.03.2007;3.5
Strømtangen Fyr;SN17000;07.03.2007;3.7
Strømtangen Fyr;SN17000;08.03.2007;3.6
Strømtangen Fyr;SN17000;09.03.2007;3.5
Strømtangen Fyr;SN17000;10.03.2007;4.3
Strømtangen Fyr;SN17000;11.03.2007;4.2
Strømtangen Fyr;SN17000;12.03.2007;4.6
Strømtangen Fyr;SN17000;13.03.2007;4.5
Strømtangen Fyr;SN17000;14.03.2007;5
Strømtangen Fyr;SN17000;15.03.2007;4.9
Strømtangen Fyr;SN17000;16.03.2007;4.5
Strømtangen Fyr;SN17000;17.03.2007;5.4
Strømtangen Fyr;SN17000;18.03.2007;4.3
Strømtangen Fyr;SN17000;19.03.2007;4
Strømtangen Fyr;SN17000;20.03.2007;4.7
Strømtangen Fyr;SN17000;21.03.2007;4.4
Strømtangen Fyr;SN17000;22.03.2007;4
Strømtangen Fyr;SN17000;23.03.2007;3.9
Strømtangen Fyr;SN17000;24.03.2007;6.8
Strømtangen Fyr;SN17000;25.03.2007;6.6
Strømtangen Fyr;SN17000;26.03.2007;6.8
Strømtangen Fyr;SN17000;27.03.2007;5.1
Strømtangen Fyr;SN17000;28.03.2007;5.8
Strømtangen Fyr;SN17000;29.03.2007;6.4
Strømtangen Fyr;SN17000;30.03.2007;7.1
Strømtangen Fyr;SN17000;31.03.2007;6.8
Strømtangen Fyr;SN17000;01.04.2007;6.2
Strømtangen Fyr;SN17000;02.04.2007;8.6
Strømtangen Fyr;SN17000;03.04.2007;7.1
Strømtangen Fyr;SN17000;04.04.2007;7.2
Strømtangen Fyr;SN17000;05.04.2007;8.1
Strømtangen Fyr;SN17000;06.04.2007;4.3
Strømtangen Fyr;SN17000;07.04.2007;4.6
Strømtangen Fyr;SN17000;08.04.2007;1.9
Strømtangen Fyr;SN17000;09.04.2007;2.3
Strømtangen Fyr;SN17000;10.04.2007;6.8
Strømtangen Fyr;SN17000;11.04.2007;9.6
Strømtangen Fyr;SN17000;12.04.2007;7.4
Strømtangen Fyr;SN17000;13.04.2007;7.2
Strømtangen Fyr;SN17000;14.04.2007;8.7
Strømtangen Fyr;SN17000;15.04.2007;8.7
Strømtangen Fyr;SN17000;16.04.2007;9.6
Strømtangen Fyr;SN17000;17.04.2007;8.7
Strømtangen Fyr;SN17000;18.04.2007;7.8
Strømtangen Fyr;SN17000;19.04.2007;7.9
Strømtangen Fyr;SN17000;20.04.2007;6
Strømtangen Fyr;SN17000;21.04.2007;4.3
Strømtangen Fyr;SN17000;22.04.2007;6.8
Strømtangen Fyr;SN17000;23.04.2007;7.4
Strømtangen Fyr;SN17000;24.04.2007;8.7
Strømtangen Fyr;SN17000;25.04.2007;9.5
Strømtangen Fyr;SN17000;26.04.2007;9.1
Strømtangen Fyr;SN17000;27.04.2007;11.3
Strømtangen Fyr;SN17000;28.04.2007;11.4
Strømtangen Fyr;SN17000;29.04.2007;8.5
Strømtangen Fyr;SN17000;30.04.2007;9.6
Strømtangen Fyr;SN17000;01.05.2007;10.5
Strømtangen Fyr;SN17000;02.05.2007;11.7
Strømtangen Fyr;SN17000;03.05.2007;9.4
Strømtangen Fyr;SN17000;04.05.2007;11.6
Strømtangen Fyr;SN17000;05.05.2007;9.2
Strømtangen Fyr;SN17000;06.05.2007;9.4
Strømtangen Fyr;SN17000;07.05.2007;9.9
Strømtangen Fyr;SN17000;08.05.2007;10.2
Strømtangen Fyr;SN17000;09.05.2007;9.8
Strømtangen Fyr;SN17000;10.05.2007;8.7
Strømtangen Fyr;SN17000;11.05.2007;9.7
Strømtangen Fyr;SN17000;12.05.2007;9.2
Strømtangen Fyr;SN17000;13.05.2007;9.7
Strømtangen Fyr;SN17000;14.05.2007;10.2
Strømtangen Fyr;SN17000;15.05.2007;9.9
Strømtangen Fyr;SN17000;16.05.2007;9.2
Strømtangen Fyr;SN17000;17.05.2007;9.2
Strømtangen Fyr;SN17000;18.05.2007;9.4
Strømtangen Fyr;SN17000;19.05.2007;11.3
Strømtangen Fyr;SN17000;20.05.2007;11.4
Strømtangen Fyr;SN17000;21.05.2007;11.3
Strømtangen Fyr;SN17000;22.05.2007;11
Strømtangen Fyr;SN17000;23.05.2007;11.3
Strømtangen Fyr;SN17000;24.05.2007;11.7
Strømtangen Fyr;SN17000;25.05.2007;11.7
Strømtangen Fyr;SN17000;26.05.2007;11.3
Strømtangen Fyr;SN17000;27.05.2007;11.4
Strømtangen Fyr;SN17000;28.05.2007;9.5
Strømtangen Fyr;SN17000;29.05.2007;13.8
Strømtangen Fyr;SN17000;30.05.2007;12.5
Strømtangen Fyr;SN17000;31.05.2007;12.9
Strømtangen Fyr;SN17000;01.06.2007;9.7
Strømtangen Fyr;SN17000;02.06.2007;14.1
Strømtangen Fyr;SN17000;03.06.2007;15.6
Strømtangen Fyr;SN17000;04.06.2007;15.7
Strømtangen Fyr;SN17000;05.06.2007;17.5
Strømtangen Fyr;SN17000;06.06.2007;18.1
Strømtangen Fyr;SN17000;07.06.2007;19.7
Strømtangen Fyr;SN17000;08.06.2007;19.6
Strømtangen Fyr;SN17000;09.06.2007;20.2
Strømtangen Fyr;SN17000;10.06.2007;20.2
Strømtangen Fyr;SN17000;11.06.2007;21
Strømtangen Fyr;SN17000;12.06.2007;19.8
Strømtangen Fyr;SN17000;13.06.2007;14.9
Strømtangen Fyr;SN17000;14.06.2007;14
Strømtangen Fyr;SN17000;15.06.2007;14.4
Strømtangen Fyr;SN17000;16.06.2007;16.7
Strømtangen Fyr;SN17000;17.06.2007;11.3
Strømtangen Fyr;SN17000;18.06.2007;14.5
Strømtangen Fyr;SN17000;19.06.2007;16.9
Strømtangen Fyr;SN17000;20.06.2007;17.3
Strømtangen Fyr;SN17000;21.06.2007;18.1
Strømtangen Fyr;SN17000;22.06.2007;15.4
Strømtangen Fyr;SN17000;23.06.2007;15.4
Strømtangen Fyr;SN17000;24.06.2007;16.4
Strømtangen Fyr;SN17000;25.06.2007;16.7
Strømtangen Fyr;SN17000;26.06.2007;15.8
Strømtangen Fyr;SN17000;27.06.2007;17.5
Strømtangen Fyr;SN17000;28.06.2007;17.5
Strømtangen Fyr;SN17000;29.06.2007;15
Strømtangen Fyr;SN17000;30.06.2007;14.7
Strømtangen Fyr;SN17000;01.07.2007;15.9
Strømtangen Fyr;SN17000;02.07.2007;16.1
Strømtangen Fyr;SN17000;03.07.2007;15.2
Strømtangen Fyr;SN17000;04.07.2007;16.1
Strømtangen Fyr;SN17000;05.07.2007;17.7
Strømtangen Fyr;SN17000;06.07.2007;19.8
Strømtangen Fyr;SN17000;07.07.2007;17.8
Strømtangen Fyr;SN17000;08.07.2007;17.3
Strømtangen Fyr;SN17000;09.07.2007;14.9
Strømtangen Fyr;SN17000;10.07.2007;14.9
Strømtangen Fyr;SN17000;11.07.2007;14.6
Strømtangen Fyr;SN17000;12.07.2007;15.1
Strømtangen Fyr;SN17000;13.07.2007;15.8
Strømtangen Fyr;SN17000;14.07.2007;16.3
Strømtangen Fyr;SN17000;15.07.2007;16.8
Strømtangen Fyr;SN17000;16.07.2007;17.6
Strømtangen Fyr;SN17000;17.07.2007;17
Strømtangen Fyr;SN17000;18.07.2007;16.2
Strømtangen Fyr;SN17000;19.07.2007;15.7
Strømtangen Fyr;SN17000;20.07.2007;16.5
Strømtangen Fyr;SN17000;21.07.2007;16.6
Strømtangen Fyr;SN17000;22.07.2007;16.9
Strømtangen Fyr;SN17000;23.07.2007;15.8
Strømtangen Fyr;SN17000;24.07.2007;16.6
Strømtangen Fyr;SN17000;25.07.2007;17.6
Strømtangen Fyr;SN17000;26.07.2007;17.2
Strømtangen Fyr;SN17000;27.07.2007;16.5
Strømtangen Fyr;SN17000;28.07.2007;16.3
Strømtangen Fyr;SN17000;29.07.2007;16.5
Strømtangen Fyr;SN17000;30.07.2007;15.7
Strømtangen Fyr;SN17000;31.07.2007;17.6
Strømtangen Fyr;SN17000;01.08.2007;16.4
Strømtangen Fyr;SN17000;02.08.2007;16.6
Strømtangen Fyr;SN17000;03.08.2007;17.3
Strømtangen Fyr;SN17000;04.08.2007;16.8
Strømtangen Fyr;SN17000;05.08.2007;17.4
Strømtangen Fyr;SN17000;06.08.2007;19.2
Strømtangen Fyr;SN17000;07.08.2007;20.5
Strømtangen Fyr;SN17000;08.08.2007;20.2
Strømtangen Fyr;SN17000;09.08.2007;20.1
Strømtangen Fyr;SN17000;10.08.2007;19.5
Strømtangen Fyr;SN17000;11.08.2007;18.6
Strømtangen Fyr;SN17000;12.08.2007;18.8
Strømtangen Fyr;SN17000;13.08.2007;18
Strømtangen Fyr;SN17000;14.08.2007;17.5
Strømtangen Fyr;SN17000;15.08.2007;17.5
Strømtangen Fyr;SN17000;16.08.2007;17.3
Strømtangen Fyr;SN17000;17.08.2007;16.2
Strømtangen Fyr;SN17000;19.08.2007;15.6
Strømtangen Fyr;SN17000;20.08.2007;17.3
Strømtangen Fyr;SN17000;21.08.2007;19.8
Strømtangen Fyr;SN17000;22.08.2007;20.4
Strømtangen Fyr;SN17000;23.08.2007;19.3
Strømtangen Fyr;SN17000;24.08.2007;17.6
Strømtangen Fyr;SN17000;25.08.2007;18.4
Strømtangen Fyr;SN17000;26.08.2007;16.8
Strømtangen Fyr;SN17000;27.08.2007;14.4
Strømtangen Fyr;SN17000;28.08.2007;14.1
Strømtangen Fyr;SN17000;29.08.2007;12.7
Strømtangen Fyr;SN17000;30.08.2007;11.4
Strømtangen Fyr;SN17000;31.08.2007;13.5
Strømtangen Fyr;SN17000;01.09.2007;12.8
Strømtangen Fyr;SN17000;02.09.2007;15.9
Strømtangen Fyr;SN17000;03.09.2007;13.2
Strømtangen Fyr;SN17000;04.09.2007;12.9
Strømtangen Fyr;SN17000;05.09.2007;14.2
Strømtangen Fyr;SN17000;06.09.2007;15.6
Strømtangen Fyr;SN17000;07.09.2007;15.9
Strømtangen Fyr;SN17000;08.09.2007;16.9
Strømtangen Fyr;SN17000;09.09.2007;13.9
Strømtangen Fyr;SN17000;10.09.2007;12.7
Strømtangen Fyr;SN17000;11.09.2007;13.2
Strømtangen Fyr;SN17000;12.09.2007;15.5
Strømtangen Fyr;SN17000;13.09.2007;12.4
Strømtangen Fyr;SN17000;14.09.2007;14.2
Strømtangen Fyr;SN17000;15.09.2007;13.1
Strømtangen Fyr;SN17000;16.09.2007;12.6
Strømtangen Fyr;SN17000;17.09.2007;13.5
Strømtangen Fyr;SN17000;18.09.2007;9.9
Strømtangen Fyr;SN17000;19.09.2007;9.1
Strømtangen Fyr;SN17000;20.09.2007;12.6
Strømtangen Fyr;SN17000;21.09.2007;13.3
Strømtangen Fyr;SN17000;22.09.2007;13.4
Strømtangen Fyr;SN17000;23.09.2007;13.8
Strømtangen Fyr;SN17000;24.09.2007;15.2
Strømtangen Fyr;SN17000;25.09.2007;13.8
Strømtangen Fyr;SN17000;26.09.2007;12.8
Strømtangen Fyr;SN17000;27.09.2007;10.4
Strømtangen Fyr;SN17000;28.09.2007;9.2
Strømtangen Fyr;SN17000;29.09.2007;9
Strømtangen Fyr;SN17000;30.09.2007;12.9
Strømtangen Fyr;SN17000;01.10.2007;12.3
Strømtangen Fyr;SN17000;02.10.2007;11.9
Strømtangen Fyr;SN17000;03.10.2007;10.6
Strømtangen Fyr;SN17000;04.10.2007;10.6
Strømtangen Fyr;SN17000;05.10.2007;9.5
Strømtangen Fyr;SN17000;06.10.2007;9.8
Strømtangen Fyr;SN17000;07.10.2007;12.5
Strømtangen Fyr;SN17000;08.10.2007;10.5
Strømtangen Fyr;SN17000;09.10.2007;8.5
Strømtangen Fyr;SN17000;10.10.2007;7.9
Strømtangen Fyr;SN17000;11.10.2007;10.4
Strømtangen Fyr;SN17000;12.10.2007;7.5
Strømtangen Fyr;SN17000;13.10.2007;10.1
Strømtangen Fyr;SN17000;14.10.2007;12.1
Strømtangen Fyr;SN17000;15.10.2007;12
Strømtangen Fyr;SN17000;16.10.2007;12.6
Strømtangen Fyr;SN17000;17.10.2007;11.1
Strømtangen Fyr;SN17000;18.10.2007;7.7
Strømtangen Fyr;SN17000;19.10.2007;6.4
Strømtangen Fyr;SN17000;20.10.2007;7.8
Strømtangen Fyr;SN17000;21.10.2007;8.5
Strømtangen Fyr;SN17000;22.10.2007;9.5
Strømtangen Fyr;SN17000;23.10.2007;9.6
Strømtangen Fyr;SN17000;24.10.2007;8.6
Strømtangen Fyr;SN17000;25.10.2007;5.2
Strømtangen Fyr;SN17000;26.10.2007;3.9
Strømtangen Fyr;SN17000;27.10.2007;9.3
Strømtangen Fyr;SN17000;28.10.2007;10.3
Strømtangen Fyr;SN17000;29.10.2007;10.7
Strømtangen Fyr;SN17000;30.10.2007;8.4
Strømtangen Fyr;SN17000;31.10.2007;7.8
Strømtangen Fyr;SN17000;01.11.2007;10.5
Strømtangen Fyr;SN17000;02.11.2007;5.4
Strømtangen Fyr;SN17000;03.11.2007;9.9
Strømtangen Fyr;SN17000;04.11.2007;5.5
Strømtangen Fyr;SN17000;05.11.2007;8.6
Strømtangen Fyr;SN17000;06.11.2007;6.9
Strømtangen Fyr;SN17000;07.11.2007;7.2
Strømtangen Fyr;SN17000;08.11.2007;7.7
Strømtangen Fyr;SN17000;09.11.2007;5.2
Strømtangen Fyr;SN17000;10.11.2007;5
Strømtangen Fyr;SN17000;11.11.2007;3.5
Strømtangen Fyr;SN17000;12.11.2007;2
Strømtangen Fyr;SN17000;13.11.2007;1.5
Strømtangen Fyr;SN17000;14.11.2007;1.1
Strømtangen Fyr;SN17000;15.11.2007;1.9
Strømtangen Fyr;SN17000;16.11.2007;0.9
Strømtangen Fyr;SN17000;18.11.2007;6.3
Strømtangen Fyr;SN17000;19.11.2007;4.3
Strømtangen Fyr;SN17000;20.11.2007;1.5
Strømtangen Fyr;SN17000;21.11.2007;2.6
Strømtangen Fyr;SN17000;22.11.2007;7
Strømtangen Fyr;SN17000;23.11.2007;2.6
Strømtangen Fyr;SN17000;24.11.2007;4.1
Strømtangen Fyr;SN17000;25.11.2007;2.9
Strømtangen Fyr;SN17000;26.11.2007;3.5
Strømtangen Fyr;SN17000;27.11.2007;2.2
Strømtangen Fyr;SN17000;28.11.2007;6
Strømtangen Fyr;SN17000;29.11.2007;6.8
Strømtangen Fyr;SN17000;30.11.2007;3
Strømtangen Fyr;SN17000;01.12.2007;6.1
Strømtangen Fyr;SN17000;02.12.2007;6.3
Strømtangen Fyr;SN17000;03.12.2007;3.8
Strømtangen Fyr;SN17000;04.12.2007;2
Strømtangen Fyr;SN17000;05.12.2007;7.4
Strømtangen Fyr;SN17000;06.12.2007;7.8
Strømtangen Fyr;SN17000;07.12.2007;5.4
Strømtangen Fyr;SN17000;08.12.2007;4
Strømtangen Fyr;SN17000;09.12.2007;2.6
Strømtangen Fyr;SN17000;10.12.2007;2.2
Strømtangen Fyr;SN17000;11.12.2007;0.7
Strømtangen Fyr;SN17000;12.12.2007;-1.5
Strømtangen Fyr;SN17000;13.12.2007;-2.9
Strømtangen Fyr;SN17000;14.12.2007;-6.3
Strømtangen Fyr;SN17000;15.12.2007;-4.4
Strømtangen Fyr;SN17000;16.12.2007;-2.5
Strømtangen Fyr;SN17000;17.12.2007;-4.5
Strømtangen Fyr;SN17000;18.12.2007;-5
Strømtangen Fyr;SN17000;19.12.2007;-2.4
Strømtangen Fyr;SN17000;20.12.2007;-1.6
Strømtangen Fyr;SN17000;21.12.2007;-2.2
Strømtangen Fyr;SN17000;22.12.2007;0.1
Strømtangen Fyr;SN17000;23.12.2007;-0.2
Strømtangen Fyr;SN17000;24.12.2007;5.5
Strømtangen Fyr;SN17000;25.12.2007;3.3
Strømtangen Fyr;SN17000;26.12.2007;6.2
Strømtangen Fyr;SN17000;27.12.2007;6.9
Strømtangen Fyr;SN17000;28.12.2007;6.4
Strømtangen Fyr;SN17000;29.12.2007;6.3
Strømtangen Fyr;SN17000;30.12.2007;3.8
Strømtangen Fyr;SN17000;31.12.2007;1
Strømtangen Fyr;SN17000;01.01.2008;-0.1
Strømtangen Fyr;SN17000;02.01.2008;1.6
Strømtangen Fyr;SN17000;03.01.2008;-0.4
Strømtangen Fyr;SN17000;04.01.2008;0.2
Strømtangen Fyr;SN17000;05.01.2008;0
Strømtangen Fyr;SN17000;06.01.2008;-0.6
Strømtangen Fyr;SN17000;07.01.2008;2.3
Strømtangen Fyr;SN17000;08.01.2008;1.8
Strømtangen Fyr;SN17000;09.01.2008;4.1
Strømtangen Fyr;SN17000;10.01.2008;4.6
Strømtangen Fyr;SN17000;11.01.2008;5.5
Strømtangen Fyr;SN17000;12.01.2008;2.6
Strømtangen Fyr;SN17000;13.01.2008;3.6
Strømtangen Fyr;SN17000;14.01.2008;4.5
Strømtangen Fyr;SN17000;15.01.2008;5.4
Strømtangen Fyr;SN17000;16.01.2008;5.8
Strømtangen Fyr;SN17000;17.01.2008;4.6
Strømtangen Fyr;SN17000;18.01.2008;3.6
Strømtangen Fyr;SN17000;19.01.2008;5.7
Strømtangen Fyr;SN17000;20.01.2008;4.9
Strømtangen Fyr;SN17000;21.01.2008;2.5
Strømtangen Fyr;SN17000;22.01.2008;-0.1
Strømtangen Fyr;SN17000;23.01.2008;2.2
Strømtangen Fyr;SN17000;24.01.2008;4.9
Strømtangen Fyr;SN17000;25.01.2008;5.1
Strømtangen Fyr;SN17000;26.01.2008;4.5
Strømtangen Fyr;SN17000;27.01.2008;3.1
Strømtangen Fyr;SN17000;28.01.2008;4.2
Strømtangen Fyr;SN17000;29.01.2008;5.5
Strømtangen Fyr;SN17000;30.01.2008;2.1
Strømtangen Fyr;SN17000;31.01.2008;3.7
Strømtangen Fyr;SN17000;01.02.2008;3.8
Strømtangen Fyr;SN17000;02.02.2008;1.1
Strømtangen Fyr;SN17000;03.02.2008;3.8
Strømtangen Fyr;SN17000;04.02.2008;1.9
Strømtangen Fyr;SN17000;05.02.2008;3.6
Strømtangen Fyr;SN17000;06.02.2008;2.9
Strømtangen Fyr;SN17000;07.02.2008;4.1
Strømtangen Fyr;SN17000;08.02.2008;4.9
Strømtangen Fyr;SN17000;09.02.2008;5
Strømtangen Fyr;SN17000;10.02.2008;3.2
Strømtangen Fyr;SN17000;11.02.2008;1.6
Strømtangen Fyr;SN17000;12.02.2008;3.4
Strømtangen Fyr;SN17000;13.02.2008;0.1
Strømtangen Fyr;SN17000;14.02.2008;0.4
Strømtangen Fyr;SN17000;15.02.2008;-0.7
Strømtangen Fyr;SN17000;16.02.2008;0.8
Strømtangen Fyr;SN17000;17.02.2008;5.4
Strømtangen Fyr;SN17000;18.02.2008;5.4
Strømtangen Fyr;SN17000;19.02.2008;3.7
Strømtangen Fyr;SN17000;20.02.2008;3.2
Strømtangen Fyr;SN17000;21.02.2008;4.9
Strømtangen Fyr;SN17000;22.02.2008;5.7
Strømtangen Fyr;SN17000;23.02.2008;5.4
Strømtangen Fyr;SN17000;24.02.2008;6
Strømtangen Fyr;SN17000;25.02.2008;5.2
Strømtangen Fyr;SN17000;26.02.2008;5.3
Strømtangen Fyr;SN17000;27.02.2008;5.6
Strømtangen Fyr;SN17000;28.02.2008;4.7
Strømtangen Fyr;SN17000;29.02.2008;4.6
Strømtangen Fyr;SN17000;01.03.2008;3.6
Strømtangen Fyr;SN17000;02.03.2008;4
Strømtangen Fyr;SN17000;03.03.2008;3
Strømtangen Fyr;SN17000;04.03.2008;0.7
Strømtangen Fyr;SN17000;05.03.2008;2.7
Strømtangen Fyr;SN17000;06.03.2008;5.3
Strømtangen Fyr;SN17000;07.03.2008;2.9
Strømtangen Fyr;SN17000;08.03.2008;5.3
Strømtangen Fyr;SN17000;09.03.2008;5.7
Strømtangen Fyr;SN17000;10.03.2008;5
Strømtangen Fyr;SN17000;11.03.2008;5.9
Strømtangen Fyr;SN17000;12.03.2008;5.4
Strømtangen Fyr;SN17000;13.03.2008;5
Strømtangen Fyr;SN17000;14.03.2008;4.2
Strømtangen Fyr;SN17000;15.03.2008;1.5
Strømtangen Fyr;SN17000;16.03.2008;1.6
Strømtangen Fyr;SN17000;17.03.2008;2.3
Strømtangen Fyr;SN17000;18.03.2008;2.4
Strømtangen Fyr;SN17000;19.03.2008;2.7
Strømtangen Fyr;SN17000;20.03.2008;-0.3
Strømtangen Fyr;SN17000;21.03.2008;-0.2
Strømtangen Fyr;SN17000;22.03.2008;-3.8
Strømtangen Fyr;SN17000;23.03.2008;-4.1
Strømtangen Fyr;SN17000;24.03.2008;-1.8
Strømtangen Fyr;SN17000;25.03.2008;-1.1
Strømtangen Fyr;SN17000;26.03.2008;0.1
Strømtangen Fyr;SN17000;27.03.2008;0.1
Strømtangen Fyr;SN17000;28.03.2008;3.4
Strømtangen Fyr;SN17000;29.03.2008;4.6
Strømtangen Fyr;SN17000;30.03.2008;6.2
Strømtangen Fyr;SN17000;31.03.2008;4.8
Strømtangen Fyr;SN17000;01.04.2008;4.3
Strømtangen Fyr;SN17000;02.04.2008;5.4
Strømtangen Fyr;SN17000;03.04.2008;6.6
Strømtangen Fyr;SN17000;04.04.2008;5.4
Strømtangen Fyr;SN17000;05.04.2008;5.2
Strømtangen Fyr;SN17000;06.04.2008;3.9
Strømtangen Fyr;SN17000;07.04.2008;3.6
Strømtangen Fyr;SN17000;08.04.2008;3.3
Strømtangen Fyr;SN17000;09.04.2008;2.6
Strømtangen Fyr;SN17000;10.04.2008;4
Strømtangen Fyr;SN17000;11.04.2008;5.9
Strømtangen Fyr;SN17000;12.04.2008;3.8
Strømtangen Fyr;SN17000;13.04.2008;5.3
Strømtangen Fyr;SN17000;14.04.2008;5.9
Strømtangen Fyr;SN17000;15.04.2008;5.8
Strømtangen Fyr;SN17000;16.04.2008;6.1
Strømtangen Fyr;SN17000;17.04.2008;7.5
Strømtangen Fyr;SN17000;18.04.2008;7.6
Strømtangen Fyr;SN17000;19.04.2008;7.5
Strømtangen Fyr;SN17000;20.04.2008;6.5
Strømtangen Fyr;SN17000;21.04.2008;8.6
Strømtangen Fyr;SN17000;22.04.2008;8.9
Strømtangen Fyr;SN17000;23.04.2008;8.1
Strømtangen Fyr;SN17000;24.04.2008;7.5
Strømtangen Fyr;SN17000;25.04.2008;8.1
Strømtangen Fyr;SN17000;26.04.2008;8.8
Strømtangen Fyr;SN17000;27.04.2008;9.8
Strømtangen Fyr;SN17000;28.04.2008;13.6
Strømtangen Fyr;SN17000;29.04.2008;13.7
Strømtangen Fyr;SN17000;30.04.2008;13.3
Strømtangen Fyr;SN17000;01.05.2008;10.8
Strømtangen Fyr;SN17000;02.05.2008;9.8
Strømtangen Fyr;SN17000;03.05.2008;9.7
Strømtangen Fyr;SN17000;04.05.2008;10.6
Strømtangen Fyr;SN17000;05.05.2008;12.5
Strømtangen Fyr;SN17000;06.05.2008;11.8
Strømtangen Fyr;SN17000;07.05.2008;11.9
Strømtangen Fyr;SN17000;08.05.2008;12.6
Strømtangen Fyr;SN17000;09.05.2008;12.5
Strømtangen Fyr;SN17000;10.05.2008;12.9
Strømtangen Fyr;SN17000;11.05.2008;14
Strømtangen Fyr;SN17000;12.05.2008;12
Strømtangen Fyr;SN17000;13.05.2008;9.7
Strømtangen Fyr;SN17000;14.05.2008;10.4
Strømtangen Fyr;SN17000;15.05.2008;11.5
Strømtangen Fyr;SN17000;16.05.2008;9.9
Strømtangen Fyr;SN17000;17.05.2008;5.8
Strømtangen Fyr;SN17000;18.05.2008;6.4
Strømtangen Fyr;SN17000;19.05.2008;8
Strømtangen Fyr;SN17000;20.05.2008;9.7
Strømtangen Fyr;SN17000;21.05.2008;10.4
Strømtangen Fyr;SN17000;22.05.2008;10.7
Strømtangen Fyr;SN17000;23.05.2008;11.5
Strømtangen Fyr;SN17000;24.05.2008;11.5
Strømtangen Fyr;SN17000;25.05.2008;12.9
Strømtangen Fyr;SN17000;26.05.2008;13.4
Strømtangen Fyr;SN17000;27.05.2008;13.8
Strømtangen Fyr;SN17000;28.05.2008;14.2
Strømtangen Fyr;SN17000;29.05.2008;14.7
Strømtangen Fyr;SN17000;30.05.2008;16.8
Strømtangen Fyr;SN17000;31.05.2008;16.7
Strømtangen Fyr;SN17000;01.06.2008;16.6
Strømtangen Fyr;SN17000;02.06.2008;18.9
Strømtangen Fyr;SN17000;03.06.2008;19.4
Strømtangen Fyr;SN17000;04.06.2008;18.4
Strømtangen Fyr;SN17000;05.06.2008;18.3
Strømtangen Fyr;SN17000;06.06.2008;18.7
Strømtangen Fyr;SN17000;07.06.2008;19.5
Strømtangen Fyr;SN17000;08.06.2008;19.8
Strømtangen Fyr;SN17000;09.06.2008;18.2
Strømtangen Fyr;SN17000;10.06.2008;16.9
Strømtangen Fyr;SN17000;11.06.2008;14.8
Strømtangen Fyr;SN17000;12.06.2008;13.6
Strømtangen Fyr;SN17000;13.06.2008;13.1
Strømtangen Fyr;SN17000;14.06.2008;12.5
Strømtangen Fyr;SN17000;15.06.2008;11.9
Strømtangen Fyr;SN17000;16.06.2008;12.8
Strømtangen Fyr;SN17000;17.06.2008;14.5
Strømtangen Fyr;SN17000;18.06.2008;14.5
Strømtangen Fyr;SN17000;19.06.2008;14.7
Strømtangen Fyr;SN17000;20.06.2008;14.9
Strømtangen Fyr;SN17000;21.06.2008;15.4
Strømtangen Fyr;SN17000;22.06.2008;13
Strømtangen Fyr;SN17000;23.06.2008;15.1
Strømtangen Fyr;SN17000;24.06.2008;14.8
Strømtangen Fyr;SN17000;25.06.2008;13.8
Strømtangen Fyr;SN17000;26.06.2008;15.1
Strømtangen Fyr;SN17000;27.06.2008;14
Strømtangen Fyr;SN17000;28.06.2008;14.2
Strømtangen Fyr;SN17000;29.06.2008;15.4
Strømtangen Fyr;SN17000;30.06.2008;16.1
Strømtangen Fyr;SN17000;01.07.2008;16
Strømtangen Fyr;SN17000;02.07.2008;17.3
Strømtangen Fyr;SN17000;03.07.2008;21.3
Strømtangen Fyr;SN17000;04.07.2008;21.8
Strømtangen Fyr;SN17000;05.07.2008;19.8
Strømtangen Fyr;SN17000;06.07.2008;14.2
Strømtangen Fyr;SN17000;07.07.2008;13.5
Strømtangen Fyr;SN17000;08.07.2008;14.5
Strømtangen Fyr;SN17000;09.07.2008;16.6
Strømtangen Fyr;SN17000;10.07.2008;17.6
Strømtangen Fyr;SN17000;11.07.2008;17.1
Strømtangen Fyr;SN17000;12.07.2008;17.2
Strømtangen Fyr;SN17000;13.07.2008;16.6
Strømtangen Fyr;SN17000;14.07.2008;17.5
Strømtangen Fyr;SN17000;15.07.2008;17.9
Strømtangen Fyr;SN17000;16.07.2008;16.4
Strømtangen Fyr;SN17000;17.07.2008;16.5
Strømtangen Fyr;SN17000;18.07.2008;16.1
Strømtangen Fyr;SN17000;19.07.2008;16.6
Strømtangen Fyr;SN17000;20.07.2008;15.6
Strømtangen Fyr;SN17000;21.07.2008;16.4
Strømtangen Fyr;SN17000;22.07.2008;17.8
Strømtangen Fyr;SN17000;23.07.2008;18.2
Strømtangen Fyr;SN17000;24.07.2008;20.6
Strømtangen Fyr;SN17000;25.07.2008;23.1
Strømtangen Fyr;SN17000;26.07.2008;22.9
Strømtangen Fyr;SN17000;27.07.2008;21.6
Strømtangen Fyr;SN17000;28.07.2008;22.2
Strømtangen Fyr;SN17000;29.07.2008;22.8
Strømtangen Fyr;SN17000;30.07.2008;21.2
Strømtangen Fyr;SN17000;31.07.2008;21
Strømtangen Fyr;SN17000;01.08.2008;21
Strømtangen Fyr;SN17000;02.08.2008;19.5
Strømtangen Fyr;SN17000;03.08.2008;19.1
Strømtangen Fyr;SN17000;04.08.2008;16.8
Strømtangen Fyr;SN17000;05.08.2008;16.6
Strømtangen Fyr;SN17000;06.08.2008;16.7
Strømtangen Fyr;SN17000;07.08.2008;16
Strømtangen Fyr;SN17000;08.08.2008;16.7
Strømtangen Fyr;SN17000;09.08.2008;15.5
Strømtangen Fyr;SN17000;10.08.2008;15.6
Strømtangen Fyr;SN17000;11.08.2008;17.5
Strømtangen Fyr;SN17000;12.08.2008;17.3
Strømtangen Fyr;SN17000;13.08.2008;17.1
Strømtangen Fyr;SN17000;14.08.2008;17.2
Strømtangen Fyr;SN17000;15.08.2008;16.5
Strømtangen Fyr;SN17000;16.08.2008;16.5
Strømtangen Fyr;SN17000;17.08.2008;16.8
Strømtangen Fyr;SN17000;18.08.2008;17.1
Strømtangen Fyr;SN17000;19.08.2008;16.9
Strømtangen Fyr;SN17000;20.08.2008;17
Strømtangen Fyr;SN17000;21.08.2008;17.6
Strømtangen Fyr;SN17000;22.08.2008;16.8
Strømtangen Fyr;SN17000;23.08.2008;16
Strømtangen Fyr;SN17000;24.08.2008;15.6
Strømtangen Fyr;SN17000;25.08.2008;16.3
Strømtangen Fyr;SN17000;26.08.2008;17.7
Strømtangen Fyr;SN17000;27.08.2008;16.2
Strømtangen Fyr;SN17000;28.08.2008;16.9
Strømtangen Fyr;SN17000;29.08.2008;15.7
Strømtangen Fyr;SN17000;30.08.2008;16.1
Strømtangen Fyr;SN17000;31.08.2008;16.2
Strømtangen Fyr;SN17000;01.09.2008;16.7
Strømtangen Fyr;SN17000;02.09.2008;17
Strømtangen Fyr;SN17000;03.09.2008;15.6
Strømtangen Fyr;SN17000;04.09.2008;15.6
Strømtangen Fyr;SN17000;05.09.2008;15.9
Strømtangen Fyr;SN17000;06.09.2008;12.8
Strømtangen Fyr;SN17000;08.09.2008;13.9
Strømtangen Fyr;SN17000;09.09.2008;13.8
Strømtangen Fyr;SN17000;10.09.2008;11.2
Strømtangen Fyr;SN17000;11.09.2008;13.4
Strømtangen Fyr;SN17000;12.09.2008;12.2
Strømtangen Fyr;SN17000;13.09.2008;10.9
Strømtangen Fyr;SN17000;14.09.2008;10.1
Strømtangen Fyr;SN17000;15.09.2008;10.3
Strømtangen Fyr;SN17000;16.09.2008;9
Strømtangen Fyr;SN17000;17.09.2008;9.8
Strømtangen Fyr;SN17000;18.09.2008;11.5
Strømtangen Fyr;SN17000;19.09.2008;13.5
Strømtangen Fyr;SN17000;20.09.2008;11.8
Strømtangen Fyr;SN17000;21.09.2008;11.9
Strømtangen Fyr;SN17000;22.09.2008;11.9
Strømtangen Fyr;SN17000;23.09.2008;12.7
Strømtangen Fyr;SN17000;24.09.2008;12.7
Strømtangen Fyr;SN17000;25.09.2008;11.6
Strømtangen Fyr;SN17000;26.09.2008;13.6
Strømtangen Fyr;SN17000;27.09.2008;14.4
Strømtangen Fyr;SN17000;28.09.2008;12.7
Strømtangen Fyr;SN17000;29.09.2008;11
Strømtangen Fyr;SN17000;30.09.2008;10
Strømtangen Fyr;SN17000;01.10.2008;8.8
Strømtangen Fyr;SN17000;02.10.2008;9.9
Strømtangen Fyr;SN17000;03.10.2008;9.5
Strømtangen Fyr;SN17000;04.10.2008;10.2
Strømtangen Fyr;SN17000;05.10.2008;9.8
Strømtangen Fyr;SN17000;06.10.2008;11.3
Strømtangen Fyr;SN17000;07.10.2008;8.9
Strømtangen Fyr;SN17000;08.10.2008;12
Strømtangen Fyr;SN17000;09.10.2008;13.1
Strømtangen Fyr;SN17000;10.10.2008;13.1
Strømtangen Fyr;SN17000;11.10.2008;13.7
Strømtangen Fyr;SN17000;12.10.2008;12.4
Strømtangen Fyr;SN17000;13.10.2008;12.5
Strømtangen Fyr;SN17000;14.10.2008;12.1
Strømtangen Fyr;SN17000;15.10.2008;8
Strømtangen Fyr;SN17000;16.10.2008;8.1
Strømtangen Fyr;SN17000;17.10.2008;8.6
Strømtangen Fyr;SN17000;18.10.2008;9.7
Strømtangen Fyr;SN17000;19.10.2008;10.7
Strømtangen Fyr;SN17000;20.10.2008;12.4
Strømtangen Fyr;SN17000;21.10.2008;11.2
Strømtangen Fyr;SN17000;22.10.2008;9.2
Strømtangen Fyr;SN17000;23.10.2008;10.8
Strømtangen Fyr;SN17000;24.10.2008;11.8
Strømtangen Fyr;SN17000;25.10.2008;11.6
Strømtangen Fyr;SN17000;26.10.2008;11.2
Strømtangen Fyr;SN17000;27.10.2008;8.7
Strømtangen Fyr;SN17000;28.10.2008;4.8
Strømtangen Fyr;SN17000;29.10.2008;3.9
Strømtangen Fyr;SN17000;30.10.2008;5.2
Strømtangen Fyr;SN17000;31.10.2008;3.6
Strømtangen Fyr;SN17000;01.11.2008;3
Strømtangen Fyr;SN17000;02.11.2008;6.6
Strømtangen Fyr;SN17000;03.11.2008;7.5
Strømtangen Fyr;SN17000;04.11.2008;5.5
Strømtangen Fyr;SN17000;05.11.2008;3.3
Strømtangen Fyr;SN17000;06.11.2008;4.7
Strømtangen Fyr;SN17000;07.11.2008;5
Strømtangen Fyr;SN17000;08.11.2008;8.5
Strømtangen Fyr;SN17000;09.11.2008;8.8
Strømtangen Fyr;SN17000;10.11.2008;8.8
Strømtangen Fyr;SN17000;11.11.2008;5.7
Strømtangen Fyr;SN17000;12.11.2008;3.9
Strømtangen Fyr;SN17000;13.11.2008;1.6
Strømtangen Fyr;SN17000;14.11.2008;8.9
Strømtangen Fyr;SN17000;15.11.2008;10.1
Strømtangen Fyr;SN17000;16.11.2008;6.2
Strømtangen Fyr;SN17000;17.11.2008;5.5
Strømtangen Fyr;SN17000;18.11.2008;7.1
Strømtangen Fyr;SN17000;19.11.2008;7.1
Strømtangen Fyr;SN17000;20.11.2008;5.5
Strømtangen Fyr;SN17000;21.11.2008;1.9
Strømtangen Fyr;SN17000;22.11.2008;2.1
Strømtangen Fyr;SN17000;23.11.2008;0.4
Strømtangen Fyr;SN17000;24.11.2008;1.1
Strømtangen Fyr;SN17000;25.11.2008;4.1
Strømtangen Fyr;SN17000;26.11.2008;8.1
Strømtangen Fyr;SN17000;27.11.2008;9.7
Strømtangen Fyr;SN17000;28.11.2008;7
Strømtangen Fyr;SN17000;29.11.2008;4
Strømtangen Fyr;SN17000;30.11.2008;2.3
Strømtangen Fyr;SN17000;01.12.2008;1.2
Strømtangen Fyr;SN17000;02.12.2008;1.5
Strømtangen Fyr;SN17000;03.12.2008;2.7
Strømtangen Fyr;SN17000;04.12.2008;1
Strømtangen Fyr;SN17000;05.12.2008;2.1
Strømtangen Fyr;SN17000;06.12.2008;0.9
Strømtangen Fyr;SN17000;07.12.2008;-0.4
Strømtangen Fyr;SN17000;08.12.2008;6.3
Strømtangen Fyr;SN17000;09.12.2008;-1.5
Strømtangen Fyr;SN17000;10.12.2008;-4
Strømtangen Fyr;SN17000;11.12.2008;-1.5
Strømtangen Fyr;SN17000;12.12.2008;-2
Strømtangen Fyr;SN17000;13.12.2008;0.5
Strømtangen Fyr;SN17000;14.12.2008;1.8
Strømtangen Fyr;SN17000;15.12.2008;2.2
Strømtangen Fyr;SN17000;16.12.2008;3.6
Strømtangen Fyr;SN17000;17.12.2008;4.6
Strømtangen Fyr;SN17000;18.12.2008;6.6
Strømtangen Fyr;SN17000;19.12.2008;4.5
Strømtangen Fyr;SN17000;20.12.2008;5.7
Strømtangen Fyr;SN17000;21.12.2008;5.4
Strømtangen Fyr;SN17000;22.12.2008;6.1
Strømtangen Fyr;SN17000;23.12.2008;2.1
Strømtangen Fyr;SN17000;24.12.2008;1.4
Strømtangen Fyr;SN17000;25.12.2008;-0.5
Strømtangen Fyr;SN17000;26.12.2008;-1.4
Strømtangen Fyr;SN17000;27.12.2008;-1.8
Strømtangen Fyr;SN17000;28.12.2008;-0.9
Strømtangen Fyr;SN17000;29.12.2008;-1
Strømtangen Fyr;SN17000;30.12.2008;-0.1
Strømtangen Fyr;SN17000;31.12.2008;-4.2
Strømtangen Fyr;SN17000;01.01.2009;-3.6
Strømtangen Fyr;SN17000;02.01.2009;-2.7
Strømtangen Fyr;SN17000;03.01.2009;0.2
Strømtangen Fyr;SN17000;04.01.2009;-6.8
Strømtangen Fyr;SN17000;05.01.2009;-6.3
Strømtangen Fyr;SN17000;06.01.2009;1.7
Strømtangen Fyr;SN17000;07.01.2009;-1.6
Strømtangen Fyr;SN17000;08.01.2009;2.4
Strømtangen Fyr;SN17000;09.01.2009;3.5
Strømtangen Fyr;SN17000;10.01.2009;3
Strømtangen Fyr;SN17000;11.01.2009;4.6
Strømtangen Fyr;SN17000;12.01.2009;5.5
Strømtangen Fyr;SN17000;13.01.2009;5.1
Strømtangen Fyr;SN17000;14.01.2009;2.3
Strømtangen Fyr;SN17000;15.01.2009;-3.1
Strømtangen Fyr;SN17000;16.01.2009;-4
Strømtangen Fyr;SN17000;17.01.2009;-1
Strømtangen Fyr;SN17000;18.01.2009;-0.5
Strømtangen Fyr;SN17000;19.01.2009;1.2
Strømtangen Fyr;SN17000;20.01.2009;2.7
Strømtangen Fyr;SN17000;21.01.2009;3.7
Strømtangen Fyr;SN17000;22.01.2009;1.2
Strømtangen Fyr;SN17000;23.01.2009;1
Strømtangen Fyr;SN17000;24.01.2009;1.7
Strømtangen Fyr;SN17000;25.01.2009;1.7
Strømtangen Fyr;SN17000;26.01.2009;1.1
Strømtangen Fyr;SN17000;27.01.2009;0.9
Strømtangen Fyr;SN17000;28.01.2009;2.7
Strømtangen Fyr;SN17000;29.01.2009;-0.7
Strømtangen Fyr;SN17000;30.01.2009;-0.8
Strømtangen Fyr;SN17000;31.01.2009;-2.3
Strømtangen Fyr;SN17000;01.02.2009;-3.4
Strømtangen Fyr;SN17000;02.02.2009;-4.7
Strømtangen Fyr;SN17000;03.02.2009;-5.2
Strømtangen Fyr;SN17000;04.02.2009;-2.6
Strømtangen Fyr;SN17000;05.02.2009;0
Strømtangen Fyr;SN17000;06.02.2009;-0.4
Strømtangen Fyr;SN17000;07.02.2009;-2.4
Strømtangen Fyr;SN17000;08.02.2009;-3.2
Strømtangen Fyr;SN17000;09.02.2009;-2.1
Strømtangen Fyr;SN17000;10.02.2009;-3.6
Strømtangen Fyr;SN17000;11.02.2009;-6.7
Strømtangen Fyr;SN17000;12.02.2009;-8.7
Strømtangen Fyr;SN17000;13.02.2009;-6.5
Strømtangen Fyr;SN17000;14.02.2009;-4.7
Strømtangen Fyr;SN17000;15.02.2009;-5.2
Strømtangen Fyr;SN17000;16.02.2009;-3.1
Strømtangen Fyr;SN17000;17.02.2009;-4.7
Strømtangen Fyr;SN17000;18.02.2009;-2.3
Strømtangen Fyr;SN17000;19.02.2009;-3.2
Strømtangen Fyr;SN17000;20.02.2009;-3.3
Strømtangen Fyr;SN17000;21.02.2009;-0.7
Strømtangen Fyr;SN17000;22.02.2009;0.1
Strømtangen Fyr;SN17000;23.02.2009;-0.2
Strømtangen Fyr;SN17000;24.02.2009;0.7
Strømtangen Fyr;SN17000;25.02.2009;0.7
Strømtangen Fyr;SN17000;26.02.2009;1.8
Strømtangen Fyr;SN17000;27.02.2009;-0.9
Strømtangen Fyr;SN17000;28.02.2009;-3.1
Strømtangen Fyr;SN17000;01.03.2009;0.4
Strømtangen Fyr;SN17000;02.03.2009;0.3
Strømtangen Fyr;SN17000;03.03.2009;2.4
Strømtangen Fyr;SN17000;04.03.2009;3
Strømtangen Fyr;SN17000;05.03.2009;2.1
Strømtangen Fyr;SN17000;06.03.2009;1.8
Strømtangen Fyr;SN17000;07.03.2009;0.4
Strømtangen Fyr;SN17000;08.03.2009;1.9
Strømtangen Fyr;SN17000;09.03.2009;2.6
Strømtangen Fyr;SN17000;10.03.2009;1.5
Strømtangen Fyr;SN17000;11.03.2009;1.1
Strømtangen Fyr;SN17000;12.03.2009;-0.1
Strømtangen Fyr;SN17000;13.03.2009;1
Strømtangen Fyr;SN17000;14.03.2009;1.1
Strømtangen Fyr;SN17000;15.03.2009;2.5
Strømtangen Fyr;SN17000;16.03.2009;3
Strømtangen Fyr;SN17000;17.03.2009;5
Strømtangen Fyr;SN17000;18.03.2009;4.1
Strømtangen Fyr;SN17000;19.03.2009;3.5
Strømtangen Fyr;SN17000;20.03.2009;2.4
Strømtangen Fyr;SN17000;21.03.2009;1.4
Strømtangen Fyr;SN17000;22.03.2009;2.6
Strømtangen Fyr;SN17000;23.03.2009;3.6
Strømtangen Fyr;SN17000;24.03.2009;0.1
Strømtangen Fyr;SN17000;25.03.2009;0.8
Strømtangen Fyr;SN17000;26.03.2009;1.3
Strømtangen Fyr;SN17000;27.03.2009;0.3
Strømtangen Fyr;SN17000;28.03.2009;1.3
Strømtangen Fyr;SN17000;29.03.2009;2.5
Strømtangen Fyr;SN17000;30.03.2009;4.2
Strømtangen Fyr;SN17000;31.03.2009;5.5
Strømtangen Fyr;SN17000;01.04.2009;5.4
Strømtangen Fyr;SN17000;02.04.2009;4.6
Strømtangen Fyr;SN17000;03.04.2009;2.9
Strømtangen Fyr;SN17000;04.04.2009;2.2
Strømtangen Fyr;SN17000;05.04.2009;6
Strømtangen Fyr;SN17000;06.04.2009;5.8
Strømtangen Fyr;SN17000;07.04.2009;6.7
Strømtangen Fyr;SN17000;08.04.2009;6.1
Strømtangen Fyr;SN17000;09.04.2009;5.4
Strømtangen Fyr;SN17000;10.04.2009;7
Strømtangen Fyr;SN17000;11.04.2009;8.1
Strømtangen Fyr;SN17000;12.04.2009;6.3
Strømtangen Fyr;SN17000;13.04.2009;8.2
Strømtangen Fyr;SN17000;14.04.2009;8.1
Strømtangen Fyr;SN17000;15.04.2009;9.1
Strømtangen Fyr;SN17000;16.04.2009;9.1
Strømtangen Fyr;SN17000;17.04.2009;9.4
Strømtangen Fyr;SN17000;18.04.2009;7.2
Strømtangen Fyr;SN17000;19.04.2009;6.4
Strømtangen Fyr;SN17000;20.04.2009;8
Strømtangen Fyr;SN17000;21.04.2009;6.6
Strømtangen Fyr;SN17000;22.04.2009;8
Strømtangen Fyr;SN17000;23.04.2009;8.2
Strømtangen Fyr;SN17000;24.04.2009;9.5
Strømtangen Fyr;SN17000;25.04.2009;10.3
Strømtangen Fyr;SN17000;26.04.2009;9.3
Strømtangen Fyr;SN17000;27.04.2009;11.3
Strømtangen Fyr;SN17000;28.04.2009;10.3
Strømtangen Fyr;SN17000;29.04.2009;13.1
Strømtangen Fyr;SN17000;30.04.2009;13
Strømtangen Fyr;SN17000;01.05.2009;11.3
Strømtangen Fyr;SN17000;02.05.2009;10.5
Strømtangen Fyr;SN17000;03.05.2009;10
Strømtangen Fyr;SN17000;04.05.2009;10.1
Strømtangen Fyr;SN17000;05.05.2009;11.4
Strømtangen Fyr;SN17000;06.05.2009;10.7
Strømtangen Fyr;SN17000;07.05.2009;10
Strømtangen Fyr;SN17000;08.05.2009;9.7
Strømtangen Fyr;SN17000;09.05.2009;9.7
Strømtangen Fyr;SN17000;10.05.2009;10.1
Strømtangen Fyr;SN17000;11.05.2009;10.4
Strømtangen Fyr;SN17000;12.05.2009;11.2
Strømtangen Fyr;SN17000;13.05.2009;12.6
Strømtangen Fyr;SN17000;14.05.2009;9.9
Strømtangen Fyr;SN17000;15.05.2009;11.7
Strømtangen Fyr;SN17000;16.05.2009;12.4
Strømtangen Fyr;SN17000;17.05.2009;12.4
Strømtangen Fyr;SN17000;18.05.2009;10.7
Strømtangen Fyr;SN17000;19.05.2009;11.8
Strømtangen Fyr;SN17000;20.05.2009;11.9
Strømtangen Fyr;SN17000;21.05.2009;11.4
Strømtangen Fyr;SN17000;22.05.2009;9.7
Strømtangen Fyr;SN17000;23.05.2009;13
Strømtangen Fyr;SN17000;24.05.2009;13
Strømtangen Fyr;SN17000;25.05.2009;12.9
Strømtangen Fyr;SN17000;26.05.2009;13.5
Strømtangen Fyr;SN17000;28.05.2009;13.9
Strømtangen Fyr;SN17000;29.05.2009;13.9
Strømtangen Fyr;SN17000;30.05.2009;16.2
Strømtangen Fyr;SN17000;31.05.2009;16.3
Strømtangen Fyr;SN17000;01.06.2009;18.4
Strømtangen Fyr;SN17000;02.06.2009;15.1
Strømtangen Fyr;SN17000;03.06.2009;12.1
Strømtangen Fyr;SN17000;04.06.2009;9.5
Strømtangen Fyr;SN17000;05.06.2009;10.3
Strømtangen Fyr;SN17000;06.06.2009;11
Strømtangen Fyr;SN17000;07.06.2009;12.3
Strømtangen Fyr;SN17000;08.06.2009;12.1
Strømtangen Fyr;SN17000;09.06.2009;12.8
Strømtangen Fyr;SN17000;10.06.2009;12.2
Strømtangen Fyr;SN17000;11.06.2009;13
Strømtangen Fyr;SN17000;12.06.2009;13.1
Strømtangen Fyr;SN17000;13.06.2009;14.5
Strømtangen Fyr;SN17000;14.06.2009;14.5
Strømtangen Fyr;SN17000;15.06.2009;12.9
Strømtangen Fyr;SN17000;16.06.2009;12.8
Strømtangen Fyr;SN17000;17.06.2009;13
Strømtangen Fyr;SN17000;18.06.2009;14.6
Strømtangen Fyr;SN17000;19.06.2009;13.3
Strømtangen Fyr;SN17000;20.06.2009;13.5
Strømtangen Fyr;SN17000;21.06.2009;15.2
Strømtangen Fyr;SN17000;22.06.2009;15.4
Strømtangen Fyr;SN17000;23.06.2009;15.6
Strømtangen Fyr;SN17000;24.06.2009;18.5
Strømtangen Fyr;SN17000;25.06.2009;21.1
Strømtangen Fyr;SN17000;26.06.2009;21.2
Strømtangen Fyr;SN17000;27.06.2009;21.8
Strømtangen Fyr;SN17000;28.06.2009;23
Strømtangen Fyr;SN17000;29.06.2009;23.6
Strømtangen Fyr;SN17000;30.06.2009;22
Strømtangen Fyr;SN17000;01.07.2009;21.1
Strømtangen Fyr;SN17000;02.07.2009;21.7
Strømtangen Fyr;SN17000;03.07.2009;22.1
Strømtangen Fyr;SN17000;04.07.2009;21.9
Strømtangen Fyr;SN17000;05.07.2009;18
Strømtangen Fyr;SN17000;06.07.2009;15.6
Strømtangen Fyr;SN17000;07.07.2009;15.6
Strømtangen Fyr;SN17000;08.07.2009;17.9
Strømtangen Fyr;SN17000;09.07.2009;15.5
Strømtangen Fyr;SN17000;10.07.2009;14.9
Strømtangen Fyr;SN17000;11.07.2009;15.1
Strømtangen Fyr;SN17000;12.07.2009;16.1
Strømtangen Fyr;SN17000;13.07.2009;16.7
Strømtangen Fyr;SN17000;14.07.2009;17.7
Strømtangen Fyr;SN17000;15.07.2009;17.9
Strømtangen Fyr;SN17000;16.07.2009;18.5
Strømtangen Fyr;SN17000;17.07.2009;18.4
Strømtangen Fyr;SN17000;18.07.2009;18
Strømtangen Fyr;SN17000;19.07.2009;17.5
Strømtangen Fyr;SN17000;20.07.2009;17.7
Strømtangen Fyr;SN17000;21.07.2009;18.2
Strømtangen Fyr;SN17000;22.07.2009;16.1
Strømtangen Fyr;SN17000;23.07.2009;16.8
Strømtangen Fyr;SN17000;24.07.2009;17.4
Strømtangen Fyr;SN17000;25.07.2009;17.1
Strømtangen Fyr;SN17000;26.07.2009;17.6
Strømtangen Fyr;SN17000;27.07.2009;16.5
Strømtangen Fyr;SN17000;28.07.2009;17.2
Strømtangen Fyr;SN17000;29.07.2009;17.2
Strømtangen Fyr;SN17000;30.07.2009;16.5
Strømtangen Fyr;SN17000;31.07.2009;16.9
Strømtangen Fyr;SN17000;01.08.2009;16.2
Strømtangen Fyr;SN17000;02.08.2009;17.4
Strømtangen Fyr;SN17000;03.08.2009;16.2
Strømtangen Fyr;SN17000;04.08.2009;16.5
Strømtangen Fyr;SN17000;05.08.2009;17
Strømtangen Fyr;SN17000;06.08.2009;18
Strømtangen Fyr;SN17000;07.08.2009;18.9
Strømtangen Fyr;SN17000;08.08.2009;19.1
Strømtangen Fyr;SN17000;09.08.2009;18.7
Strømtangen Fyr;SN17000;10.08.2009;17.5
Strømtangen Fyr;SN17000;11.08.2009;18.1
Strømtangen Fyr;SN17000;12.08.2009;17
Strømtangen Fyr;SN17000;13.08.2009;15.9
Strømtangen Fyr;SN17000;14.08.2009;16
Strømtangen Fyr;SN17000;15.08.2009;16.3
Strømtangen Fyr;SN17000;16.08.2009;17.1
Strømtangen Fyr;SN17000;17.08.2009;16.7
Strømtangen Fyr;SN17000;18.08.2009;16.8
Strømtangen Fyr;SN17000;19.08.2009;16
Strømtangen Fyr;SN17000;20.08.2009;19
Strømtangen Fyr;SN17000;21.08.2009;17.5
Strømtangen Fyr;SN17000;22.08.2009;16.4
Strømtangen Fyr;SN17000;23.08.2009;15.9
Strømtangen Fyr;SN17000;24.08.2009;16.9
Strømtangen Fyr;SN17000;25.08.2009;17.8
Strømtangen Fyr;SN17000;26.08.2009;17
Strømtangen Fyr;SN17000;27.08.2009;17
Strømtangen Fyr;SN17000;28.08.2009;16.7
Strømtangen Fyr;SN17000;29.08.2009;15.5
Strømtangen Fyr;SN17000;30.08.2009;15.4
Strømtangen Fyr;SN17000;31.08.2009;15.6
Strømtangen Fyr;SN17000;01.09.2009;17.7
Strømtangen Fyr;SN17000;02.09.2009;15.9
Strømtangen Fyr;SN17000;03.09.2009;15.2
Strømtangen Fyr;SN17000;04.09.2009;15.1
Strømtangen Fyr;SN17000;05.09.2009;15.4
Strømtangen Fyr;SN17000;06.09.2009;15.2
Strømtangen Fyr;SN17000;07.09.2009;15.7
Strømtangen Fyr;SN17000;08.09.2009;16.2
Strømtangen Fyr;SN17000;09.09.2009;17
Strømtangen Fyr;SN17000;10.09.2009;15.6
Strømtangen Fyr;SN17000;11.09.2009;14.1
Strømtangen Fyr;SN17000;12.09.2009;14.3
Strømtangen Fyr;SN17000;13.09.2009;15.2
Strømtangen Fyr;SN17000;14.09.2009;14.3
Strømtangen Fyr;SN17000;15.09.2009;13.3
Strømtangen Fyr;SN17000;16.09.2009;14.8
Strømtangen Fyr;SN17000;17.09.2009;12.4
Strømtangen Fyr;SN17000;18.09.2009;14.2
Strømtangen Fyr;SN17000;19.09.2009;15
Strømtangen Fyr;SN17000;20.09.2009;14.2
Strømtangen Fyr;SN17000;21.09.2009;13.8
Strømtangen Fyr;SN17000;22.09.2009;15.5
Strømtangen Fyr;SN17000;23.09.2009;14.6
Strømtangen Fyr;SN17000;24.09.2009;14.1
Strømtangen Fyr;SN17000;25.09.2009;15
Strømtangen Fyr;SN17000;26.09.2009;15.1
Strømtangen Fyr;SN17000;27.09.2009;14.9
Strømtangen Fyr;SN17000;28.09.2009;13.1
Strømtangen Fyr;SN17000;29.09.2009;10.6
Strømtangen Fyr;SN17000;30.09.2009;8.8
Strømtangen Fyr;SN17000;01.10.2009;8.6
Strømtangen Fyr;SN17000;02.10.2009;7.8
Strømtangen Fyr;SN17000;03.10.2009;10.1
Strømtangen Fyr;SN17000;04.10.2009;9.3
Strømtangen Fyr;SN17000;05.10.2009;9.6
Strømtangen Fyr;SN17000;06.10.2009;8.9
Strømtangen Fyr;SN17000;07.10.2009;11.9
Strømtangen Fyr;SN17000;08.10.2009;8
Strømtangen Fyr;SN17000;09.10.2009;6.9
Strømtangen Fyr;SN17000;10.10.2009;6.7
Strømtangen Fyr;SN17000;11.10.2009;7.1
Strømtangen Fyr;SN17000;12.10.2009;5.7
Strømtangen Fyr;SN17000;13.10.2009;4.6
Strømtangen Fyr;SN17000;14.10.2009;3.4
Strømtangen Fyr;SN17000;15.10.2009;4.1
Strømtangen Fyr;SN17000;16.10.2009;6.7
Strømtangen Fyr;SN17000;17.10.2009;7.5
Strømtangen Fyr;SN17000;18.10.2009;6.8
Strømtangen Fyr;SN17000;19.10.2009;5.6
Strømtangen Fyr;SN17000;20.10.2009;5.9
Strømtangen Fyr;SN17000;21.10.2009;8
Strømtangen Fyr;SN17000;22.10.2009;6.9
Strømtangen Fyr;SN17000;23.10.2009;6.9
Strømtangen Fyr;SN17000;24.10.2009;4.9
Strømtangen Fyr;SN17000;25.10.2009;7.4
Strømtangen Fyr;SN17000;26.10.2009;6.7
Strømtangen Fyr;SN17000;27.10.2009;5.9
Strømtangen Fyr;SN17000;28.10.2009;3.3
Strømtangen Fyr;SN17000;29.10.2009;2.4
Strømtangen Fyr;SN17000;30.10.2009;4.4
Strømtangen Fyr;SN17000;31.10.2009;4.2
Strømtangen Fyr;SN17000;01.11.2009;5
Strømtangen Fyr;SN17000;02.11.2009;4.6
Strømtangen Fyr;SN17000;03.11.2009;5.7
Strømtangen Fyr;SN17000;04.11.2009;3.3
Strømtangen Fyr;SN17000;05.11.2009;2
Strømtangen Fyr;SN17000;06.11.2009;1.9
Strømtangen Fyr;SN17000;07.11.2009;7.2
Strømtangen Fyr;SN17000;08.11.2009;6.5
Strømtangen Fyr;SN17000;09.11.2009;5.6
Strømtangen Fyr;SN17000;10.11.2009;3.2
Strømtangen Fyr;SN17000;11.11.2009;2
Strømtangen Fyr;SN17000;12.11.2009;1.8
Strømtangen Fyr;SN17000;13.11.2009;1.5
Strømtangen Fyr;SN17000;14.11.2009;5.1
Strømtangen Fyr;SN17000;15.11.2009;7.9
Strømtangen Fyr;SN17000;16.11.2009;5.7
Strømtangen Fyr;SN17000;17.11.2009;7.6
Strømtangen Fyr;SN17000;18.11.2009;6.9
Strømtangen Fyr;SN17000;19.11.2009;7.1
Strømtangen Fyr;SN17000;20.11.2009;9
Strømtangen Fyr;SN17000;21.11.2009;7.9
Strømtangen Fyr;SN17000;22.11.2009;7.9
Strømtangen Fyr;SN17000;23.11.2009;8.1
Strømtangen Fyr;SN17000;24.11.2009;6.2
Strømtangen Fyr;SN17000;25.11.2009;7.9
Strømtangen Fyr;SN17000;26.11.2009;8.5
Strømtangen Fyr;SN17000;27.11.2009;7.4
Strømtangen Fyr;SN17000;28.11.2009;4.5
Strømtangen Fyr;SN17000;29.11.2009;2.9
Strømtangen Fyr;SN17000;30.11.2009;2.5
Strømtangen Fyr;SN17000;01.12.2009;-0.2
Strømtangen Fyr;SN17000;02.12.2009;-4
Strømtangen Fyr;SN17000;03.12.2009;-2.6
Strømtangen Fyr;SN17000;04.12.2009;2.3
Strømtangen Fyr;SN17000;05.12.2009;3.6
Strømtangen Fyr;SN17000;06.12.2009;4.2
Strømtangen Fyr;SN17000;07.12.2009;4.3
Strømtangen Fyr;SN17000;08.12.2009;4.9
Strømtangen Fyr;SN17000;09.12.2009;3.5
Strømtangen Fyr;SN17000;10.12.2009;3.7
Strømtangen Fyr;SN17000;11.12.2009;3.2
Strømtangen Fyr;SN17000;12.12.2009;3.3
Strømtangen Fyr;SN17000;13.12.2009;0.3
Strømtangen Fyr;SN17000;14.12.2009;0.3
Strømtangen Fyr;SN17000;15.12.2009;-0.7
Strømtangen Fyr;SN17000;16.12.2009;-2.8
Strømtangen Fyr;SN17000;17.12.2009;-6.8
Strømtangen Fyr;SN17000;18.12.2009;-9.7
Strømtangen Fyr;SN17000;19.12.2009;-4.5
Strømtangen Fyr;SN17000;20.12.2009;-7
Strømtangen Fyr;SN17000;21.12.2009;-8.2
Strømtangen Fyr;SN17000;22.12.2009;-4.6
Strømtangen Fyr;SN17000;23.12.2009;-3.5
Strømtangen Fyr;SN17000;24.12.2009;2
Strømtangen Fyr;SN17000;25.12.2009;0.1
Strømtangen Fyr;SN17000;26.12.2009;-3.8
Strømtangen Fyr;SN17000;27.12.2009;-5.4
Strømtangen Fyr;SN17000;28.12.2009;-6.8
Strømtangen Fyr;SN17000;29.12.2009;-10.5
Strømtangen Fyr;SN17000;30.12.2009;-13.7
Strømtangen Fyr;SN17000;31.12.2009;-9.6
Strømtangen Fyr;SN17000;01.01.2010;-8.2
Strømtangen Fyr;SN17000;02.01.2010;-10
Strømtangen Fyr;SN17000;03.01.2010;-8.4
Strømtangen Fyr;SN17000;04.01.2010;-7.4
Strømtangen Fyr;SN17000;05.01.2010;-12.5
Strømtangen Fyr;SN17000;06.01.2010;-15
Strømtangen Fyr;SN17000;07.01.2010;-13.9
Strømtangen Fyr;SN17000;08.01.2010;-14.6
Strømtangen Fyr;SN17000;09.01.2010;-12.8
Strømtangen Fyr;SN17000;10.01.2010;-9.8
Strømtangen Fyr;SN17000;11.01.2010;-7
Strømtangen Fyr;SN17000;12.01.2010;-5.8
Strømtangen Fyr;SN17000;13.01.2010;-7.1
Strømtangen Fyr;SN17000;14.01.2010;-6.8
Strømtangen Fyr;SN17000;15.01.2010;-4
Strømtangen Fyr;SN17000;16.01.2010;-1.6
Strømtangen Fyr;SN17000;17.01.2010;-1.2
Strømtangen Fyr;SN17000;18.01.2010;-1.6
Strømtangen Fyr;SN17000;19.01.2010;-2.1
Strømtangen Fyr;SN17000;20.01.2010;-2.4
Strømtangen Fyr;SN17000;21.01.2010;-1.8
Strømtangen Fyr;SN17000;22.01.2010;-2.4
Strømtangen Fyr;SN17000;23.01.2010;-2.7
Strømtangen Fyr;SN17000;24.01.2010;-4.9
Strømtangen Fyr;SN17000;25.01.2010;-5.8
Strømtangen Fyr;SN17000;26.01.2010;-7
Strømtangen Fyr;SN17000;27.01.2010;-0.6
Strømtangen Fyr;SN17000;28.01.2010;-1.9
Strømtangen Fyr;SN17000;29.01.2010;-6.8
Strømtangen Fyr;SN17000;30.01.2010;-10.8
Strømtangen Fyr;SN17000;31.01.2010;-10.6
Strømtangen Fyr;SN17000;01.02.2010;-12.9
Strømtangen Fyr;SN17000;02.02.2010;-9.4
Strømtangen Fyr;SN17000;03.02.2010;-2.7
Strømtangen Fyr;SN17000;04.02.2010;-2.9
Strømtangen Fyr;SN17000;05.02.2010;-2.7
Strømtangen Fyr;SN17000;06.02.2010;-1.9
Strømtangen Fyr;SN17000;07.02.2010;-4.9
Strømtangen Fyr;SN17000;08.02.2010;-8
Strømtangen Fyr;SN17000;09.02.2010;-7.2
Strømtangen Fyr;SN17000;10.02.2010;-7.6
Strømtangen Fyr;SN17000;11.02.2010;-3.5
Strømtangen Fyr;SN17000;12.02.2010;-5.4
Strømtangen Fyr;SN17000;13.02.2010;-6.2
Strømtangen Fyr;SN17000;14.02.2010;-2.7
Strømtangen Fyr;SN17000;15.02.2010;-2.4
Strømtangen Fyr;SN17000;16.02.2010;-4.3
Strømtangen Fyr;SN17000;17.02.2010;-3.3
Strømtangen Fyr;SN17000;18.02.2010;-5.1
Strømtangen Fyr;SN17000;19.02.2010;-8.1
Strømtangen Fyr;SN17000;20.02.2010;-10.4
Strømtangen Fyr;SN17000;21.02.2010;-13.3
Strømtangen Fyr;SN17000;22.02.2010;-10.8
Strømtangen Fyr;SN17000;23.02.2010;-7.8
Strømtangen Fyr;SN17000;24.02.2010;-6.2
Strømtangen Fyr;SN17000;25.02.2010;-4.2
Strømtangen Fyr;SN17000;26.02.2010;-2
Strømtangen Fyr;SN17000;27.02.2010;-0.8
Strømtangen Fyr;SN17000;28.02.2010;-2
Strømtangen Fyr;SN17000;01.03.2010;-2.4
Strømtangen Fyr;SN17000;02.03.2010;-0.8
Strømtangen Fyr;SN17000;03.03.2010;-1
Strømtangen Fyr;SN17000;04.03.2010;-2.4
Strømtangen Fyr;SN17000;05.03.2010;-5.6
Strømtangen Fyr;SN17000;06.03.2010;-6.7
Strømtangen Fyr;SN17000;07.03.2010;-2.9
Strømtangen Fyr;SN17000;08.03.2010;-2
Strømtangen Fyr;SN17000;09.03.2010;0.2
Strømtangen Fyr;SN17000;10.03.2010;1.6
Strømtangen Fyr;SN17000;11.03.2010;0.7
Strømtangen Fyr;SN17000;12.03.2010;2.3
Strømtangen Fyr;SN17000;13.03.2010;2.1
Strømtangen Fyr;SN17000;14.03.2010;1.2
Strømtangen Fyr;SN17000;15.03.2010;1.6
Strømtangen Fyr;SN17000;16.03.2010;1.9
Strømtangen Fyr;SN17000;17.03.2010;3.1
Strømtangen Fyr;SN17000;18.03.2010;3.6
Strømtangen Fyr;SN17000;19.03.2010;3.8
Strømtangen Fyr;SN17000;20.03.2010;5
Strømtangen Fyr;SN17000;21.03.2010;2.3
Strømtangen Fyr;SN17000;22.03.2010;2
Strømtangen Fyr;SN17000;23.03.2010;2.9
Strømtangen Fyr;SN17000;24.03.2010;1.4
Strømtangen Fyr;SN17000;25.03.2010;3.5
Strømtangen Fyr;SN17000;26.03.2010;2.6
Strømtangen Fyr;SN17000;27.03.2010;2.9
Strømtangen Fyr;SN17000;28.03.2010;2.6
Strømtangen Fyr;SN17000;29.03.2010;3.6
Strømtangen Fyr;SN17000;30.03.2010;3.7
Strømtangen Fyr;SN17000;31.03.2010;3.3
Strømtangen Fyr;SN17000;01.04.2010;3.6
Strømtangen Fyr;SN17000;02.04.2010;3.7
Strømtangen Fyr;SN17000;03.04.2010;4.6
Strømtangen Fyr;SN17000;04.04.2010;5.6
Strømtangen Fyr;SN17000;05.04.2010;3.6
Strømtangen Fyr;SN17000;06.04.2010;4.3
Strømtangen Fyr;SN17000;07.04.2010;6.1
Strømtangen Fyr;SN17000;08.04.2010;4.9
Strømtangen Fyr;SN17000;09.04.2010;4.4
Strømtangen Fyr;SN17000;10.04.2010;7.8
Strømtangen Fyr;SN17000;11.04.2010;6.7
Strømtangen Fyr;SN17000;12.04.2010;5.3
Strømtangen Fyr;SN17000;13.04.2010;9
Strømtangen Fyr;SN17000;14.04.2010;6.7
Strømtangen Fyr;SN17000;15.04.2010;6.9
Strømtangen Fyr;SN17000;16.04.2010;7.5
Strømtangen Fyr;SN17000;17.04.2010;7.3
Strømtangen Fyr;SN17000;18.04.2010;6.1
Strømtangen Fyr;SN17000;19.04.2010;4.3
Strømtangen Fyr;SN17000;20.04.2010;3.6
Strømtangen Fyr;SN17000;21.04.2010;3.2
Strømtangen Fyr;SN17000;22.04.2010;4.8
Strømtangen Fyr;SN17000;23.04.2010;4.7
Strømtangen Fyr;SN17000;24.04.2010;5.8
Strømtangen Fyr;SN17000;25.04.2010;6.1
Strømtangen Fyr;SN17000;26.04.2010;6.9
Strømtangen Fyr;SN17000;27.04.2010;8.2
Strømtangen Fyr;SN17000;28.04.2010;5.7
Strømtangen Fyr;SN17000;29.04.2010;7.9
Strømtangen Fyr;SN17000;30.04.2010;7.9
Strømtangen Fyr;SN17000;01.05.2010;7.4
Strømtangen Fyr;SN17000;02.05.2010;6.2
Strømtangen Fyr;SN17000;03.05.2010;7.2
Strømtangen Fyr;SN17000;04.05.2010;3.5
Strømtangen Fyr;SN17000;05.05.2010;6.1
Strømtangen Fyr;SN17000;06.05.2010;8.3
Strømtangen Fyr;SN17000;07.05.2010;9.4
Strømtangen Fyr;SN17000;08.05.2010;9.7
Strømtangen Fyr;SN17000;09.05.2010;7.8
Strømtangen Fyr;SN17000;10.05.2010;7.8
Strømtangen Fyr;SN17000;11.05.2010;6.2
Strømtangen Fyr;SN17000;12.05.2010;7.1
Strømtangen Fyr;SN17000;13.05.2010;7.7
Strømtangen Fyr;SN17000;14.05.2010;10
Strømtangen Fyr;SN17000;15.05.2010;12.9
Strømtangen Fyr;SN17000;16.05.2010;10.6
Strømtangen Fyr;SN17000;17.05.2010;10
Strømtangen Fyr;SN17000;18.05.2010;14.8
Strømtangen Fyr;SN17000;19.05.2010;16.5
Strømtangen Fyr;SN17000;20.05.2010;16.5
Strømtangen Fyr;SN17000;21.05.2010;16.5
Strømtangen Fyr;SN17000;22.05.2010;13.3
Strømtangen Fyr;SN17000;23.05.2010;14.8
Strømtangen Fyr;SN17000;24.05.2010;11.4
Strømtangen Fyr;SN17000;25.05.2010;9.8
Strømtangen Fyr;SN17000;26.05.2010;11
Strømtangen Fyr;SN17000;27.05.2010;9.9
Strømtangen Fyr;SN17000;28.05.2010;10.3
Strømtangen Fyr;SN17000;29.05.2010;11.2
Strømtangen Fyr;SN17000;30.05.2010;12.8
Strømtangen Fyr;SN17000;31.05.2010;15.7
Strømtangen Fyr;SN17000;01.06.2010;14.6
Strømtangen Fyr;SN17000;02.06.2010;14.8
Strømtangen Fyr;SN17000;03.06.2010;15.7
Strømtangen Fyr;SN17000;04.06.2010;15
Strømtangen Fyr;SN17000;05.06.2010;13.9
Strømtangen Fyr;SN17000;06.06.2010;13.8
Strømtangen Fyr;SN17000;07.06.2010;15
Strømtangen Fyr;SN17000;08.06.2010;14.3
Strømtangen Fyr;SN17000;09.06.2010;15.4
Strømtangen Fyr;SN17000;10.06.2010;17.1
Strømtangen Fyr;SN17000;11.06.2010;13
Strømtangen Fyr;SN17000;12.06.2010;13.2
Strømtangen Fyr;SN17000;13.06.2010;14.2
Strømtangen Fyr;SN17000;14.06.2010;13.5
Strømtangen Fyr;SN17000;15.06.2010;13.8
Strømtangen Fyr;SN17000;16.06.2010;13.4
Strømtangen Fyr;SN17000;17.06.2010;13.2
Strømtangen Fyr;SN17000;18.06.2010;14.2
Strømtangen Fyr;SN17000;19.06.2010;12
Strømtangen Fyr;SN17000;20.06.2010;12.4
Strømtangen Fyr;SN17000;21.06.2010;13.6
Strømtangen Fyr;SN17000;22.06.2010;13.7
Strømtangen Fyr;SN17000;23.06.2010;13.7
Strømtangen Fyr;SN17000;24.06.2010;13.6
Strømtangen Fyr;SN17000;25.06.2010;15.6
Strømtangen Fyr;SN17000;26.06.2010;16.4
Strømtangen Fyr;SN17000;27.06.2010;14.6
Strømtangen Fyr;SN17000;28.06.2010;15.8
Strømtangen Fyr;SN17000;29.06.2010;17.4
Strømtangen Fyr;SN17000;30.06.2010;17.1
Strømtangen Fyr;SN17000;01.07.2010;16.8
Strømtangen Fyr;SN17000;02.07.2010;18.2
Strømtangen Fyr;SN17000;03.07.2010;18.6
Strømtangen Fyr;SN17000;04.07.2010;17.7
Strømtangen Fyr;SN17000;05.07.2010;17.3
Strømtangen Fyr;SN17000;06.07.2010;17.6
Strømtangen Fyr;SN17000;07.07.2010;16.5
Strømtangen Fyr;SN17000;08.07.2010;16.7
Strømtangen Fyr;SN17000;09.07.2010;17.3
Strømtangen Fyr;SN17000;10.07.2010;18.3
Strømtangen Fyr;SN17000;11.07.2010;19.4
Strømtangen Fyr;SN17000;12.07.2010;17.8
Strømtangen Fyr;SN17000;13.07.2010;18.3
Strømtangen Fyr;SN17000;14.07.2010;17.2
Strømtangen Fyr;SN17000;15.07.2010;18.9
Strømtangen Fyr;SN17000;16.07.2010;19.2
Strømtangen Fyr;SN17000;17.07.2010;17.8
Strømtangen Fyr;SN17000;18.07.2010;17.2
Strømtangen Fyr;SN17000;19.07.2010;17.2
Strømtangen Fyr;SN17000;20.07.2010;18.1
Strømtangen Fyr;SN17000;21.07.2010;19.7
Strømtangen Fyr;SN17000;22.07.2010;18.2
Strømtangen Fyr;SN17000;23.07.2010;14.9
Strømtangen Fyr;SN17000;24.07.2010;17.4
Strømtangen Fyr;SN17000;25.07.2010;14.4
Strømtangen Fyr;SN17000;26.07.2010;14.8
Strømtangen Fyr;SN17000;27.07.2010;17.3
Strømtangen Fyr;SN17000;28.07.2010;17.3
Strømtangen Fyr;SN17000;29.07.2010;16.1
Strømtangen Fyr;SN17000;30.07.2010;17.5
Strømtangen Fyr;SN17000;31.07.2010;16.8
Strømtangen Fyr;SN17000;01.08.2010;16.8
Strømtangen Fyr;SN17000;02.08.2010;17.2
Strømtangen Fyr;SN17000;03.08.2010;16.8
Strømtangen Fyr;SN17000;04.08.2010;16.1
Strømtangen Fyr;SN17000;05.08.2010;17.6
Strømtangen Fyr;SN17000;06.08.2010;17.2
Strømtangen Fyr;SN17000;07.08.2010;17.9
Strømtangen Fyr;SN17000;08.08.2010;19.1
Strømtangen Fyr;SN17000;09.08.2010;19.1
Strømtangen Fyr;SN17000;10.08.2010;18.1
Strømtangen Fyr;SN17000;11.08.2010;16.9
Strømtangen Fyr;SN17000;12.08.2010;17.5
Strømtangen Fyr;SN17000;13.08.2010;18.4
Strømtangen Fyr;SN17000;14.08.2010;18.3
Strømtangen Fyr;SN17000;15.08.2010;19.8
Strømtangen Fyr;SN17000;16.08.2010;18.8
Strømtangen Fyr;SN17000;17.08.2010;16.4
Strømtangen Fyr;SN17000;18.08.2010;18.8
Strømtangen Fyr;SN17000;19.08.2010;16.3
Strømtangen Fyr;SN17000;20.08.2010;16.6
Strømtangen Fyr;SN17000;21.08.2010;18
Strømtangen Fyr;SN17000;22.08.2010;17.2
Strømtangen Fyr;SN17000;23.08.2010;16.1
Strømtangen Fyr;SN17000;24.08.2010;15.2
Strømtangen Fyr;SN17000;25.08.2010;15.9
Strømtangen Fyr;SN17000;26.08.2010;14
Strømtangen Fyr;SN17000;27.08.2010;13.5
Strømtangen Fyr;SN17000;28.08.2010;13.4
Strømtangen Fyr;SN17000;29.08.2010;11.8
Strømtangen Fyr;SN17000;30.08.2010;13.8
Strømtangen Fyr;SN17000;31.08.2010;14.5
Strømtangen Fyr;SN17000;01.09.2010;15
Strømtangen Fyr;SN17000;02.09.2010;13.2
Strømtangen Fyr;SN17000;03.09.2010;11.2
Strømtangen Fyr;SN17000;04.09.2010;11.8
Strømtangen Fyr;SN17000;05.09.2010;12.7
Strømtangen Fyr;SN17000;06.09.2010;14.4
Strømtangen Fyr;SN17000;07.09.2010;14.4
Strømtangen Fyr;SN17000;08.09.2010;14.4
Strømtangen Fyr;SN17000;09.09.2010;14.9
Strømtangen Fyr;SN17000;10.09.2010;13.5
Strømtangen Fyr;SN17000;11.09.2010;14.6
Strømtangen Fyr;SN17000;12.09.2010;15.6
Strømtangen Fyr;SN17000;13.09.2010;14.5
Strømtangen Fyr;SN17000;14.09.2010;15
Strømtangen Fyr;SN17000;15.09.2010;11.8
Strømtangen Fyr;SN17000;16.09.2010;12.3
Strømtangen Fyr;SN17000;17.09.2010;13.2
Strømtangen Fyr;SN17000;18.09.2010;12.5
Strømtangen Fyr;SN17000;19.09.2010;12.4
Strømtangen Fyr;SN17000;20.09.2010;11.1
Strømtangen Fyr;SN17000;21.09.2010;12.7
Strømtangen Fyr;SN17000;22.09.2010;12.9
Strømtangen Fyr;SN17000;23.09.2010;14
Strømtangen Fyr;SN17000;24.09.2010;11.6
Strømtangen Fyr;SN17000;25.09.2010;7.4
Strømtangen Fyr;SN17000;26.09.2010;8.8
Strømtangen Fyr;SN17000;27.09.2010;9.3
Strømtangen Fyr;SN17000;28.09.2010;8.3
Strømtangen Fyr;SN17000;29.09.2010;8.6
Strømtangen Fyr;SN17000;30.09.2010;8.3
Strømtangen Fyr;SN17000;01.10.2010;8.6
Strømtangen Fyr;SN17000;02.10.2010;9.9
Strømtangen Fyr;SN17000;03.10.2010;10.5
Strømtangen Fyr;SN17000;04.10.2010;11.5
Strømtangen Fyr;SN17000;05.10.2010;12.1
Strømtangen Fyr;SN17000;06.10.2010;12.1
Strømtangen Fyr;SN17000;07.10.2010;11.8
Strømtangen Fyr;SN17000;08.10.2010;9.3
Strømtangen Fyr;SN17000;09.10.2010;9.5
Strømtangen Fyr;SN17000;10.10.2010;7.2
Strømtangen Fyr;SN17000;11.10.2010;5.7
Strømtangen Fyr;SN17000;12.10.2010;6.3
Strømtangen Fyr;SN17000;13.10.2010;7
Strømtangen Fyr;SN17000;14.10.2010;6.6
Strømtangen Fyr;SN17000;15.10.2010;5.2
Strømtangen Fyr;SN17000;16.10.2010;5.1
Strømtangen Fyr;SN17000;17.10.2010;5.9
Strømtangen Fyr;SN17000;18.10.2010;9.9
Strømtangen Fyr;SN17000;19.10.2010;7.9
Strømtangen Fyr;SN17000;20.10.2010;3.5
Strømtangen Fyr;SN17000;21.10.2010;1.7
Strømtangen Fyr;SN17000;22.10.2010;4.2
Strømtangen Fyr;SN17000;23.10.2010;3.5
Strømtangen Fyr;SN17000;24.10.2010;3.6
Strømtangen Fyr;SN17000;25.10.2010;4.4
Strømtangen Fyr;SN17000;26.10.2010;3.8
Strømtangen Fyr;SN17000;27.10.2010;9.1
Strømtangen Fyr;SN17000;28.10.2010;9.8
Strømtangen Fyr;SN17000;29.10.2010;9.7
Strømtangen Fyr;SN17000;30.10.2010;10
Strømtangen Fyr;SN17000;31.10.2010;10
Strømtangen Fyr;SN17000;01.11.2010;7.4
Strømtangen Fyr;SN17000;02.11.2010;8
Strømtangen Fyr;SN17000;03.11.2010;9.2
Strømtangen Fyr;SN17000;04.11.2010;8.3
Strømtangen Fyr;SN17000;05.11.2010;6.5
Strømtangen Fyr;SN17000;06.11.2010;3.9
Strømtangen Fyr;SN17000;07.11.2010;2.9
Strømtangen Fyr;SN17000;08.11.2010;-0.7
Strømtangen Fyr;SN17000;09.11.2010;-1.4
Strømtangen Fyr;SN17000;10.11.2010;-1
Strømtangen Fyr;SN17000;11.11.2010;1.4
Strømtangen Fyr;SN17000;12.11.2010;3
Strømtangen Fyr;SN17000;13.11.2010;2.9
Strømtangen Fyr;SN17000;14.11.2010;2.9
Strømtangen Fyr;SN17000;15.11.2010;3.2
Strømtangen Fyr;SN17000;16.11.2010;2.3
Strømtangen Fyr;SN17000;17.11.2010;-2.2
Strømtangen Fyr;SN17000;18.11.2010;-2.7
Strømtangen Fyr;SN17000;19.11.2010;-3.5
Strømtangen Fyr;SN17000;20.11.2010;-2.2
Strømtangen Fyr;SN17000;21.11.2010;0.2
Strømtangen Fyr;SN17000;22.11.2010;-1.4
Strømtangen Fyr;SN17000;23.11.2010;-3.1
Strømtangen Fyr;SN17000;24.11.2010;-4
Strømtangen Fyr;SN17000;25.11.2010;-5.9
Strømtangen Fyr;SN17000;26.11.2010;-7.8
Strømtangen Fyr;SN17000;27.11.2010;-7.9
Strømtangen Fyr;SN17000;28.11.2010;-6.6
Strømtangen Fyr;SN17000;29.11.2010;-8.4
Strømtangen Fyr;SN17000;30.11.2010;-10.5
Strømtangen Fyr;SN17000;01.12.2010;-11.2
Strømtangen Fyr;SN17000;02.12.2010;-10.6
Strømtangen Fyr;SN17000;03.12.2010;-9.3
Strømtangen Fyr;SN17000;04.12.2010;-7.6
Strømtangen Fyr;SN17000;05.12.2010;-2.9
Strømtangen Fyr;SN17000;06.12.2010;-6.5
Strømtangen Fyr;SN17000;07.12.2010;-10.8
Strømtangen Fyr;SN17000;08.12.2010;-5.4
Strømtangen Fyr;SN17000;09.12.2010;-8
Strømtangen Fyr;SN17000;10.12.2010;-3
Strømtangen Fyr;SN17000;11.12.2010;-1.1
Strømtangen Fyr;SN17000;12.12.2010;-4.6
Strømtangen Fyr;SN17000;13.12.2010;-7.1
Strømtangen Fyr;SN17000;14.12.2010;-9.9
Strømtangen Fyr;SN17000;15.12.2010;-4.2
Strømtangen Fyr;SN17000;16.12.2010;-0.7
Strømtangen Fyr;SN17000;17.12.2010;-6.6
Strømtangen Fyr;SN17000;18.12.2010;-2.8
Strømtangen Fyr;SN17000;19.12.2010;-7.9
Strømtangen Fyr;SN17000;20.12.2010;-9.5
Strømtangen Fyr;SN17000;21.12.2010;-12.2
Strømtangen Fyr;SN17000;22.12.2010;-14.4
Strømtangen Fyr;SN17000;23.12.2010;-13
Strømtangen Fyr;SN17000;24.12.2010;-12.7
Strømtangen Fyr;SN17000;25.12.2010;-12
Strømtangen Fyr;SN17000;26.12.2010;-5.7
Strømtangen Fyr;SN17000;27.12.2010;-5.4
Strømtangen Fyr;SN17000;28.12.2010;-6.7
Strømtangen Fyr;SN17000;29.12.2010;-11.4
Strømtangen Fyr;SN17000;30.12.2010;-8.5
Strømtangen Fyr;SN17000;31.12.2010;-2.6
Strømtangen Fyr;SN17000;01.01.2011;1.8
Strømtangen Fyr;SN17000;02.01.2011;-1
Strømtangen Fyr;SN17000;03.01.2011;-2.9
Strømtangen Fyr;SN17000;04.01.2011;-1.1
Strømtangen Fyr;SN17000;05.01.2011;-0.6
Strømtangen Fyr;SN17000;06.01.2011;-2.4
Strømtangen Fyr;SN17000;07.01.2011;-1.1
Strømtangen Fyr;SN17000;08.01.2011;-1.6
Strømtangen Fyr;SN17000;09.01.2011;1.6
Strømtangen Fyr;SN17000;10.01.2011;2.3
Strømtangen Fyr;SN17000;11.01.2011;0.9
Strømtangen Fyr;SN17000;12.01.2011;-1.3
Strømtangen Fyr;SN17000;13.01.2011;-4.6
Strømtangen Fyr;SN17000;14.01.2011;-2.8
Strømtangen Fyr;SN17000;15.01.2011;-1.9
Strømtangen Fyr;SN17000;16.01.2011;2.2
Strømtangen Fyr;SN17000;17.01.2011;2.7
Strømtangen Fyr;SN17000;18.01.2011;-2.2
Strømtangen Fyr;SN17000;19.01.2011;-5.2
Strømtangen Fyr;SN17000;20.01.2011;-4
Strømtangen Fyr;SN17000;21.01.2011;-4.6
Strømtangen Fyr;SN17000;22.01.2011;-1.8
Strømtangen Fyr;SN17000;23.01.2011;-0.8
Strømtangen Fyr;SN17000;24.01.2011;-1.4
Strømtangen Fyr;SN17000;25.01.2011;-1.7
Strømtangen Fyr;SN17000;26.01.2011;-7.2
Strømtangen Fyr;SN17000;27.01.2011;-7.1
Strømtangen Fyr;SN17000;28.01.2011;-5.9
Strømtangen Fyr;SN17000;29.01.2011;0.1
Strømtangen Fyr;SN17000;30.01.2011;-0.7
Strømtangen Fyr;SN17000;31.01.2011;1.2
Strømtangen Fyr;SN17000;01.02.2011;1.6
Strømtangen Fyr;SN17000;02.02.2011;1.6
Strømtangen Fyr;SN17000;03.02.2011;1.9
Strømtangen Fyr;SN17000;04.02.2011;1.6
Strømtangen Fyr;SN17000;05.02.2011;0.7
Strømtangen Fyr;SN17000;06.02.2011;1.1
Strømtangen Fyr;SN17000;07.02.2011;0.9
Strømtangen Fyr;SN17000;08.02.2011;1.4
Strømtangen Fyr;SN17000;09.02.2011;-0.2
Strømtangen Fyr;SN17000;10.02.2011;0.3
Strømtangen Fyr;SN17000;11.02.2011;-4.1
Strømtangen Fyr;SN17000;12.02.2011;-8.4
Strømtangen Fyr;SN17000;13.02.2011;-8.4
Strømtangen Fyr;SN17000;14.02.2011;-7.1
Strømtangen Fyr;SN17000;15.02.2011;-6.6
Strømtangen Fyr;SN17000;16.02.2011;-4.7
Strømtangen Fyr;SN17000;17.02.2011;-3.9
Strømtangen Fyr;SN17000;18.02.2011;-6.5
Strømtangen Fyr;SN17000;19.02.2011;-8.1
Strømtangen Fyr;SN17000;20.02.2011;-10.2
Strømtangen Fyr;SN17000;21.02.2011;-10
Strømtangen Fyr;SN17000;22.02.2011;-8.5
Strømtangen Fyr;SN17000;23.02.2011;-7.9
Strømtangen Fyr;SN17000;24.02.2011;-5.8
Strømtangen Fyr;SN17000;25.02.2011;-0.6
Strømtangen Fyr;SN17000;26.02.2011;-0.5
Strømtangen Fyr;SN17000;27.02.2011;-1.9
Strømtangen Fyr;SN17000;28.02.2011;-2.1
Strømtangen Fyr;SN17000;01.03.2011;-2
Strømtangen Fyr;SN17000;02.03.2011;-1.3
Strømtangen Fyr;SN17000;03.03.2011;-1.5
Strømtangen Fyr;SN17000;04.03.2011;0.1
Strømtangen Fyr;SN17000;05.03.2011;1.8
Strømtangen Fyr;SN17000;06.03.2011;-0.8
Strømtangen Fyr;SN17000;07.03.2011;0.5
Strømtangen Fyr;SN17000;08.03.2011;0.8
Strømtangen Fyr;SN17000;09.03.2011;0.8
Strømtangen Fyr;SN17000;10.03.2011;0.3
Strømtangen Fyr;SN17000;11.03.2011;-0.1
Strømtangen Fyr;SN17000;12.03.2011;0.5
Strømtangen Fyr;SN17000;13.03.2011;1
Strømtangen Fyr;SN17000;14.03.2011;2.4
Strømtangen Fyr;SN17000;15.03.2011;0.9
Strømtangen Fyr;SN17000;16.03.2011;-0.9
Strømtangen Fyr;SN17000;17.03.2011;-0.6
Strømtangen Fyr;SN17000;18.03.2011;-0.5
Strømtangen Fyr;SN17000;19.03.2011;1.3
Strømtangen Fyr;SN17000;20.03.2011;0.1
Strømtangen Fyr;SN17000;21.03.2011;3
Strømtangen Fyr;SN17000;22.03.2011;4.7
Strømtangen Fyr;SN17000;23.03.2011;3.8
Strømtangen Fyr;SN17000;24.03.2011;5.6
Strømtangen Fyr;SN17000;25.03.2011;2.3
Strømtangen Fyr;SN17000;26.03.2011;-0.5
Strømtangen Fyr;SN17000;27.03.2011;1.6
Strømtangen Fyr;SN17000;28.03.2011;2
Strømtangen Fyr;SN17000;29.03.2011;4.1
Strømtangen Fyr;SN17000;30.03.2011;1.9
Strømtangen Fyr;SN17000;31.03.2011;1.1
Strømtangen Fyr;SN17000;01.04.2011;2.8
Strømtangen Fyr;SN17000;02.04.2011;4.3
Strømtangen Fyr;SN17000;03.04.2011;3.4
Strømtangen Fyr;SN17000;04.04.2011;3.9
Strømtangen Fyr;SN17000;05.04.2011;4.2
Strømtangen Fyr;SN17000;06.04.2011;4.7
Strømtangen Fyr;SN17000;07.04.2011;7.3
Strømtangen Fyr;SN17000;08.04.2011;7.7
Strømtangen Fyr;SN17000;09.04.2011;6.2
Strømtangen Fyr;SN17000;10.04.2011;5.8
Strømtangen Fyr;SN17000;11.04.2011;6.5
Strømtangen Fyr;SN17000;12.04.2011;4.1
Strømtangen Fyr;SN17000;13.04.2011;5.7
Strømtangen Fyr;SN17000;14.04.2011;3.5
Strømtangen Fyr;SN17000;15.04.2011;5.6
Strømtangen Fyr;SN17000;16.04.2011;6.3
Strømtangen Fyr;SN17000;17.04.2011;7.1
Strømtangen Fyr;SN17000;18.04.2011;9.6
Strømtangen Fyr;SN17000;19.04.2011;8.1
Strømtangen Fyr;SN17000;20.04.2011;7.3
Strømtangen Fyr;SN17000;21.04.2011;7.7
Strømtangen Fyr;SN17000;22.04.2011;11.7
Strømtangen Fyr;SN17000;23.04.2011;11.9
Strømtangen Fyr;SN17000;24.04.2011;9.4
Strømtangen Fyr;SN17000;25.04.2011;9.2
Strømtangen Fyr;SN17000;26.04.2011;11.9
Strømtangen Fyr;SN17000;27.04.2011;10.6
Strømtangen Fyr;SN17000;28.04.2011;11.6
Strømtangen Fyr;SN17000;29.04.2011;12.5
Strømtangen Fyr;SN17000;30.04.2011;12.5
Strømtangen Fyr;SN17000;01.05.2011;8.9
Strømtangen Fyr;SN17000;02.05.2011;7.8
Strømtangen Fyr;SN17000;03.05.2011;5.8
Strømtangen Fyr;SN17000;04.05.2011;7.2
Strømtangen Fyr;SN17000;05.05.2011;10.5
Strømtangen Fyr;SN17000;06.05.2011;9.5
Strømtangen Fyr;SN17000;07.05.2011;11.8
Strømtangen Fyr;SN17000;08.05.2011;14
Strømtangen Fyr;SN17000;09.05.2011;14.2
Strømtangen Fyr;SN17000;10.05.2011;14.5
Strømtangen Fyr;SN17000;11.05.2011;13.2
Strømtangen Fyr;SN17000;12.05.2011;12.1
Strømtangen Fyr;SN17000;13.05.2011;12.1
Strømtangen Fyr;SN17000;14.05.2011;10.3
Strømtangen Fyr;SN17000;15.05.2011;9.6
Strømtangen Fyr;SN17000;16.05.2011;10
Strømtangen Fyr;SN17000;17.05.2011;12.4
Strømtangen Fyr;SN17000;18.05.2011;10.7
Strømtangen Fyr;SN17000;19.05.2011;11.8
Strømtangen Fyr;SN17000;20.05.2011;11
Strømtangen Fyr;SN17000;21.05.2011;11.4
Strømtangen Fyr;SN17000;22.05.2011;12.6
Strømtangen Fyr;SN17000;23.05.2011;11.6
Strømtangen Fyr;SN17000;24.05.2011;11.1
Strømtangen Fyr;SN17000;25.05.2011;11.8
Strømtangen Fyr;SN17000;26.05.2011;10.7
Strømtangen Fyr;SN17000;27.05.2011;11.2
Strømtangen Fyr;SN17000;28.05.2011;10.9
Strømtangen Fyr;SN17000;29.05.2011;10.7
Strømtangen Fyr;SN17000;30.05.2011;11.7
Strømtangen Fyr;SN17000;31.05.2011;13.1
Strømtangen Fyr;SN17000;01.06.2011;12.8
Strømtangen Fyr;SN17000;02.06.2011;14.3
Strømtangen Fyr;SN17000;03.06.2011;16.4
Strømtangen Fyr;SN17000;04.06.2011;15.7
Strømtangen Fyr;SN17000;05.06.2011;17.4
Strømtangen Fyr;SN17000;06.06.2011;17.5
Strømtangen Fyr;SN17000;07.06.2011;15.1
Strømtangen Fyr;SN17000;08.06.2011;17
Strømtangen Fyr;SN17000;09.06.2011;16.5
Strømtangen Fyr;SN17000;10.06.2011;14.3
Strømtangen Fyr;SN17000;11.06.2011;13.8
Strømtangen Fyr;SN17000;12.06.2011;14.2
Strømtangen Fyr;SN17000;13.06.2011;14.1
Strømtangen Fyr;SN17000;14.06.2011;14.9
Strømtangen Fyr;SN17000;15.06.2011;14.7
Strømtangen Fyr;SN17000;16.06.2011;15.1
Strømtangen Fyr;SN17000;17.06.2011;13.6
Strømtangen Fyr;SN17000;18.06.2011;14
Strømtangen Fyr;SN17000;19.06.2011;13.8
Strømtangen Fyr;SN17000;20.06.2011;14.8
Strømtangen Fyr;SN17000;21.06.2011;15.2
Strømtangen Fyr;SN17000;22.06.2011;14.8
Strømtangen Fyr;SN17000;23.06.2011;15
Strømtangen Fyr;SN17000;24.06.2011;14.2
Strømtangen Fyr;SN17000;25.06.2011;14.6
Strømtangen Fyr;SN17000;26.06.2011;14.9
Strømtangen Fyr;SN17000;27.06.2011;14.9
Strømtangen Fyr;SN17000;28.06.2011;17.8
Strømtangen Fyr;SN17000;29.06.2011;18.3
Strømtangen Fyr;SN17000;30.06.2011;18.7
Strømtangen Fyr;SN17000;01.07.2011;17.8
Strømtangen Fyr;SN17000;02.07.2011;17.4
Strømtangen Fyr;SN17000;03.07.2011;20.2
Strømtangen Fyr;SN17000;04.07.2011;19.3
Strømtangen Fyr;SN17000;05.07.2011;17.8
Strømtangen Fyr;SN17000;06.07.2011;19.9
Strømtangen Fyr;SN17000;07.07.2011;18.2
Strømtangen Fyr;SN17000;08.07.2011;17.1
Strømtangen Fyr;SN17000;09.07.2011;17.7
Strømtangen Fyr;SN17000;10.07.2011;16.7
Strømtangen Fyr;SN17000;11.07.2011;17.1
Strømtangen Fyr;SN17000;12.07.2011;17.2
Strømtangen Fyr;SN17000;13.07.2011;16.3
Strømtangen Fyr;SN17000;14.07.2011;17.7
Strømtangen Fyr;SN17000;15.07.2011;13.5
Strømtangen Fyr;SN17000;16.07.2011;16.4
Strømtangen Fyr;SN17000;17.07.2011;16.6
Strømtangen Fyr;SN17000;18.07.2011;16.6
Strømtangen Fyr;SN17000;19.07.2011;17.1
Strømtangen Fyr;SN17000;20.07.2011;17.1
Strømtangen Fyr;SN17000;21.07.2011;17.9
Strømtangen Fyr;SN17000;22.07.2011;17.3
Strømtangen Fyr;SN17000;23.07.2011;19.3
Strømtangen Fyr;SN17000;24.07.2011;16.7
Strømtangen Fyr;SN17000;25.07.2011;15.4
Strømtangen Fyr;SN17000;26.07.2011;17.2
Strømtangen Fyr;SN17000;27.07.2011;17.7
Strømtangen Fyr;SN17000;28.07.2011;20.4
Strømtangen Fyr;SN17000;29.07.2011;22
Strømtangen Fyr;SN17000;30.07.2011;22.1
Strømtangen Fyr;SN17000;31.07.2011;20.6
Strømtangen Fyr;SN17000;01.08.2011;20.6
Strømtangen Fyr;SN17000;02.08.2011;20.1
Strømtangen Fyr;SN17000;03.08.2011;20.5
Strømtangen Fyr;SN17000;04.08.2011;20.2
Strømtangen Fyr;SN17000;05.08.2011;18
Strømtangen Fyr;SN17000;06.08.2011;18.7
Strømtangen Fyr;SN17000;07.08.2011;16.2
Strømtangen Fyr;SN17000;08.08.2011;16.5
Strømtangen Fyr;SN17000;09.08.2011;16.3
Strømtangen Fyr;SN17000;10.08.2011;13.3
Strømtangen Fyr;SN17000;11.08.2011;14.6
Strømtangen Fyr;SN17000;12.08.2011;15.8
Strømtangen Fyr;SN17000;13.08.2011;16.5
Strømtangen Fyr;SN17000;14.08.2011;16.7
Strømtangen Fyr;SN17000;15.08.2011;17.3
Strømtangen Fyr;SN17000;16.08.2011;17.1
Strømtangen Fyr;SN17000;17.08.2011;16.8
Strømtangen Fyr;SN17000;18.08.2011;16.2
Strømtangen Fyr;SN17000;19.08.2011;14
Strømtangen Fyr;SN17000;20.08.2011;16.4
Strømtangen Fyr;SN17000;21.08.2011;16.3
Strømtangen Fyr;SN17000;22.08.2011;17.1
Strømtangen Fyr;SN17000;23.08.2011;16.2
Strømtangen Fyr;SN17000;24.08.2011;15.8
Strømtangen Fyr;SN17000;25.08.2011;16.5
Strømtangen Fyr;SN17000;26.08.2011;18.2
Strømtangen Fyr;SN17000;27.08.2011;18.1
Strømtangen Fyr;SN17000;28.08.2011;15.3
Strømtangen Fyr;SN17000;29.08.2011;14.4
Strømtangen Fyr;SN17000;30.08.2011;14.3
Strømtangen Fyr;SN17000;31.08.2011;13.7
Strømtangen Fyr;SN17000;01.09.2011;14.4
Strømtangen Fyr;SN17000;02.09.2011;15.2
Strømtangen Fyr;SN17000;03.09.2011;15.7
Strømtangen Fyr;SN17000;04.09.2011;17.6
Strømtangen Fyr;SN17000;05.09.2011;16.5
Strømtangen Fyr;SN17000;06.09.2011;15.2
Strømtangen Fyr;SN17000;07.09.2011;14
Strømtangen Fyr;SN17000;08.09.2011;13.9
Strømtangen Fyr;SN17000;09.09.2011;14.5
Strømtangen Fyr;SN17000;10.09.2011;14.6
Strømtangen Fyr;SN17000;11.09.2011;16
Strømtangen Fyr;SN17000;12.09.2011;15.1
Strømtangen Fyr;SN17000;13.09.2011;15.2
Strømtangen Fyr;SN17000;14.09.2011;15.6
Strømtangen Fyr;SN17000;15.09.2011;13.4
Strømtangen Fyr;SN17000;16.09.2011;11.6
Strømtangen Fyr;SN17000;17.09.2011;11
Strømtangen Fyr;SN17000;18.09.2011;11.8
Strømtangen Fyr;SN17000;19.09.2011;13.1
Strømtangen Fyr;SN17000;20.09.2011;14.1
Strømtangen Fyr;SN17000;21.09.2011;13.8
Strømtangen Fyr;SN17000;22.09.2011;13.2
Strømtangen Fyr;SN17000;23.09.2011;12.6
Strømtangen Fyr;SN17000;24.09.2011;12.4
Strømtangen Fyr;SN17000;25.09.2011;13.9
Strømtangen Fyr;SN17000;26.09.2011;14.1
Strømtangen Fyr;SN17000;27.09.2011;13.4
Strømtangen Fyr;SN17000;28.09.2011;14.3
Strømtangen Fyr;SN17000;29.09.2011;14.6
Strømtangen Fyr;SN17000;30.09.2011;13.9
Strømtangen Fyr;SN17000;01.10.2011;13
Strømtangen Fyr;SN17000;02.10.2011;14
Strømtangen Fyr;SN17000;03.10.2011;13.1
Strømtangen Fyr;SN17000;04.10.2011;13.7
Strømtangen Fyr;SN17000;05.10.2011;13.3
Strømtangen Fyr;SN17000;06.10.2011;12.7
Strømtangen Fyr;SN17000;07.10.2011;12
Strømtangen Fyr;SN17000;08.10.2011;9.4
Strømtangen Fyr;SN17000;09.10.2011;8.4
Strømtangen Fyr;SN17000;10.10.2011;10.8
Strømtangen Fyr;SN17000;11.10.2011;10.6
Strømtangen Fyr;SN17000;12.10.2011;10.4
Strømtangen Fyr;SN17000;13.10.2011;7.2
Strømtangen Fyr;SN17000;14.10.2011;7
Strømtangen Fyr;SN17000;15.10.2011;11.1
Strømtangen Fyr;SN17000;16.10.2011;10.2
Strømtangen Fyr;SN17000;17.10.2011;11.5
Strømtangen Fyr;SN17000;18.10.2011;10.2
Strømtangen Fyr;SN17000;19.10.2011;8.1
Strømtangen Fyr;SN17000;20.10.2011;7.7
Strømtangen Fyr;SN17000;21.10.2011;6.7
Strømtangen Fyr;SN17000;22.10.2011;11.8
Strømtangen Fyr;SN17000;23.10.2011;9.5
Strømtangen Fyr;SN17000;24.10.2011;7
Strømtangen Fyr;SN17000;25.10.2011;8
Strømtangen Fyr;SN17000;26.10.2011;8
Strømtangen Fyr;SN17000;27.10.2011;9.8
Strømtangen Fyr;SN17000;28.10.2011;9.9
Strømtangen Fyr;SN17000;29.10.2011;9.4
Strømtangen Fyr;SN17000;30.10.2011;11.2
Strømtangen Fyr;SN17000;31.10.2011;10.5
Strømtangen Fyr;SN17000;01.11.2011;11.1
Strømtangen Fyr;SN17000;02.11.2011;10.7
Strømtangen Fyr;SN17000;03.11.2011;9
Strømtangen Fyr;SN17000;04.11.2011;8.5
Strømtangen Fyr;SN17000;05.11.2011;9.1
Strømtangen Fyr;SN17000;06.11.2011;8
Strømtangen Fyr;SN17000;07.11.2011;6.6
Strømtangen Fyr;SN17000;08.11.2011;5.2
Strømtangen Fyr;SN17000;09.11.2011;5.6
Strømtangen Fyr;SN17000;10.11.2011;5.8
Strømtangen Fyr;SN17000;11.11.2011;4.8
Strømtangen Fyr;SN17000;12.11.2011;3.5
Strømtangen Fyr;SN17000;13.11.2011;4
Strømtangen Fyr;SN17000;14.11.2011;0.4
Strømtangen Fyr;SN17000;15.11.2011;1
Strømtangen Fyr;SN17000;16.11.2011;2.8
Strømtangen Fyr;SN17000;17.11.2011;1.3
Strømtangen Fyr;SN17000;18.11.2011;6.5
Strømtangen Fyr;SN17000;19.11.2011;7.8
Strømtangen Fyr;SN17000;20.11.2011;5.7
Strømtangen Fyr;SN17000;21.11.2011;3.1
Strømtangen Fyr;SN17000;22.11.2011;2.4
Strømtangen Fyr;SN17000;23.11.2011;7.1
Strømtangen Fyr;SN17000;24.11.2011;8.6
Strømtangen Fyr;SN17000;25.11.2011;8.8
Strømtangen Fyr;SN17000;26.11.2011;7.4
Strømtangen Fyr;SN17000;27.11.2011;9
Strømtangen Fyr;SN17000;28.11.2011;7.7
Strømtangen Fyr;SN17000;29.11.2011;8.8
Strømtangen Fyr;SN17000;30.11.2011;8.1
Strømtangen Fyr;SN17000;01.12.2011;8.2
Strømtangen Fyr;SN17000;02.12.2011;4.8
Strømtangen Fyr;SN17000;03.12.2011;7.1
Strømtangen Fyr;SN17000;04.12.2011;5.1
Strømtangen Fyr;SN17000;05.12.2011;3.9
Strømtangen Fyr;SN17000;06.12.2011;3.7
Strømtangen Fyr;SN17000;07.12.2011;-0.5
Strømtangen Fyr;SN17000;08.12.2011;0.7
Strømtangen Fyr;SN17000;09.12.2011;4.3
Strømtangen Fyr;SN17000;10.12.2011;3.9
Strømtangen Fyr;SN17000;11.12.2011;2.2
Strømtangen Fyr;SN17000;12.12.2011;6.3
Strømtangen Fyr;SN17000;13.12.2011;5.9
Strømtangen Fyr;SN17000;14.12.2011;5.9
Strømtangen Fyr;SN17000;15.12.2011;6.5
Strømtangen Fyr;SN17000;16.12.2011;3.8
Strømtangen Fyr;SN17000;17.12.2011;0.8
Strømtangen Fyr;SN17000;18.12.2011;1.1
Strømtangen Fyr;SN17000;19.12.2011;4.7
Strømtangen Fyr;SN17000;20.12.2011;-1.5
Strømtangen Fyr;SN17000;21.12.2011;-3.2
Strømtangen Fyr;SN17000;22.12.2011;2.5
Strømtangen Fyr;SN17000;23.12.2011;6.6
Strømtangen Fyr;SN17000;24.12.2011;5.1
Strømtangen Fyr;SN17000;25.12.2011;8
Strømtangen Fyr;SN17000;26.12.2011;8.4
Strømtangen Fyr;SN17000;27.12.2011;7.5
Strømtangen Fyr;SN17000;28.12.2011;6.3
Strømtangen Fyr;SN17000;29.12.2011;6.3
Strømtangen Fyr;SN17000;30.12.2011;2.1
Strømtangen Fyr;SN17000;31.12.2011;-1.3
Strømtangen Fyr;SN17000;01.01.2012;3.9
Strømtangen Fyr;SN17000;02.01.2012;5
Strømtangen Fyr;SN17000;03.01.2012;4.7
Strømtangen Fyr;SN17000;04.01.2012;4.7
Strømtangen Fyr;SN17000;05.01.2012;0.3
Strømtangen Fyr;SN17000;06.01.2012;1.7
Strømtangen Fyr;SN17000;07.01.2012;1.5
Strømtangen Fyr;SN17000;08.01.2012;-2.3
Strømtangen Fyr;SN17000;09.01.2012;-2.3
Strømtangen Fyr;SN17000;10.01.2012;2.4
Strømtangen Fyr;SN17000;11.01.2012;5.2
Strømtangen Fyr;SN17000;12.01.2012;5
Strømtangen Fyr;SN17000;13.01.2012;4.4
Strømtangen Fyr;SN17000;14.01.2012;2.3
Strømtangen Fyr;SN17000;15.01.2012;-0.2
Strømtangen Fyr;SN17000;16.01.2012;-1.9
Strømtangen Fyr;SN17000;17.01.2012;-1.1
Strømtangen Fyr;SN17000;18.01.2012;1.7
Strømtangen Fyr;SN17000;19.01.2012;3.1
Strømtangen Fyr;SN17000;20.01.2012;-3.6
Strømtangen Fyr;SN17000;21.01.2012;-1.3
Strømtangen Fyr;SN17000;22.01.2012;0
Strømtangen Fyr;SN17000;23.01.2012;-3.3
Strømtangen Fyr;SN17000;24.01.2012;-3.5
Strømtangen Fyr;SN17000;25.01.2012;-4
Strømtangen Fyr;SN17000;26.01.2012;-2.1
Strømtangen Fyr;SN17000;27.01.2012;-0.3
Strømtangen Fyr;SN17000;28.01.2012;-1.7
Strømtangen Fyr;SN17000;29.01.2012;-2.8
Strømtangen Fyr;SN17000;30.01.2012;-4.3
Strømtangen Fyr;SN17000;31.01.2012;-4.5
Strømtangen Fyr;SN17000;01.02.2012;-6.1
Strømtangen Fyr;SN17000;02.02.2012;-7.2
Strømtangen Fyr;SN17000;03.02.2012;-11.7
Strømtangen Fyr;SN17000;04.02.2012;-11.7
Strømtangen Fyr;SN17000;05.02.2012;-3.9
Strømtangen Fyr;SN17000;06.02.2012;-2.3
Strømtangen Fyr;SN17000;07.02.2012;-2.2
Strømtangen Fyr;SN17000;08.02.2012;-3.3
Strømtangen Fyr;SN17000;09.02.2012;-5.2
Strømtangen Fyr;SN17000;10.02.2012;-2
Strømtangen Fyr;SN17000;11.02.2012;-1.4
Strømtangen Fyr;SN17000;12.02.2012;-2.9
Strømtangen Fyr;SN17000;13.02.2012;-2.3
Strømtangen Fyr;SN17000;14.02.2012;-0.6
Strømtangen Fyr;SN17000;15.02.2012;1.8
Strømtangen Fyr;SN17000;16.02.2012;0.5
Strømtangen Fyr;SN17000;17.02.2012;1.4
Strømtangen Fyr;SN17000;18.02.2012;1.7
Strømtangen Fyr;SN17000;19.02.2012;1.4
Strømtangen Fyr;SN17000;20.02.2012;1.1
Strømtangen Fyr;SN17000;21.02.2012;2.6
Strømtangen Fyr;SN17000;22.02.2012;2.7
Strømtangen Fyr;SN17000;23.02.2012;3.2
Strømtangen Fyr;SN17000;24.02.2012;4.1
Strømtangen Fyr;SN17000;25.02.2012;4.2
Strømtangen Fyr;SN17000;26.02.2012;0.9
Strømtangen Fyr;SN17000;27.02.2012;1.7
Strømtangen Fyr;SN17000;28.02.2012;4
Strømtangen Fyr;SN17000;29.02.2012;3.2
Strømtangen Fyr;SN17000;01.03.2012;3.8
Strømtangen Fyr;SN17000;02.03.2012;3.1
Strømtangen Fyr;SN17000;03.03.2012;1.3
Strømtangen Fyr;SN17000;04.03.2012;1.3
Strømtangen Fyr;SN17000;05.03.2012;0.5
Strømtangen Fyr;SN17000;06.03.2012;0.5
Strømtangen Fyr;SN17000;07.03.2012;1.1
Strømtangen Fyr;SN17000;08.03.2012;0.4
Strømtangen Fyr;SN17000;09.03.2012;3.7
Strømtangen Fyr;SN17000;10.03.2012;4.3
Strømtangen Fyr;SN17000;11.03.2012;4.4
Strømtangen Fyr;SN17000;12.03.2012;6.9
Strømtangen Fyr;SN17000;13.03.2012;6.7
Strømtangen Fyr;SN17000;14.03.2012;4
Strømtangen Fyr;SN17000;15.03.2012;3.9
Strømtangen Fyr;SN17000;16.03.2012;4.1
Strømtangen Fyr;SN17000;17.03.2012;4.3
Strømtangen Fyr;SN17000;18.03.2012;4
Strømtangen Fyr;SN17000;19.03.2012;4.6
Strømtangen Fyr;SN17000;20.03.2012;6.4
Strømtangen Fyr;SN17000;21.03.2012;6.8
Strømtangen Fyr;SN17000;22.03.2012;6.8
Strømtangen Fyr;SN17000;23.03.2012;7.2
Strømtangen Fyr;SN17000;24.03.2012;5.8
Strømtangen Fyr;SN17000;25.03.2012;6.7
Strømtangen Fyr;SN17000;26.03.2012;5.9
Strømtangen Fyr;SN17000;27.03.2012;9.6
Strømtangen Fyr;SN17000;28.03.2012;9.4
Strømtangen Fyr;SN17000;29.03.2012;7.8
Strømtangen Fyr;SN17000;30.03.2012;6.3
Strømtangen Fyr;SN17000;31.03.2012;4.5
Strømtangen Fyr;SN17000;01.04.2012;4.3
Strømtangen Fyr;SN17000;02.04.2012;2.3
Strømtangen Fyr;SN17000;03.04.2012;1.9
Strømtangen Fyr;SN17000;04.04.2012;2.2
Strømtangen Fyr;SN17000;05.04.2012;4.3
Strømtangen Fyr;SN17000;06.04.2012;2.9
Strømtangen Fyr;SN17000;07.04.2012;1.9
Strømtangen Fyr;SN17000;08.04.2012;2.4
Strømtangen Fyr;SN17000;09.04.2012;4.1
Strømtangen Fyr;SN17000;10.04.2012;5.8
Strømtangen Fyr;SN17000;11.04.2012;5.1
Strømtangen Fyr;SN17000;12.04.2012;5.1
Strømtangen Fyr;SN17000;13.04.2012;6.3
Strømtangen Fyr;SN17000;14.04.2012;5.2
Strømtangen Fyr;SN17000;15.04.2012;5.1
Strømtangen Fyr;SN17000;16.04.2012;3.7
Strømtangen Fyr;SN17000;17.04.2012;3.9
Strømtangen Fyr;SN17000;18.04.2012;4.6
Strømtangen Fyr;SN17000;19.04.2012;7.4
Strømtangen Fyr;SN17000;20.04.2012;5.1
Strømtangen Fyr;SN17000;21.04.2012;4.5
Strømtangen Fyr;SN17000;22.04.2012;6.4
Strømtangen Fyr;SN17000;23.04.2012;6
Strømtangen Fyr;SN17000;24.04.2012;6.9
Strømtangen Fyr;SN17000;25.04.2012;8.7
Strømtangen Fyr;SN17000;26.04.2012;7.8
Strømtangen Fyr;SN17000;27.04.2012;7.9
Strømtangen Fyr;SN17000;28.04.2012;7.2
Strømtangen Fyr;SN17000;29.04.2012;10
Strømtangen Fyr;SN17000;30.04.2012;9.9
Strømtangen Fyr;SN17000;01.05.2012;10.6
Strømtangen Fyr;SN17000;02.05.2012;10.1
Strømtangen Fyr;SN17000;03.05.2012;11.7
Strømtangen Fyr;SN17000;04.05.2012;9.7
Strømtangen Fyr;SN17000;05.05.2012;6.2
Strømtangen Fyr;SN17000;06.05.2012;6.2
Strømtangen Fyr;SN17000;07.05.2012;7.1
Strømtangen Fyr;SN17000;08.05.2012;8.8
Strømtangen Fyr;SN17000;09.05.2012;9.6
Strømtangen Fyr;SN17000;10.05.2012;8.6
Strømtangen Fyr;SN17000;11.05.2012;9
Strømtangen Fyr;SN17000;12.05.2012;10.3
Strømtangen Fyr;SN17000;13.05.2012;8.2
Strømtangen Fyr;SN17000;14.05.2012;9
Strømtangen Fyr;SN17000;15.05.2012;9.8
Strømtangen Fyr;SN17000;16.05.2012;10.4
Strømtangen Fyr;SN17000;17.05.2012;9.3
Strømtangen Fyr;SN17000;18.05.2012;9.6
Strømtangen Fyr;SN17000;19.05.2012;11.6
Strømtangen Fyr;SN17000;20.05.2012;12.7
Strømtangen Fyr;SN17000;21.05.2012;17.4
Strømtangen Fyr;SN17000;22.05.2012;19
Strømtangen Fyr;SN17000;23.05.2012;18.1
Strømtangen Fyr;SN17000;24.05.2012;17.1
Strømtangen Fyr;SN17000;25.05.2012;17.5
Strømtangen Fyr;SN17000;26.05.2012;21
Strømtangen Fyr;SN17000;27.05.2012;16.9
Strømtangen Fyr;SN17000;28.05.2012;16.1
Strømtangen Fyr;SN17000;29.05.2012;11
Strømtangen Fyr;SN17000;30.05.2012;12.3
Strømtangen Fyr;SN17000;31.05.2012;12
Strømtangen Fyr;SN17000;01.06.2012;10
Strømtangen Fyr;SN17000;02.06.2012;10.1
Strømtangen Fyr;SN17000;03.06.2012;10.2
Strømtangen Fyr;SN17000;04.06.2012;11.7
Strømtangen Fyr;SN17000;05.06.2012;11.6
Strømtangen Fyr;SN17000;06.06.2012;11.6
Strømtangen Fyr;SN17000;07.06.2012;12.1
Strømtangen Fyr;SN17000;08.06.2012;13.9
Strømtangen Fyr;SN17000;09.06.2012;13.1
Strømtangen Fyr;SN17000;10.06.2012;12.8
Strømtangen Fyr;SN17000;11.06.2012;14
Strømtangen Fyr;SN17000;12.06.2012;12.8
Strømtangen Fyr;SN17000;13.06.2012;12.9
Strømtangen Fyr;SN17000;14.06.2012;13.3
Strømtangen Fyr;SN17000;15.06.2012;12
Strømtangen Fyr;SN17000;16.06.2012;13.7
Strømtangen Fyr;SN17000;17.06.2012;13.8
Strømtangen Fyr;SN17000;18.06.2012;13.6
Strømtangen Fyr;SN17000;19.06.2012;13.9
Strømtangen Fyr;SN17000;20.06.2012;13.6
Strømtangen Fyr;SN17000;21.06.2012;16.3
Strømtangen Fyr;SN17000;22.06.2012;17.2
Strømtangen Fyr;SN17000;23.06.2012;14.3
Strømtangen Fyr;SN17000;24.06.2012;13.6
Strømtangen Fyr;SN17000;25.06.2012;13.5
Strømtangen Fyr;SN17000;26.06.2012;17
Strømtangen Fyr;SN17000;27.06.2012;15.8
Strømtangen Fyr;SN17000;28.06.2012;14.9
Strømtangen Fyr;SN17000;29.06.2012;15.4
Strømtangen Fyr;SN17000;30.06.2012;15.2
Strømtangen Fyr;SN17000;01.07.2012;15.1
Strømtangen Fyr;SN17000;02.07.2012;15
Strømtangen Fyr;SN17000;03.07.2012;15.9
Strømtangen Fyr;SN17000;04.07.2012;18.5
Strømtangen Fyr;SN17000;05.07.2012;19.8
Strømtangen Fyr;SN17000;06.07.2012;19.2
Strømtangen Fyr;SN17000;07.07.2012;17.2
Strømtangen Fyr;SN17000;08.07.2012;17.2
Strømtangen Fyr;SN17000;09.07.2012;17.8
Strømtangen Fyr;SN17000;10.07.2012;17.2
Strømtangen Fyr;SN17000;11.07.2012;15.7
Strømtangen Fyr;SN17000;12.07.2012;15.4
Strømtangen Fyr;SN17000;13.07.2012;16
Strømtangen Fyr;SN17000;14.07.2012;16.3
Strømtangen Fyr;SN17000;15.07.2012;17
Strømtangen Fyr;SN17000;16.07.2012;16.1
Strømtangen Fyr;SN17000;17.07.2012;16.5
Strømtangen Fyr;SN17000;18.07.2012;15.7
Strømtangen Fyr;SN17000;19.07.2012;15.6
Strømtangen Fyr;SN17000;20.07.2012;15
Strømtangen Fyr;SN17000;21.07.2012;14.6
Strømtangen Fyr;SN17000;22.07.2012;15.7
Strømtangen Fyr;SN17000;23.07.2012;16.1
Strømtangen Fyr;SN17000;24.07.2012;16.9
Strømtangen Fyr;SN17000;25.07.2012;17
Strømtangen Fyr;SN17000;26.07.2012;18.8
Strømtangen Fyr;SN17000;27.07.2012;16.9
Strømtangen Fyr;SN17000;28.07.2012;16.3
Strømtangen Fyr;SN17000;29.07.2012;16
Strømtangen Fyr;SN17000;30.07.2012;16.2
Strømtangen Fyr;SN17000;31.07.2012;15.5
Strømtangen Fyr;SN17000;01.08.2012;15.9
Strømtangen Fyr;SN17000;02.08.2012;17
Strømtangen Fyr;SN17000;03.08.2012;17.1
Strømtangen Fyr;SN17000;04.08.2012;17
Strømtangen Fyr;SN17000;05.08.2012;17
Strømtangen Fyr;SN17000;06.08.2012;16
Strømtangen Fyr;SN17000;07.08.2012;16.3
Strømtangen Fyr;SN17000;08.08.2012;16.1
Strømtangen Fyr;SN17000;09.08.2012;15.7
Strømtangen Fyr;SN17000;10.08.2012;16.1
Strømtangen Fyr;SN17000;11.08.2012;17.1
Strømtangen Fyr;SN17000;12.08.2012;16.9
Strømtangen Fyr;SN17000;13.08.2012;17.4
Strømtangen Fyr;SN17000;14.08.2012;17.8
Strømtangen Fyr;SN17000;15.08.2012;18
Strømtangen Fyr;SN17000;16.08.2012;18.4
Strømtangen Fyr;SN17000;17.08.2012;18
Strømtangen Fyr;SN17000;18.08.2012;18.1
Strømtangen Fyr;SN17000;19.08.2012;19.5
Strømtangen Fyr;SN17000;20.08.2012;18.8
Strømtangen Fyr;SN17000;21.08.2012;18.6
Strømtangen Fyr;SN17000;22.08.2012;17.3
Strømtangen Fyr;SN17000;23.08.2012;17
Strømtangen Fyr;SN17000;24.08.2012;15.8
Strømtangen Fyr;SN17000;25.08.2012;16.2
Strømtangen Fyr;SN17000;26.08.2012;14.9
Strømtangen Fyr;SN17000;27.08.2012;13.2
Strømtangen Fyr;SN17000;28.08.2012;15.5
Strømtangen Fyr;SN17000;29.08.2012;16.1
Strømtangen Fyr;SN17000;30.08.2012;16.5
Strømtangen Fyr;SN17000;31.08.2012;16.3
Strømtangen Fyr;SN17000;01.09.2012;14.9
Strømtangen Fyr;SN17000;02.09.2012;17
Strømtangen Fyr;SN17000;03.09.2012;16.7
Strømtangen Fyr;SN17000;04.09.2012;17
Strømtangen Fyr;SN17000;05.09.2012;16
Strømtangen Fyr;SN17000;06.09.2012;11.7
Strømtangen Fyr;SN17000;07.09.2012;14.3
Strømtangen Fyr;SN17000;08.09.2012;13.8
Strømtangen Fyr;SN17000;09.09.2012;13.4
Strømtangen Fyr;SN17000;10.09.2012;15.6
Strømtangen Fyr;SN17000;11.09.2012;15.5
Strømtangen Fyr;SN17000;12.09.2012;13.1
Strømtangen Fyr;SN17000;13.09.2012;12.2
Strømtangen Fyr;SN17000;14.09.2012;14.4
Strømtangen Fyr;SN17000;15.09.2012;14.6
Strømtangen Fyr;SN17000;16.09.2012;14.5
Strømtangen Fyr;SN17000;17.09.2012;14.1
Strømtangen Fyr;SN17000;18.09.2012;13.3
Strømtangen Fyr;SN17000;19.09.2012;11.8
Strømtangen Fyr;SN17000;20.09.2012;11.3
Strømtangen Fyr;SN17000;21.09.2012;9.1
Strømtangen Fyr;SN17000;22.09.2012;7.3
Strømtangen Fyr;SN17000;23.09.2012;8.6
Strømtangen Fyr;SN17000;24.09.2012;9.5
Strømtangen Fyr;SN17000;25.09.2012;8.8
Strømtangen Fyr;SN17000;26.09.2012;10.8
Strømtangen Fyr;SN17000;27.09.2012;10.3
Strømtangen Fyr;SN17000;28.09.2012;11.5
Strømtangen Fyr;SN17000;29.09.2012;12.2
Strømtangen Fyr;SN17000;30.09.2012;11.1
Strømtangen Fyr;SN17000;01.10.2012;13.2
Strømtangen Fyr;SN17000;02.10.2012;13.1
Strømtangen Fyr;SN17000;03.10.2012;12.3
Strømtangen Fyr;SN17000;04.10.2012;10.8
Strømtangen Fyr;SN17000;05.10.2012;8.4
Strømtangen Fyr;SN17000;06.10.2012;8.8
Strømtangen Fyr;SN17000;07.10.2012;11
Strømtangen Fyr;SN17000;08.10.2012;10.6
Strømtangen Fyr;SN17000;09.10.2012;7.4
Strømtangen Fyr;SN17000;10.10.2012;7.4
Strømtangen Fyr;SN17000;11.10.2012;6
Strømtangen Fyr;SN17000;12.10.2012;5.4
Strømtangen Fyr;SN17000;13.10.2012;5.6
Strømtangen Fyr;SN17000;14.10.2012;5.4
Strømtangen Fyr;SN17000;15.10.2012;7.1
Strømtangen Fyr;SN17000;16.10.2012;7.6
Strømtangen Fyr;SN17000;17.10.2012;10.5
Strømtangen Fyr;SN17000;18.10.2012;11.5
Strømtangen Fyr;SN17000;19.10.2012;10.6
Strømtangen Fyr;SN17000;20.10.2012;9.4
Strømtangen Fyr;SN17000;21.10.2012;6.5
Strømtangen Fyr;SN17000;22.10.2012;5.9
Strømtangen Fyr;SN17000;23.10.2012;4.7
Strømtangen Fyr;SN17000;24.10.2012;5
Strømtangen Fyr;SN17000;25.10.2012;3.7
Strømtangen Fyr;SN17000;26.10.2012;4.6
Strømtangen Fyr;SN17000;27.10.2012;3.8
Strømtangen Fyr;SN17000;28.10.2012;1.9
Strømtangen Fyr;SN17000;29.10.2012;4.1
Strømtangen Fyr;SN17000;30.10.2012;1.5
Strømtangen Fyr;SN17000;31.10.2012;6.5
Strømtangen Fyr;SN17000;01.11.2012;7.1
Strømtangen Fyr;SN17000;02.11.2012;7.7
Strømtangen Fyr;SN17000;03.11.2012;6.1
Strømtangen Fyr;SN17000;04.11.2012;4.8
Strømtangen Fyr;SN17000;05.11.2012;3.7
Strømtangen Fyr;SN17000;06.11.2012;3.4
Strømtangen Fyr;SN17000;07.11.2012;5
Strømtangen Fyr;SN17000;08.11.2012;3.6
Strømtangen Fyr;SN17000;09.11.2012;4.4
Strømtangen Fyr;SN17000;10.11.2012;8.3
Strømtangen Fyr;SN17000;11.11.2012;8
Strømtangen Fyr;SN17000;12.11.2012;6.2
Strømtangen Fyr;SN17000;13.11.2012;5.7
Strømtangen Fyr;SN17000;14.11.2012;8.9
Strømtangen Fyr;SN17000;15.11.2012;7.7
Strømtangen Fyr;SN17000;16.11.2012;8
Strømtangen Fyr;SN17000;17.11.2012;6.1
Strømtangen Fyr;SN17000;18.11.2012;7.1
Strømtangen Fyr;SN17000;19.11.2012;7.2
Strømtangen Fyr;SN17000;20.11.2012;7.8
Strømtangen Fyr;SN17000;21.11.2012;7.3
Strømtangen Fyr;SN17000;22.11.2012;7
Strømtangen Fyr;SN17000;23.11.2012;7.7
Strømtangen Fyr;SN17000;24.11.2012;4.9
Strømtangen Fyr;SN17000;25.11.2012;3.4
Strømtangen Fyr;SN17000;26.11.2012;2.7
Strømtangen Fyr;SN17000;27.11.2012;1.9
Strømtangen Fyr;SN17000;28.11.2012;1.6
Strømtangen Fyr;SN17000;29.11.2012;-1.4
Strømtangen Fyr;SN17000;30.11.2012;-3
Strømtangen Fyr;SN17000;01.12.2012;-5.6
Strømtangen Fyr;SN17000;02.12.2012;-8.9
Strømtangen Fyr;SN17000;03.12.2012;-10.9
Strømtangen Fyr;SN17000;04.12.2012;-11.7
Strømtangen Fyr;SN17000;05.12.2012;-7.9
Strømtangen Fyr;SN17000;06.12.2012;-7.2
Strømtangen Fyr;SN17000;07.12.2012;-6.5
Strømtangen Fyr;SN17000;08.12.2012;-3.7
Strømtangen Fyr;SN17000;09.12.2012;-2.2
Strømtangen Fyr;SN17000;10.12.2012;-5.1
Strømtangen Fyr;SN17000;11.12.2012;-8.2
Strømtangen Fyr;SN17000;12.12.2012;-9.2
Strømtangen Fyr;SN17000;13.12.2012;-4.2
Strømtangen Fyr;SN17000;14.12.2012;-5.5
Strømtangen Fyr;SN17000;15.12.2012;-0.1
Strømtangen Fyr;SN17000;16.12.2012;2.2
Strømtangen Fyr;SN17000;17.12.2012;1.9
Strømtangen Fyr;SN17000;18.12.2012;-0.2
Strømtangen Fyr;SN17000;19.12.2012;-2.5
Strømtangen Fyr;SN17000;20.12.2012;-6.5
Strømtangen Fyr;SN17000;21.12.2012;-4.6
Strømtangen Fyr;SN17000;22.12.2012;-4.4
Strømtangen Fyr;SN17000;23.12.2012;-2.6
Strømtangen Fyr;SN17000;24.12.2012;-2.7
Strømtangen Fyr;SN17000;25.12.2012;-1.3
Strømtangen Fyr;SN17000;26.12.2012;1.3
Strømtangen Fyr;SN17000;27.12.2012;-1.6
Strømtangen Fyr;SN17000;28.12.2012;-0.4
Strømtangen Fyr;SN17000;29.12.2012;2.6
Strømtangen Fyr;SN17000;30.12.2012;3.3
Strømtangen Fyr;SN17000;31.12.2012;3.8
Strømtangen Fyr;SN17000;01.01.2013;2.7
Strømtangen Fyr;SN17000;02.01.2013;0.7
Strømtangen Fyr;SN17000;03.01.2013;3.1
Strømtangen Fyr;SN17000;04.01.2013;2.2
Strømtangen Fyr;SN17000;05.01.2013;0.6
Strømtangen Fyr;SN17000;06.01.2013;0.8
Strømtangen Fyr;SN17000;07.01.2013;1.4
Strømtangen Fyr;SN17000;08.01.2013;0.7
Strømtangen Fyr;SN17000;09.01.2013;0
Strømtangen Fyr;SN17000;10.01.2013;-1.2
Strømtangen Fyr;SN17000;11.01.2013;-3.2
Strømtangen Fyr;SN17000;12.01.2013;-5.7
Strømtangen Fyr;SN17000;13.01.2013;-5.5
Strømtangen Fyr;SN17000;14.01.2013;-6.1
Strømtangen Fyr;SN17000;15.01.2013;-7.2
Strømtangen Fyr;SN17000;16.01.2013;-8.3
Strømtangen Fyr;SN17000;17.01.2013;-5.7
Strømtangen Fyr;SN17000;18.01.2013;-6.9
Strømtangen Fyr;SN17000;19.01.2013;-9.9
Strømtangen Fyr;SN17000;20.01.2013;-4
Strømtangen Fyr;SN17000;21.01.2013;-6.7
Strømtangen Fyr;SN17000;22.01.2013;-9.6
Strømtangen Fyr;SN17000;23.01.2013;-11.6
Strømtangen Fyr;SN17000;24.01.2013;-7.4
Strømtangen Fyr;SN17000;25.01.2013;-4.9
Strømtangen Fyr;SN17000;26.01.2013;-1.9
Strømtangen Fyr;SN17000;27.01.2013;-2.2
Strømtangen Fyr;SN17000;28.01.2013;1.8
Strømtangen Fyr;SN17000;29.01.2013;0.7
Strømtangen Fyr;SN17000;30.01.2013;2.4
Strømtangen Fyr;SN17000;31.01.2013;1
Strømtangen Fyr;SN17000;01.02.2013;-3
Strømtangen Fyr;SN17000;02.02.2013;-3.2
Strømtangen Fyr;SN17000;03.02.2013;-1.7
Strømtangen Fyr;SN17000;04.02.2013;-0.1
Strømtangen Fyr;SN17000;05.02.2013;-1.3
Strømtangen Fyr;SN17000;06.02.2013;-1
Strømtangen Fyr;SN17000;07.02.2013;-3.2
Strømtangen Fyr;SN17000;08.02.2013;-4.7
Strømtangen Fyr;SN17000;09.02.2013;-7
Strømtangen Fyr;SN17000;10.02.2013;-5.3
Strømtangen Fyr;SN17000;11.02.2013;-5.3
Strømtangen Fyr;SN17000;12.02.2013;-4.1
Strømtangen Fyr;SN17000;13.02.2013;-3.4
Strømtangen Fyr;SN17000;14.02.2013;-1
Strømtangen Fyr;SN17000;15.02.2013;-0.7
Strømtangen Fyr;SN17000;16.02.2013;1.3
Strømtangen Fyr;SN17000;17.02.2013;1.2
Strømtangen Fyr;SN17000;18.02.2013;0.5
Strømtangen Fyr;SN17000;19.02.2013;-1.9
Strømtangen Fyr;SN17000;20.02.2013;-4.1
Strømtangen Fyr;SN17000;21.02.2013;-6.7
Strømtangen Fyr;SN17000;22.02.2013;-4.8
Strømtangen Fyr;SN17000;23.02.2013;-0.8
Strømtangen Fyr;SN17000;24.02.2013;-0.4
Strømtangen Fyr;SN17000;25.02.2013;0.4
Strømtangen Fyr;SN17000;26.02.2013;-1.8
Strømtangen Fyr;SN17000;27.02.2013;-1.8
Strømtangen Fyr;SN17000;28.02.2013;1
Strømtangen Fyr;SN17000;01.03.2013;2.1
Strømtangen Fyr;SN17000;02.03.2013;2.4
Strømtangen Fyr;SN17000;03.03.2013;2
Strømtangen Fyr;SN17000;04.03.2013;1.5
Strømtangen Fyr;SN17000;05.03.2013;0.9
Strømtangen Fyr;SN17000;06.03.2013;1.7
Strømtangen Fyr;SN17000;07.03.2013;0.2
Strømtangen Fyr;SN17000;08.03.2013;-1.2
Strømtangen Fyr;SN17000;09.03.2013;-2.4
Strømtangen Fyr;SN17000;10.03.2013;-5.7
Strømtangen Fyr;SN17000;11.03.2013;-3.8
Strømtangen Fyr;SN17000;12.03.2013;-1.9
Strømtangen Fyr;SN17000;13.03.2013;-4.5
Strømtangen Fyr;SN17000;14.03.2013;-4.8
Strømtangen Fyr;SN17000;15.03.2013;-3.1
Strømtangen Fyr;SN17000;16.03.2013;-0.5
Strømtangen Fyr;SN17000;17.03.2013;0.1
Strømtangen Fyr;SN17000;18.03.2013;-1.9
Strømtangen Fyr;SN17000;19.03.2013;-5.3
Strømtangen Fyr;SN17000;20.03.2013;-4.6
Strømtangen Fyr;SN17000;21.03.2013;-2.7
Strømtangen Fyr;SN17000;22.03.2013;-4.8
Strømtangen Fyr;SN17000;23.03.2013;-3.6
Strømtangen Fyr;SN17000;24.03.2013;-1.2
Strømtangen Fyr;SN17000;25.03.2013;-0.7
Strømtangen Fyr;SN17000;26.03.2013;0.3
Strømtangen Fyr;SN17000;27.03.2013;-0.7
Strømtangen Fyr;SN17000;28.03.2013;-0.6
Strømtangen Fyr;SN17000;29.03.2013;0.3
Strømtangen Fyr;SN17000;30.03.2013;0.4
Strømtangen Fyr;SN17000;31.03.2013;0.1
Strømtangen Fyr;SN17000;01.04.2013;2.8
Strømtangen Fyr;SN17000;02.04.2013;3.1
Strømtangen Fyr;SN17000;03.04.2013;2.4
Strømtangen Fyr;SN17000;04.04.2013;3
Strømtangen Fyr;SN17000;05.04.2013;4
Strømtangen Fyr;SN17000;06.04.2013;3
Strømtangen Fyr;SN17000;07.04.2013;2
Strømtangen Fyr;SN17000;08.04.2013;2.1
Strømtangen Fyr;SN17000;09.04.2013;1.6
Strømtangen Fyr;SN17000;10.04.2013;1.8
Strømtangen Fyr;SN17000;11.04.2013;1.3
Strømtangen Fyr;SN17000;12.04.2013;1.7
Strømtangen Fyr;SN17000;13.04.2013;3.3
Strømtangen Fyr;SN17000;14.04.2013;4.2
Strømtangen Fyr;SN17000;15.04.2013;5.1
Strømtangen Fyr;SN17000;16.04.2013;4.9
Strømtangen Fyr;SN17000;17.04.2013;5.3
Strømtangen Fyr;SN17000;18.04.2013;6.1
Strømtangen Fyr;SN17000;19.04.2013;5.9
Strømtangen Fyr;SN17000;20.04.2013;4.6
Strømtangen Fyr;SN17000;21.04.2013;4.8
Strømtangen Fyr;SN17000;22.04.2013;5.7
Strømtangen Fyr;SN17000;23.04.2013;6.8
Strømtangen Fyr;SN17000;24.04.2013;6
Strømtangen Fyr;SN17000;25.04.2013;5.9
Strømtangen Fyr;SN17000;26.04.2013;5.9
Strømtangen Fyr;SN17000;27.04.2013;7.4
Strømtangen Fyr;SN17000;28.04.2013;5.3
Strømtangen Fyr;SN17000;29.04.2013;5.8
Strømtangen Fyr;SN17000;30.04.2013;7.5
Strømtangen Fyr;SN17000;01.05.2013;5.5
Strømtangen Fyr;SN17000;02.05.2013;6.7
Strømtangen Fyr;SN17000;03.05.2013;5.9
Strømtangen Fyr;SN17000;04.05.2013;7
Strømtangen Fyr;SN17000;05.05.2013;7.5
Strømtangen Fyr;SN17000;06.05.2013;7.7
Strømtangen Fyr;SN17000;07.05.2013;9.2
Strømtangen Fyr;SN17000;08.05.2013;11.3
Strømtangen Fyr;SN17000;09.05.2013;9.3
Strømtangen Fyr;SN17000;10.05.2013;8.4
Strømtangen Fyr;SN17000;11.05.2013;8.9
Strømtangen Fyr;SN17000;12.05.2013;8.6
Strømtangen Fyr;SN17000;13.05.2013;8.2
Strømtangen Fyr;SN17000;14.05.2013;7.7
Strømtangen Fyr;SN17000;15.05.2013;10
Strømtangen Fyr;SN17000;16.05.2013;13.7
Strømtangen Fyr;SN17000;17.05.2013;16.4
Strømtangen Fyr;SN17000;18.05.2013;18.3
Strømtangen Fyr;SN17000;19.05.2013;18.9
Strømtangen Fyr;SN17000;20.05.2013;13.7
Strømtangen Fyr;SN17000;21.05.2013;14.1
Strømtangen Fyr;SN17000;22.05.2013;13.2
Strømtangen Fyr;SN17000;23.05.2013;10.2
Strømtangen Fyr;SN17000;24.05.2013;12.1
Strømtangen Fyr;SN17000;25.05.2013;16.3
Strømtangen Fyr;SN17000;26.05.2013;17.7
Strømtangen Fyr;SN17000;27.05.2013;13.7
Strømtangen Fyr;SN17000;28.05.2013;16.1
Strømtangen Fyr;SN17000;29.05.2013;14
Strømtangen Fyr;SN17000;30.05.2013;14.4
Strømtangen Fyr;SN17000;31.05.2013;18.5
Strømtangen Fyr;SN17000;01.06.2013;18
Strømtangen Fyr;SN17000;02.06.2013;14.5
Strømtangen Fyr;SN17000;03.06.2013;15.7
Strømtangen Fyr;SN17000;04.06.2013;13.5
Strømtangen Fyr;SN17000;05.06.2013;12.9
Strømtangen Fyr;SN17000;06.06.2013;12.5
Strømtangen Fyr;SN17000;07.06.2013;14
Strømtangen Fyr;SN17000;08.06.2013;14.6
Strømtangen Fyr;SN17000;09.06.2013;15.7
Strømtangen Fyr;SN17000;10.06.2013;14.9
Strømtangen Fyr;SN17000;11.06.2013;14.3
Strømtangen Fyr;SN17000;12.06.2013;13
Strømtangen Fyr;SN17000;13.06.2013;13.9
Strømtangen Fyr;SN17000;14.06.2013;14.6
Strømtangen Fyr;SN17000;15.06.2013;13.3
Strømtangen Fyr;SN17000;16.06.2013;12.3
Strømtangen Fyr;SN17000;17.06.2013;15.1
Strømtangen Fyr;SN17000;18.06.2013;15.5
Strømtangen Fyr;SN17000;19.06.2013;15.3
Strømtangen Fyr;SN17000;20.06.2013;15
Strømtangen Fyr;SN17000;21.06.2013;17.6
Strømtangen Fyr;SN17000;22.06.2013;15
Strømtangen Fyr;SN17000;23.06.2013;14.7
Strømtangen Fyr;SN17000;24.06.2013;14.7
Strømtangen Fyr;SN17000;25.06.2013;15.2
Strømtangen Fyr;SN17000;26.06.2013;13.8
Strømtangen Fyr;SN17000;27.06.2013;14.8
Strømtangen Fyr;SN17000;28.06.2013;14.5
Strømtangen Fyr;SN17000;29.06.2013;13
Strømtangen Fyr;SN17000;30.06.2013;14.8
Strømtangen Fyr;SN17000;01.07.2013;14.9
Strømtangen Fyr;SN17000;02.07.2013;14.6
Strømtangen Fyr;SN17000;03.07.2013;15
Strømtangen Fyr;SN17000;04.07.2013;14.7
Strømtangen Fyr;SN17000;05.07.2013;16.7
Strømtangen Fyr;SN17000;06.07.2013;16.6
Strømtangen Fyr;SN17000;07.07.2013;16.9
Strømtangen Fyr;SN17000;08.07.2013;18.2
Strømtangen Fyr;SN17000;09.07.2013;17
Strømtangen Fyr;SN17000;10.07.2013;18
Strømtangen Fyr;SN17000;11.07.2013;16.2
Strømtangen Fyr;SN17000;12.07.2013;17
Strømtangen Fyr;SN17000;13.07.2013;16.4
Strømtangen Fyr;SN17000;14.07.2013;17
Strømtangen Fyr;SN17000;15.07.2013;17.3
Strømtangen Fyr;SN17000;16.07.2013;17.4
Strømtangen Fyr;SN17000;17.07.2013;18.9
Strømtangen Fyr;SN17000;18.07.2013;19.6
Strømtangen Fyr;SN17000;19.07.2013;20.8
Strømtangen Fyr;SN17000;20.07.2013;18.5
Strømtangen Fyr;SN17000;21.07.2013;20.2
Strømtangen Fyr;SN17000;22.07.2013;19.8
Strømtangen Fyr;SN17000;23.07.2013;19.3
Strømtangen Fyr;SN17000;24.07.2013;17.8
Strømtangen Fyr;SN17000;25.07.2013;19.9
Strømtangen Fyr;SN17000;26.07.2013;19.4
Strømtangen Fyr;SN17000;27.07.2013;19.5
Strømtangen Fyr;SN17000;28.07.2013;19.8
Strømtangen Fyr;SN17000;29.07.2013;19
Strømtangen Fyr;SN17000;30.07.2013;18.1
Strømtangen Fyr;SN17000;31.07.2013;18.6
Strømtangen Fyr;SN17000;01.08.2013;18
Strømtangen Fyr;SN17000;02.08.2013;19.5
Strømtangen Fyr;SN17000;03.08.2013;20.1
Strømtangen Fyr;SN17000;04.08.2013;18.6
Strømtangen Fyr;SN17000;05.08.2013;19
Strømtangen Fyr;SN17000;06.08.2013;19.6
Strømtangen Fyr;SN17000;07.08.2013;19
Strømtangen Fyr;SN17000;08.08.2013;16.8
Strømtangen Fyr;SN17000;09.08.2013;17.8
Strømtangen Fyr;SN17000;10.08.2013;17.7
Strømtangen Fyr;SN17000;11.08.2013;16.8
Strømtangen Fyr;SN17000;12.08.2013;17.1
Strømtangen Fyr;SN17000;13.08.2013;15.2
Strømtangen Fyr;SN17000;14.08.2013;15.8
Strømtangen Fyr;SN17000;15.08.2013;16.3
Strømtangen Fyr;SN17000;16.08.2013;17.4
Strømtangen Fyr;SN17000;17.08.2013;17.3
Strømtangen Fyr;SN17000;18.08.2013;17.6
Strømtangen Fyr;SN17000;19.08.2013;16.8
Strømtangen Fyr;SN17000;20.08.2013;16.9
Strømtangen Fyr;SN17000;21.08.2013;16.6
Strømtangen Fyr;SN17000;22.08.2013;17.7
Strømtangen Fyr;SN17000;23.08.2013;17.8
Strømtangen Fyr;SN17000;24.08.2013;17.2
Strømtangen Fyr;SN17000;25.08.2013;16.7
Strømtangen Fyr;SN17000;26.08.2013;16.6
Strømtangen Fyr;SN17000;27.08.2013;18.1
Strømtangen Fyr;SN17000;28.08.2013;17.4
Strømtangen Fyr;SN17000;29.08.2013;16.4
Strømtangen Fyr;SN17000;30.08.2013;16.7
Strømtangen Fyr;SN17000;31.08.2013;15.8
Strømtangen Fyr;SN17000;01.09.2013;14.4
Strømtangen Fyr;SN17000;02.09.2013;15.5
Strømtangen Fyr;SN17000;03.09.2013;15.4
Strømtangen Fyr;SN17000;04.09.2013;16.2
Strømtangen Fyr;SN17000;05.09.2013;16.8
Strømtangen Fyr;SN17000;06.09.2013;17.5
Strømtangen Fyr;SN17000;07.09.2013;17.4
Strømtangen Fyr;SN17000;08.09.2013;17.5
Strømtangen Fyr;SN17000;09.09.2013;17.4
Strømtangen Fyr;SN17000;10.09.2013;15.6
Strømtangen Fyr;SN17000;11.09.2013;15.9
Strømtangen Fyr;SN17000;12.09.2013;15.1
Strømtangen Fyr;SN17000;13.09.2013;15.3
Strømtangen Fyr;SN17000;14.09.2013;15.4
Strømtangen Fyr;SN17000;15.09.2013;15.2
Strømtangen Fyr;SN17000;16.09.2013;13
Strømtangen Fyr;SN17000;17.09.2013;11.6
Strømtangen Fyr;SN17000;18.09.2013;11.1
Strømtangen Fyr;SN17000;19.09.2013;12
Strømtangen Fyr;SN17000;20.09.2013;12
Strømtangen Fyr;SN17000;21.09.2013;13.7
Strømtangen Fyr;SN17000;22.09.2013;14.4
Strømtangen Fyr;SN17000;23.09.2013;13.2
Strømtangen Fyr;SN17000;24.09.2013;10.3
Strømtangen Fyr;SN17000;25.09.2013;7.7
Strømtangen Fyr;SN17000;26.09.2013;6.7
Strømtangen Fyr;SN17000;27.09.2013;9.3
Strømtangen Fyr;SN17000;28.09.2013;8.8
Strømtangen Fyr;SN17000;29.09.2013;9.4
Strømtangen Fyr;SN17000;30.09.2013;8.7
Strømtangen Fyr;SN17000;01.10.2013;8.2
Strømtangen Fyr;SN17000;02.10.2013;8.6
Strømtangen Fyr;SN17000;03.10.2013;10.4
Strømtangen Fyr;SN17000;04.10.2013;9.5
Strømtangen Fyr;SN17000;05.10.2013;12.6
Strømtangen Fyr;SN17000;06.10.2013;11.9
Strømtangen Fyr;SN17000;07.10.2013;13.8
Strømtangen Fyr;SN17000;08.10.2013;13.7
Strømtangen Fyr;SN17000;09.10.2013;13.1
Strømtangen Fyr;SN17000;10.10.2013;7.8
Strømtangen Fyr;SN17000;11.10.2013;7.6
Strømtangen Fyr;SN17000;12.10.2013;8.8
Strømtangen Fyr;SN17000;13.10.2013;9.9
Strømtangen Fyr;SN17000;14.10.2013;8.5
Strømtangen Fyr;SN17000;15.10.2013;6.2
Strømtangen Fyr;SN17000;16.10.2013;7.4
Strømtangen Fyr;SN17000;17.10.2013;8.7
Strømtangen Fyr;SN17000;18.10.2013;6.2
Strømtangen Fyr;SN17000;19.10.2013;4.9
Strømtangen Fyr;SN17000;20.10.2013;3.2
Strømtangen Fyr;SN17000;21.10.2013;4.9
Strømtangen Fyr;SN17000;22.10.2013;9.6
Strømtangen Fyr;SN17000;23.10.2013;12.1
Strømtangen Fyr;SN17000;24.10.2013;11.3
Strømtangen Fyr;SN17000;25.10.2013;9.6
Strømtangen Fyr;SN17000;26.10.2013;11.6
Strømtangen Fyr;SN17000;27.10.2013;11.7
Strømtangen Fyr;SN17000;28.10.2013;10.5
Strømtangen Fyr;SN17000;29.10.2013;10.5
Strømtangen Fyr;SN17000;30.10.2013;8
Strømtangen Fyr;SN17000;31.10.2013;10.4
Strømtangen Fyr;SN17000;01.11.2013;10
Strømtangen Fyr;SN17000;02.11.2013;8.4
Strømtangen Fyr;SN17000;03.11.2013;8.4
Strømtangen Fyr;SN17000;04.11.2013;8.1
Strømtangen Fyr;SN17000;05.11.2013;3.9
Strømtangen Fyr;SN17000;06.11.2013;0.5
Strømtangen Fyr;SN17000;07.11.2013;4.9
Strømtangen Fyr;SN17000;08.11.2013;9
Strømtangen Fyr;SN17000;09.11.2013;6.5
Strømtangen Fyr;SN17000;10.11.2013;3.8
Strømtangen Fyr;SN17000;11.11.2013;5
Strømtangen Fyr;SN17000;12.11.2013;9.3
Strømtangen Fyr;SN17000;13.11.2013;8.1
Strømtangen Fyr;SN17000;14.11.2013;8.5
Strømtangen Fyr;SN17000;15.11.2013;7.5
Strømtangen Fyr;SN17000;16.11.2013;10.5
Strømtangen Fyr;SN17000;17.11.2013;8.2
Strømtangen Fyr;SN17000;18.11.2013;7.7
Strømtangen Fyr;SN17000;19.11.2013;5.6
Strømtangen Fyr;SN17000;20.11.2013;0
Strømtangen Fyr;SN17000;21.11.2013;-1.1
Strømtangen Fyr;SN17000;22.11.2013;-2.3
Strømtangen Fyr;SN17000;23.11.2013;0.5
Strømtangen Fyr;SN17000;24.11.2013;2.4
Strømtangen Fyr;SN17000;25.11.2013;1.6
Strømtangen Fyr;SN17000;26.11.2013;3.3
Strømtangen Fyr;SN17000;27.11.2013;9.3
Strømtangen Fyr;SN17000;28.11.2013;8
Strømtangen Fyr;SN17000;29.11.2013;4.1
Strømtangen Fyr;SN17000;30.11.2013;3.6
Strømtangen Fyr;SN17000;01.12.2013;8.2
Strømtangen Fyr;SN17000;02.12.2013;4.9
Strømtangen Fyr;SN17000;03.12.2013;9.1
Strømtangen Fyr;SN17000;04.12.2013;5.9
Strømtangen Fyr;SN17000;05.12.2013;5.5
Strømtangen Fyr;SN17000;06.12.2013;2.1
Strømtangen Fyr;SN17000;07.12.2013;-0.6
Strømtangen Fyr;SN17000;08.12.2013;-2
Strømtangen Fyr;SN17000;09.12.2013;-0.9
Strømtangen Fyr;SN17000;10.12.2013;6.7
Strømtangen Fyr;SN17000;11.12.2013;5.2
Strømtangen Fyr;SN17000;12.12.2013;7.8
Strømtangen Fyr;SN17000;13.12.2013;2.2
Strømtangen Fyr;SN17000;14.12.2013;4
Strømtangen Fyr;SN17000;15.12.2013;7.2
Strømtangen Fyr;SN17000;16.12.2013;8.2
Strømtangen Fyr;SN17000;17.12.2013;7
Strømtangen Fyr;SN17000;18.12.2013;5.5
Strømtangen Fyr;SN17000;19.12.2013;6.4
Strømtangen Fyr;SN17000;20.12.2013;6.3
Strømtangen Fyr;SN17000;21.12.2013;7.7
Strømtangen Fyr;SN17000;22.12.2013;7
Strømtangen Fyr;SN17000;23.12.2013;5.7
Strømtangen Fyr;SN17000;24.12.2013;7.2
Strømtangen Fyr;SN17000;25.12.2013;6.9
Strømtangen Fyr;SN17000;26.12.2013;6.2
Strømtangen Fyr;SN17000;27.12.2013;4.8
Strømtangen Fyr;SN17000;28.12.2013;7.5
Strømtangen Fyr;SN17000;29.12.2013;5.9
Strømtangen Fyr;SN17000;30.12.2013;5.2
Strømtangen Fyr;SN17000;31.12.2013;6.5
Strømtangen Fyr;SN17000;01.01.2014;4.2
Strømtangen Fyr;SN17000;02.01.2014;4.4
Strømtangen Fyr;SN17000;03.01.2014;5.8
Strømtangen Fyr;SN17000;04.01.2014;6
Strømtangen Fyr;SN17000;05.01.2014;4.2
Strømtangen Fyr;SN17000;06.01.2014;5.2
Strømtangen Fyr;SN17000;07.01.2014;6.9
Strømtangen Fyr;SN17000;08.01.2014;6.3
Strømtangen Fyr;SN17000;09.01.2014;4.7
Strømtangen Fyr;SN17000;10.01.2014;2.4
Strømtangen Fyr;SN17000;11.01.2014;1.5
Strømtangen Fyr;SN17000;12.01.2014;-6.1
Strømtangen Fyr;SN17000;13.01.2014;-8.5
Strømtangen Fyr;SN17000;14.01.2014;-4.4
Strømtangen Fyr;SN17000;15.01.2014;-3.5
Strømtangen Fyr;SN17000;16.01.2014;-1.1
Strømtangen Fyr;SN17000;17.01.2014;-2.5
Strømtangen Fyr;SN17000;18.01.2014;-3
Strømtangen Fyr;SN17000;19.01.2014;-1.8
Strømtangen Fyr;SN17000;20.01.2014;-3.2
Strømtangen Fyr;SN17000;21.01.2014;-3.2
Strømtangen Fyr;SN17000;22.01.2014;-5
Strømtangen Fyr;SN17000;23.01.2014;-4.5
Strømtangen Fyr;SN17000;24.01.2014;-4.3
Strømtangen Fyr;SN17000;25.01.2014;-3.8
Strømtangen Fyr;SN17000;26.01.2014;-4.7
Strømtangen Fyr;SN17000;27.01.2014;-1.9
Strømtangen Fyr;SN17000;04.02.2014;1.2
Strømtangen Fyr;SN17000;05.02.2014;0.7
Strømtangen Fyr;SN17000;06.02.2014;1.3
Strømtangen Fyr;SN17000;07.02.2014;2.3
Strømtangen Fyr;SN17000;08.02.2014;2.3
Strømtangen Fyr;SN17000;09.02.2014;3
Strømtangen Fyr;SN17000;10.02.2014;3
Strømtangen Fyr;SN17000;11.02.2014;2.6
Strømtangen Fyr;SN17000;12.02.2014;2.3
Strømtangen Fyr;SN17000;13.02.2014;2.2
Strømtangen Fyr;SN17000;14.02.2014;3
Strømtangen Fyr;SN17000;15.02.2014;3.4
Strømtangen Fyr;SN17000;16.02.2014;3.6
Strømtangen Fyr;SN17000;17.02.2014;3.4
Strømtangen Fyr;SN17000;18.02.2014;1.6
Strømtangen Fyr;SN17000;19.02.2014;-0.1
Strømtangen Fyr;SN17000;20.02.2014;-0.7
Strømtangen Fyr;SN17000;21.02.2014;2.7
Strømtangen Fyr;SN17000;22.02.2014;3.7
Strømtangen Fyr;SN17000;23.02.2014;4.6
Strømtangen Fyr;SN17000;24.02.2014;5
Strømtangen Fyr;SN17000;25.02.2014;4.4
Strømtangen Fyr;SN17000;26.02.2014;3.6
Strømtangen Fyr;SN17000;27.02.2014;3.8
Strømtangen Fyr;SN17000;28.02.2014;3.8
Strømtangen Fyr;SN17000;01.03.2014;2.5
Strømtangen Fyr;SN17000;02.03.2014;2.7
Strømtangen Fyr;SN17000;03.03.2014;3.8
Strømtangen Fyr;SN17000;04.03.2014;3.6
Strømtangen Fyr;SN17000;05.03.2014;3.2
Strømtangen Fyr;SN17000;06.03.2014;4.4
Strømtangen Fyr;SN17000;07.03.2014;4.9
Strømtangen Fyr;SN17000;08.03.2014;4.6
Strømtangen Fyr;SN17000;09.03.2014;5.2
Strømtangen Fyr;SN17000;10.03.2014;5
Strømtangen Fyr;SN17000;11.03.2014;3.4
Strømtangen Fyr;SN17000;12.03.2014;3.9
Strømtangen Fyr;SN17000;13.03.2014;3.8
Strømtangen Fyr;SN17000;14.03.2014;4.7
Strømtangen Fyr;SN17000;15.03.2014;5.9
Strømtangen Fyr;SN17000;16.03.2014;4.4
Strømtangen Fyr;SN17000;17.03.2014;6.2
Strømtangen Fyr;SN17000;18.03.2014;4.3
Strømtangen Fyr;SN17000;19.03.2014;3.3
Strømtangen Fyr;SN17000;20.03.2014;5.8
Strømtangen Fyr;SN17000;21.03.2014;5.9
Strømtangen Fyr;SN17000;22.03.2014;5.3
Strømtangen Fyr;SN17000;23.03.2014;5.1
Strømtangen Fyr;SN17000;24.03.2014;4.6
Strømtangen Fyr;SN17000;25.03.2014;5.3
Strømtangen Fyr;SN17000;26.03.2014;3.8
Strømtangen Fyr;SN17000;27.03.2014;5.3
Strømtangen Fyr;SN17000;28.03.2014;8.2
Strømtangen Fyr;SN17000;29.03.2014;5.6
Strømtangen Fyr;SN17000;30.03.2014;5
Strømtangen Fyr;SN17000;31.03.2014;6.1
Strømtangen Fyr;SN17000;01.04.2014;4.3
Strømtangen Fyr;SN17000;02.04.2014;3.9
Strømtangen Fyr;SN17000;03.04.2014;5.5
Strømtangen Fyr;SN17000;04.04.2014;4.3
Strømtangen Fyr;SN17000;05.04.2014;3.6
Strømtangen Fyr;SN17000;06.04.2014;5.9
Strømtangen Fyr;SN17000;07.04.2014;6.7
Strømtangen Fyr;SN17000;08.04.2014;6.7
Strømtangen Fyr;SN17000;09.04.2014;3.9
Strømtangen Fyr;SN17000;10.04.2014;4.5
Strømtangen Fyr;SN17000;11.04.2014;6.5
Strømtangen Fyr;SN17000;12.04.2014;6.5
Strømtangen Fyr;SN17000;13.04.2014;7.7
Strømtangen Fyr;SN17000;14.04.2014;8.3
Strømtangen Fyr;SN17000;15.04.2014;7.4
Strømtangen Fyr;SN17000;16.04.2014;6.1
Strømtangen Fyr;SN17000;17.04.2014;6.9
Strømtangen Fyr;SN17000;18.04.2014;8.1
Strømtangen Fyr;SN17000;19.04.2014;6.6
Strømtangen Fyr;SN17000;20.04.2014;10
Strømtangen Fyr;SN17000;21.04.2014;12.7
Strømtangen Fyr;SN17000;22.04.2014;13.7
Strømtangen Fyr;SN17000;23.04.2014;11.3
Strømtangen Fyr;SN17000;24.04.2014;8.7
Strømtangen Fyr;SN17000;25.04.2014;9.5
Strømtangen Fyr;SN17000;26.04.2014;10.8
Strømtangen Fyr;SN17000;27.04.2014;12.3
Strømtangen Fyr;SN17000;28.04.2014;11.1
Strømtangen Fyr;SN17000;29.04.2014;10.3
Strømtangen Fyr;SN17000;30.04.2014;6.8
Strømtangen Fyr;SN17000;01.05.2014;6.7
Strømtangen Fyr;SN17000;02.05.2014;7.7
Strømtangen Fyr;SN17000;03.05.2014;7.8
Strømtangen Fyr;SN17000;04.05.2014;7.5
Strømtangen Fyr;SN17000;05.05.2014;8.1
Strømtangen Fyr;SN17000;06.05.2014;7.8
Strømtangen Fyr;SN17000;07.05.2014;5.5
Strømtangen Fyr;SN17000;08.05.2014;5.3
Strømtangen Fyr;SN17000;09.05.2014;7
Strømtangen Fyr;SN17000;10.05.2014;7.8
Strømtangen Fyr;SN17000;11.05.2014;9
Strømtangen Fyr;SN17000;12.05.2014;9.7
Strømtangen Fyr;SN17000;13.05.2014;10.3
Strømtangen Fyr;SN17000;14.05.2014;10.6
Strømtangen Fyr;SN17000;15.05.2014;10.1
Strømtangen Fyr;SN17000;16.05.2014;12
Strømtangen Fyr;SN17000;17.05.2014;11.9
Strømtangen Fyr;SN17000;18.05.2014;13
Strømtangen Fyr;SN17000;19.05.2014;13.8
Strømtangen Fyr;SN17000;20.05.2014;13.5
Strømtangen Fyr;SN17000;21.05.2014;14.6
Strømtangen Fyr;SN17000;22.05.2014;17.5
Strømtangen Fyr;SN17000;23.05.2014;17.6
Strømtangen Fyr;SN17000;24.05.2014;15.2
Strømtangen Fyr;SN17000;25.05.2014;14.8
Strømtangen Fyr;SN17000;26.05.2014;14.4
Strømtangen Fyr;SN17000;27.05.2014;14.1
Strømtangen Fyr;SN17000;28.05.2014;13.1
Strømtangen Fyr;SN17000;29.05.2014;14.8
Strømtangen Fyr;SN17000;30.05.2014;16.6
Strømtangen Fyr;SN17000;31.05.2014;15.9
Strømtangen Fyr;SN17000;01.06.2014;15.1
Strømtangen Fyr;SN17000;02.06.2014;16.2
Strømtangen Fyr;SN17000;03.06.2014;17.7
Strømtangen Fyr;SN17000;04.06.2014;15.5
Strømtangen Fyr;SN17000;05.06.2014;15.2
Strømtangen Fyr;SN17000;06.06.2014;14.9
Strømtangen Fyr;SN17000;07.06.2014;15.3
Strømtangen Fyr;SN17000;08.06.2014;16.5
Strømtangen Fyr;SN17000;09.06.2014;17.8
Strømtangen Fyr;SN17000;10.06.2014;18.9
Strømtangen Fyr;SN17000;11.06.2014;18.4
Strømtangen Fyr;SN17000;12.06.2014;18
Strømtangen Fyr;SN17000;13.06.2014;16.6
Strømtangen Fyr;SN17000;14.06.2014;15.2
Strømtangen Fyr;SN17000;15.06.2014;15.8
Strømtangen Fyr;SN17000;16.06.2014;16.9
Strømtangen Fyr;SN17000;17.06.2014;13.8
Strømtangen Fyr;SN17000;18.06.2014;17
Strømtangen Fyr;SN17000;19.06.2014;16.3
Strømtangen Fyr;SN17000;20.06.2014;12.7
Strømtangen Fyr;SN17000;21.06.2014;12.4
Strømtangen Fyr;SN17000;22.06.2014;14.1
Strømtangen Fyr;SN17000;23.06.2014;14
Strømtangen Fyr;SN17000;24.06.2014;14.4
Strømtangen Fyr;SN17000;25.06.2014;15.8
Strømtangen Fyr;SN17000;26.06.2014;15.7
Strømtangen Fyr;SN17000;27.06.2014;14.4
Strømtangen Fyr;SN17000;28.06.2014;12.5
Strømtangen Fyr;SN17000;29.06.2014;13.1
Strømtangen Fyr;SN17000;30.06.2014;14.4
Strømtangen Fyr;SN17000;01.07.2014;14.4
Strømtangen Fyr;SN17000;02.07.2014;15.7
Strømtangen Fyr;SN17000;03.07.2014;16.2
Strømtangen Fyr;SN17000;04.07.2014;16.5
Strømtangen Fyr;SN17000;05.07.2014;20.3
Strømtangen Fyr;SN17000;06.07.2014;18.7
Strømtangen Fyr;SN17000;07.07.2014;18.2
Strømtangen Fyr;SN17000;08.07.2014;21.2
Strømtangen Fyr;SN17000;09.07.2014;23.7
Strømtangen Fyr;SN17000;10.07.2014;23.1
Strømtangen Fyr;SN17000;11.07.2014;22
Strømtangen Fyr;SN17000;12.07.2014;20.3
Strømtangen Fyr;SN17000;13.07.2014;19.9
Strømtangen Fyr;SN17000;14.07.2014;19.1
Strømtangen Fyr;SN17000;15.07.2014;18.8
Strømtangen Fyr;SN17000;16.07.2014;18.8
Strømtangen Fyr;SN17000;17.07.2014;18.2
Strømtangen Fyr;SN17000;18.07.2014;18.3
Strømtangen Fyr;SN17000;19.07.2014;20
Strømtangen Fyr;SN17000;20.07.2014;22.2
Strømtangen Fyr;SN17000;21.07.2014;23.3
Strømtangen Fyr;SN17000;22.07.2014;23.1
Strømtangen Fyr;SN17000;23.07.2014;23
Strømtangen Fyr;SN17000;24.07.2014;23.5
Strømtangen Fyr;SN17000;25.07.2014;23.7
Strømtangen Fyr;SN17000;26.07.2014;23.8
Strømtangen Fyr;SN17000;27.07.2014;22.1
Strømtangen Fyr;SN17000;28.07.2014;21.7
Strømtangen Fyr;SN17000;29.07.2014;21.6
Strømtangen Fyr;SN17000;30.07.2014;20.9
Strømtangen Fyr;SN17000;31.07.2014;19.5
Strømtangen Fyr;SN17000;01.08.2014;19.4
Strømtangen Fyr;SN17000;02.08.2014;21.1
Strømtangen Fyr;SN17000;03.08.2014;21.8
Strømtangen Fyr;SN17000;04.08.2014;21.3
Strømtangen Fyr;SN17000;05.08.2014;19.5
Strømtangen Fyr;SN17000;06.08.2014;19.7
Strømtangen Fyr;SN17000;07.08.2014;20.4
Strømtangen Fyr;SN17000;08.08.2014;19.8
Strømtangen Fyr;SN17000;09.08.2014;19.5
Strømtangen Fyr;SN17000;10.08.2014;19.1
Strømtangen Fyr;SN17000;11.08.2014;17.9
Strømtangen Fyr;SN17000;12.08.2014;17
Strømtangen Fyr;SN17000;13.08.2014;15.6
Strømtangen Fyr;SN17000;14.08.2014;15.7
Strømtangen Fyr;SN17000;15.08.2014;16.7
Strømtangen Fyr;SN17000;16.08.2014;16.9
Strømtangen Fyr;SN17000;17.08.2014;16.5
Strømtangen Fyr;SN17000;18.08.2014;14.9
Strømtangen Fyr;SN17000;19.08.2014;14.9
Strømtangen Fyr;SN17000;20.08.2014;15.8
Strømtangen Fyr;SN17000;21.08.2014;15.8
Strømtangen Fyr;SN17000;22.08.2014;14.7
Strømtangen Fyr;SN17000;23.08.2014;14.4
Strømtangen Fyr;SN17000;24.08.2014;14.8
Strømtangen Fyr;SN17000;25.08.2014;14.5
Strømtangen Fyr;SN17000;26.08.2014;15.3
Strømtangen Fyr;SN17000;27.08.2014;16.5
Strømtangen Fyr;SN17000;28.08.2014;16.1
Strømtangen Fyr;SN17000;29.08.2014;16.1
Strømtangen Fyr;SN17000;30.08.2014;15.4
Strømtangen Fyr;SN17000;31.08.2014;15
Strømtangen Fyr;SN17000;01.09.2014;14.5
Strømtangen Fyr;SN17000;02.09.2014;16.1
Strømtangen Fyr;SN17000;03.09.2014;16.9
Strømtangen Fyr;SN17000;04.09.2014;17
Strømtangen Fyr;SN17000;05.09.2014;16.2
Strømtangen Fyr;SN17000;06.09.2014;16.9
Strømtangen Fyr;SN17000;07.09.2014;17.1
Strømtangen Fyr;SN17000;08.09.2014;14.8
Strømtangen Fyr;SN17000;09.09.2014;13.4
Strømtangen Fyr;SN17000;10.09.2014;15.8
Strømtangen Fyr;SN17000;11.09.2014;15.3
Strømtangen Fyr;SN17000;12.09.2014;15.9
Strømtangen Fyr;SN17000;13.09.2014;15.6
Strømtangen Fyr;SN17000;14.09.2014;15.3
Strømtangen Fyr;SN17000;15.09.2014;14.8
Strømtangen Fyr;SN17000;16.09.2014;14.3
Strømtangen Fyr;SN17000;17.09.2014;14
Strømtangen Fyr;SN17000;18.09.2014;13.9
Strømtangen Fyr;SN17000;19.09.2014;14.1
Strømtangen Fyr;SN17000;20.09.2014;14.3
Strømtangen Fyr;SN17000;21.09.2014;13.2
Strømtangen Fyr;SN17000;22.09.2014;10.5
Strømtangen Fyr;SN17000;23.09.2014;10.7
Strømtangen Fyr;SN17000;24.09.2014;10.2
Strømtangen Fyr;SN17000;25.09.2014;12.6
Strømtangen Fyr;SN17000;26.09.2014;14.6
Strømtangen Fyr;SN17000;27.09.2014;14.5
Strømtangen Fyr;SN17000;28.09.2014;14.7
Strømtangen Fyr;SN17000;29.09.2014;14.1
Strømtangen Fyr;SN17000;30.09.2014;11.4
Strømtangen Fyr;SN17000;01.10.2014;12
Strømtangen Fyr;SN17000;02.10.2014;13.8
Strømtangen Fyr;SN17000;03.10.2014;13.2
Strømtangen Fyr;SN17000;04.10.2014;14.7
Strømtangen Fyr;SN17000;05.10.2014;13.4
Strømtangen Fyr;SN17000;06.10.2014;11.5
Strømtangen Fyr;SN17000;07.10.2014;9.5
Strømtangen Fyr;SN17000;08.10.2014;12.9
Strømtangen Fyr;SN17000;09.10.2014;13
Strømtangen Fyr;SN17000;10.10.2014;13.5
Strømtangen Fyr;SN17000;11.10.2014;12.7
Strømtangen Fyr;SN17000;12.10.2014;11.9
Strømtangen Fyr;SN17000;13.10.2014;7.9
Strømtangen Fyr;SN17000;14.10.2014;7.1
Strømtangen Fyr;SN17000;15.10.2014;8.1
Strømtangen Fyr;SN17000;16.10.2014;3.6
Strømtangen Fyr;SN17000;17.10.2014;6.4
Strømtangen Fyr;SN17000;18.10.2014;10.6
Strømtangen Fyr;SN17000;19.10.2014;12.9
Strømtangen Fyr;SN17000;20.10.2014;12
Strømtangen Fyr;SN17000;21.10.2014;10.4
Strømtangen Fyr;SN17000;22.10.2014;8.1
Strømtangen Fyr;SN17000;23.10.2014;9.4
Strømtangen Fyr;SN17000;24.10.2014;12.2
Strømtangen Fyr;SN17000;25.10.2014;11.8
Strømtangen Fyr;SN17000;26.10.2014;12.5
Strømtangen Fyr;SN17000;27.10.2014;12.9
Strømtangen Fyr;SN17000;28.10.2014;13.3
Strømtangen Fyr;SN17000;29.10.2014;10.6
Strømtangen Fyr;SN17000;30.10.2014;7.1
Strømtangen Fyr;SN17000;31.10.2014;6.8
Strømtangen Fyr;SN17000;01.11.2014;10.5
Strømtangen Fyr;SN17000;02.11.2014;11.7
Strømtangen Fyr;SN17000;03.11.2014;10.8
Strømtangen Fyr;SN17000;04.11.2014;9.2
Strømtangen Fyr;SN17000;05.11.2014;4.2
Strømtangen Fyr;SN17000;06.11.2014;1.7
Strømtangen Fyr;SN17000;07.11.2014;2.7
Strømtangen Fyr;SN17000;08.11.2014;8.5
Strømtangen Fyr;SN17000;09.11.2014;9.9
Strømtangen Fyr;SN17000;10.11.2014;8.4
Strømtangen Fyr;SN17000;11.11.2014;7.4
Strømtangen Fyr;SN17000;12.11.2014;7.9
Strømtangen Fyr;SN17000;13.11.2014;7.4
Strømtangen Fyr;SN17000;14.11.2014;7.2
Strømtangen Fyr;SN17000;15.11.2014;6.6
Strømtangen Fyr;SN17000;16.11.2014;5.7
Strømtangen Fyr;SN17000;17.11.2014;4.9
Strømtangen Fyr;SN17000;18.11.2014;5.3
Strømtangen Fyr;SN17000;19.11.2014;4.2
Strømtangen Fyr;SN17000;20.11.2014;2.1
Strømtangen Fyr;SN17000;21.11.2014;2.7
Strømtangen Fyr;SN17000;22.11.2014;3.6
Strømtangen Fyr;SN17000;23.11.2014;5.5
Strømtangen Fyr;SN17000;24.11.2014;7.9
Strømtangen Fyr;SN17000;25.11.2014;5
Strømtangen Fyr;SN17000;26.11.2014;0.5
Strømtangen Fyr;SN17000;27.11.2014;1.1
Strømtangen Fyr;SN17000;28.11.2014;2.7
Strømtangen Fyr;SN17000;29.11.2014;2.2
Strømtangen Fyr;SN17000;30.11.2014;2.1
Strømtangen Fyr;SN17000;01.12.2014;0.7
Strømtangen Fyr;SN17000;02.12.2014;2.4
Strømtangen Fyr;SN17000;03.12.2014;3.2
Strømtangen Fyr;SN17000;04.12.2014;5.2
Strømtangen Fyr;SN17000;05.12.2014;2
Strømtangen Fyr;SN17000;06.12.2014;1.7
Strømtangen Fyr;SN17000;07.12.2014;7
Strømtangen Fyr;SN17000;08.12.2014;4.9
Strømtangen Fyr;SN17000;09.12.2014;3
Strømtangen Fyr;SN17000;10.12.2014;6
Strømtangen Fyr;SN17000;11.12.2014;5
Strømtangen Fyr;SN17000;12.12.2014;4.1
Strømtangen Fyr;SN17000;13.12.2014;2.8
Strømtangen Fyr;SN17000;14.12.2014;5.7
Strømtangen Fyr;SN17000;15.12.2014;5.6
Strømtangen Fyr;SN17000;16.12.2014;3.8
Strømtangen Fyr;SN17000;17.12.2014;-1.2
Strømtangen Fyr;SN17000;18.12.2014;4.4
Strømtangen Fyr;SN17000;19.12.2014;4.9
Strømtangen Fyr;SN17000;20.12.2014;3.6
Strømtangen Fyr;SN17000;21.12.2014;4.1
Strømtangen Fyr;SN17000;22.12.2014;5.2
Strømtangen Fyr;SN17000;23.12.2014;4.8
Strømtangen Fyr;SN17000;24.12.2014;-0.9
Strømtangen Fyr;SN17000;25.12.2014;-6.7
Strømtangen Fyr;SN17000;26.12.2014;-4.9
Strømtangen Fyr;SN17000;27.12.2014;-8.6
Strømtangen Fyr;SN17000;28.12.2014;-8.3
Strømtangen Fyr;SN17000;29.12.2014;-3.6
Strømtangen Fyr;SN17000;30.12.2014;-1.1
Strømtangen Fyr;SN17000;31.12.2014;2.9
Strømtangen Fyr;SN17000;01.01.2015;6.3
Strømtangen Fyr;SN17000;02.01.2015;6.7
Strømtangen Fyr;SN17000;03.01.2015;4.5
Strømtangen Fyr;SN17000;04.01.2015;3.4
Strømtangen Fyr;SN17000;05.01.2015;0.8
Strømtangen Fyr;SN17000;06.01.2015;4
Strømtangen Fyr;SN17000;07.01.2015;3.3
Strømtangen Fyr;SN17000;08.01.2015;6.1
Strømtangen Fyr;SN17000;09.01.2015;2.3
Strømtangen Fyr;SN17000;10.01.2015;3.8
Strømtangen Fyr;SN17000;11.01.2015;-0.4
Strømtangen Fyr;SN17000;12.01.2015;5
Strømtangen Fyr;SN17000;13.01.2015;5.3
Strømtangen Fyr;SN17000;14.01.2015;4.4
Strømtangen Fyr;SN17000;15.01.2015;4.5
Strømtangen Fyr;SN17000;16.01.2015;5.8
Strømtangen Fyr;SN17000;17.01.2015;4.9
Strømtangen Fyr;SN17000;18.01.2015;3.4
Strømtangen Fyr;SN17000;19.01.2015;0.3
Strømtangen Fyr;SN17000;20.01.2015;0.7
Strømtangen Fyr;SN17000;21.01.2015;-0.1
Strømtangen Fyr;SN17000;22.01.2015;-2
Strømtangen Fyr;SN17000;23.01.2015;-1.2
Strømtangen Fyr;SN17000;24.01.2015;2.2
Strømtangen Fyr;SN17000;25.01.2015;-2
Strømtangen Fyr;SN17000;26.01.2015;3.7
Strømtangen Fyr;SN17000;27.01.2015;2.1
Strømtangen Fyr;SN17000;28.01.2015;4.4
Strømtangen Fyr;SN17000;29.01.2015;3.6
Strømtangen Fyr;SN17000;30.01.2015;0.8
Strømtangen Fyr;SN17000;31.01.2015;0
Strømtangen Fyr;SN17000;01.02.2015;-2
Strømtangen Fyr;SN17000;02.02.2015;-2.8
Strømtangen Fyr;SN17000;03.02.2015;-4.3
Strømtangen Fyr;SN17000;04.02.2015;-5.7
Strømtangen Fyr;SN17000;05.02.2015;-3.2
Strømtangen Fyr;SN17000;06.02.2015;0.7
Strømtangen Fyr;SN17000;07.02.2015;3.5
Strømtangen Fyr;SN17000;08.02.2015;3.5
Strømtangen Fyr;SN17000;09.02.2015;6.4
Strømtangen Fyr;SN17000;10.02.2015;6.1
Strømtangen Fyr;SN17000;11.02.2015;4.5
Strømtangen Fyr;SN17000;12.02.2015;4.6
Strømtangen Fyr;SN17000;13.02.2015;3.2
Strømtangen Fyr;SN17000;14.02.2015;2.9
Strømtangen Fyr;SN17000;15.02.2015;1.6
Strømtangen Fyr;SN17000;16.02.2015;0.8
Strømtangen Fyr;SN17000;17.02.2015;3.5
Strømtangen Fyr;SN17000;18.02.2015;5.3
Strømtangen Fyr;SN17000;19.02.2015;4.7
Strømtangen Fyr;SN17000;20.02.2015;4.2
Strømtangen Fyr;SN17000;21.02.2015;2.9
Strømtangen Fyr;SN17000;22.02.2015;2.8
Strømtangen Fyr;SN17000;23.02.2015;3
Strømtangen Fyr;SN17000;24.02.2015;3.7
Strømtangen Fyr;SN17000;25.02.2015;4
Strømtangen Fyr;SN17000;26.02.2015;3.4
Strømtangen Fyr;SN17000;27.02.2015;3.6
Strømtangen Fyr;SN17000;28.02.2015;3.6
Strømtangen Fyr;SN17000;01.03.2015;3.2
Strømtangen Fyr;SN17000;02.03.2015;3.4
Strømtangen Fyr;SN17000;03.03.2015;2.7
Strømtangen Fyr;SN17000;04.03.2015;2.4
Strømtangen Fyr;SN17000;05.03.2015;3
Strømtangen Fyr;SN17000;06.03.2015;5
Strømtangen Fyr;SN17000;07.03.2015;5.1
Strømtangen Fyr;SN17000;08.03.2015;5.4
Strømtangen Fyr;SN17000;09.03.2015;4.1
Strømtangen Fyr;SN17000;10.03.2015;5.8
Strømtangen Fyr;SN17000;11.03.2015;6.7
Strømtangen Fyr;SN17000;12.03.2015;4.1
Strømtangen Fyr;SN17000;13.03.2015;3.2
Strømtangen Fyr;SN17000;14.03.2015;3.9
Strømtangen Fyr;SN17000;15.03.2015;4.6
Strømtangen Fyr;SN17000;16.03.2015;4.9
Strømtangen Fyr;SN17000;17.03.2015;5.3
Strømtangen Fyr;SN17000;18.03.2015;4.7
Strømtangen Fyr;SN17000;19.03.2015;2.2
Strømtangen Fyr;SN17000;20.03.2015;3.6
Strømtangen Fyr;SN17000;21.03.2015;1.8
Strømtangen Fyr;SN17000;22.03.2015;2.9
Strømtangen Fyr;SN17000;23.03.2015;4.8
Strømtangen Fyr;SN17000;24.03.2015;5.5
Strømtangen Fyr;SN17000;25.03.2015;2.8
Strømtangen Fyr;SN17000;26.03.2015;0.6
Strømtangen Fyr;SN17000;27.03.2015;2.3
Strømtangen Fyr;SN17000;28.03.2015;2.1
Strømtangen Fyr;SN17000;29.03.2015;4.3
Strømtangen Fyr;SN17000;30.03.2015;4.3
Strømtangen Fyr;SN17000;31.03.2015;3.7
Strømtangen Fyr;SN17000;01.04.2015;4.8
Strømtangen Fyr;SN17000;02.04.2015;5.5
Strømtangen Fyr;SN17000;03.04.2015;5.4
Strømtangen Fyr;SN17000;04.04.2015;4.4
Strømtangen Fyr;SN17000;05.04.2015;2.9
Strømtangen Fyr;SN17000;06.04.2015;4.5
Strømtangen Fyr;SN17000;07.04.2015;7.2
Strømtangen Fyr;SN17000;08.04.2015;8.6
Strømtangen Fyr;SN17000;09.04.2015;6.6
Strømtangen Fyr;SN17000;10.04.2015;5.5
Strømtangen Fyr;SN17000;11.04.2015;6.3
Strømtangen Fyr;SN17000;12.04.2015;6.3
Strømtangen Fyr;SN17000;13.04.2015;7.1
Strømtangen Fyr;SN17000;14.04.2015;5.6
Strømtangen Fyr;SN17000;15.04.2015;6.5
Strømtangen Fyr;SN17000;16.04.2015;7.9
Strømtangen Fyr;SN17000;17.04.2015;8.6
Strømtangen Fyr;SN17000;18.04.2015;6.9
Strømtangen Fyr;SN17000;19.04.2015;10
Strømtangen Fyr;SN17000;20.04.2015;10.6
Strømtangen Fyr;SN17000;21.04.2015;9.1
Strømtangen Fyr;SN17000;22.04.2015;9.1
Strømtangen Fyr;SN17000;23.04.2015;11.2
Strømtangen Fyr;SN17000;24.04.2015;8.1
Strømtangen Fyr;SN17000;25.04.2015;7.8
Strømtangen Fyr;SN17000;26.04.2015;7
Strømtangen Fyr;SN17000;27.04.2015;5.2
Strømtangen Fyr;SN17000;28.04.2015;5.8
Strømtangen Fyr;SN17000;29.04.2015;7.2
Strømtangen Fyr;SN17000;30.04.2015;7.3
Strømtangen Fyr;SN17000;02.05.2015;8.3
Strømtangen Fyr;SN17000;03.05.2015;9.4
Strømtangen Fyr;SN17000;04.05.2015;7.9
Strømtangen Fyr;SN17000;05.05.2015;9.9
Strømtangen Fyr;SN17000;06.05.2015;9.6
Strømtangen Fyr;SN17000;07.05.2015;9.5
Strømtangen Fyr;SN17000;08.05.2015;8.9
Strømtangen Fyr;SN17000;09.05.2015;6.9
Strømtangen Fyr;SN17000;10.05.2015;8.6
Strømtangen Fyr;SN17000;11.05.2015;9.9
Strømtangen Fyr;SN17000;12.05.2015;9.2
Strømtangen Fyr;SN17000;13.05.2015;10.2
Strømtangen Fyr;SN17000;14.05.2015;10.2
Strømtangen Fyr;SN17000;15.05.2015;9.2
Strømtangen Fyr;SN17000;16.05.2015;8.6
Strømtangen Fyr;SN17000;17.05.2015;9.2
Strømtangen Fyr;SN17000;18.05.2015;8.5
Strømtangen Fyr;SN17000;19.05.2015;9.3
Strømtangen Fyr;SN17000;20.05.2015;9.7
Strømtangen Fyr;SN17000;21.05.2015;10.2
Strømtangen Fyr;SN17000;22.05.2015;10.2
Strømtangen Fyr;SN17000;23.05.2015;11.1
Strømtangen Fyr;SN17000;24.05.2015;9.3
Strømtangen Fyr;SN17000;25.05.2015;10.3
Strømtangen Fyr;SN17000;26.05.2015;11
Strømtangen Fyr;SN17000;27.05.2015;12
Strømtangen Fyr;SN17000;28.05.2015;10.2
Strømtangen Fyr;SN17000;29.05.2015;9.9
Strømtangen Fyr;SN17000;30.05.2015;8.9
Strømtangen Fyr;SN17000;31.05.2015;10.5
Strømtangen Fyr;SN17000;01.06.2015;10.3
Strømtangen Fyr;SN17000;02.06.2015;10
Strømtangen Fyr;SN17000;03.06.2015;11.8
Strømtangen Fyr;SN17000;04.06.2015;11.9
Strømtangen Fyr;SN17000;05.06.2015;12.2
Strømtangen Fyr;SN17000;06.06.2015;12.6
Strømtangen Fyr;SN17000;07.06.2015;12.3
Strømtangen Fyr;SN17000;08.06.2015;13.6
Strømtangen Fyr;SN17000;09.06.2015;12.8
Strømtangen Fyr;SN17000;10.06.2015;14.4
Strømtangen Fyr;SN17000;11.06.2015;14.9
Strømtangen Fyr;SN17000;12.06.2015;15.4
Strømtangen Fyr;SN17000;13.06.2015;14.4
Strømtangen Fyr;SN17000;14.06.2015;14.5
Strømtangen Fyr;SN17000;15.06.2015;12.8
Strømtangen Fyr;SN17000;16.06.2015;13.9
Strømtangen Fyr;SN17000;17.06.2015;12.5
Strømtangen Fyr;SN17000;18.06.2015;12.8
Strømtangen Fyr;SN17000;19.06.2015;14.4
Strømtangen Fyr;SN17000;20.06.2015;16.3
Strømtangen Fyr;SN17000;21.06.2015;14.6
Strømtangen Fyr;SN17000;22.06.2015;14.7
Strømtangen Fyr;SN17000;23.06.2015;15.7
Strømtangen Fyr;SN17000;24.06.2015;15.2
Strømtangen Fyr;SN17000;25.06.2015;14.2
Strømtangen Fyr;SN17000;26.06.2015;14.5
Strømtangen Fyr;SN17000;27.06.2015;14.9
Strømtangen Fyr;SN17000;28.06.2015;15.2
Strømtangen Fyr;SN17000;29.06.2015;15.3
Strømtangen Fyr;SN17000;30.06.2015;17.6
Strømtangen Fyr;SN17000;01.07.2015;16.6
Strømtangen Fyr;SN17000;02.07.2015;18.5
Strømtangen Fyr;SN17000;03.07.2015;17.7
Strømtangen Fyr;SN17000;04.07.2015;15.9
Strømtangen Fyr;SN17000;05.07.2015;18.6
Strømtangen Fyr;SN17000;06.07.2015;17.6
Strømtangen Fyr;SN17000;07.07.2015;15.5
Strømtangen Fyr;SN17000;08.07.2015;15.2
Strømtangen Fyr;SN17000;09.07.2015;14.8
Strømtangen Fyr;SN17000;10.07.2015;16.1
Strømtangen Fyr;SN17000;11.07.2015;15.3
Strømtangen Fyr;SN17000;12.07.2015;16.4
Strømtangen Fyr;SN17000;13.07.2015;16.2
Strømtangen Fyr;SN17000;14.07.2015;16.3
Strømtangen Fyr;SN17000;15.07.2015;16.8
Strømtangen Fyr;SN17000;16.07.2015;16.3
Strømtangen Fyr;SN17000;17.07.2015;15.6
Strømtangen Fyr;SN17000;18.07.2015;15.6
Strømtangen Fyr;SN17000;19.07.2015;15.7
Strømtangen Fyr;SN17000;20.07.2015;16
Strømtangen Fyr;SN17000;21.07.2015;14.6
Strømtangen Fyr;SN17000;22.07.2015;16.3
Strømtangen Fyr;SN17000;23.07.2015;16.4
Strømtangen Fyr;SN17000;24.07.2015;15.2
Strømtangen Fyr;SN17000;25.07.2015;13.8
Strømtangen Fyr;SN17000;26.07.2015;12.8
Strømtangen Fyr;SN17000;27.07.2015;14.9
Strømtangen Fyr;SN17000;28.07.2015;14.7
Strømtangen Fyr;SN17000;29.07.2015;14.7
Strømtangen Fyr;SN17000;30.07.2015;16.2
Strømtangen Fyr;SN17000;31.07.2015;16.2
Strømtangen Fyr;SN17000;01.08.2015;14.7
Strømtangen Fyr;SN17000;02.08.2015;15.7
Strømtangen Fyr;SN17000;03.08.2015;14.7
Strømtangen Fyr;SN17000;04.08.2015;16.5
Strømtangen Fyr;SN17000;05.08.2015;16.6
Strømtangen Fyr;SN17000;06.08.2015;16.7
Strømtangen Fyr;SN17000;07.08.2015;17.4
Strømtangen Fyr;SN17000;08.08.2015;17.2
Strømtangen Fyr;SN17000;09.08.2015;15.9
Strømtangen Fyr;SN17000;10.08.2015;17
Strømtangen Fyr;SN17000;11.08.2015;17
Strømtangen Fyr;SN17000;12.08.2015;17
Strømtangen Fyr;SN17000;13.08.2015;16.4
Strømtangen Fyr;SN17000;14.08.2015;18.6
Strømtangen Fyr;SN17000;15.08.2015;19.5
Strømtangen Fyr;SN17000;16.08.2015;18.9
Strømtangen Fyr;SN17000;17.08.2015;18.2
Strømtangen Fyr;SN17000;18.08.2015;18
Strømtangen Fyr;SN17000;19.08.2015;18.5
Strømtangen Fyr;SN17000;20.08.2015;18.3
Strømtangen Fyr;SN17000;21.08.2015;17.7
Strømtangen Fyr;SN17000;22.08.2015;17.3
Strømtangen Fyr;SN17000;23.08.2015;19
Strømtangen Fyr;SN17000;24.08.2015;17.8
Strømtangen Fyr;SN17000;25.08.2015;17.4
Strømtangen Fyr;SN17000;26.08.2015;17.1
Strømtangen Fyr;SN17000;27.08.2015;17.2
Strømtangen Fyr;SN17000;28.08.2015;16.8
Strømtangen Fyr;SN17000;29.08.2015;16.7
Strømtangen Fyr;SN17000;30.08.2015;16.8
Strømtangen Fyr;SN17000;31.08.2015;16.9
Strømtangen Fyr;SN17000;01.09.2015;14.1
Strømtangen Fyr;SN17000;02.09.2015;15.1
Strømtangen Fyr;SN17000;03.09.2015;14.9
Strømtangen Fyr;SN17000;04.09.2015;13.8
Strømtangen Fyr;SN17000;05.09.2015;12.5
Strømtangen Fyr;SN17000;06.09.2015;12.7
Strømtangen Fyr;SN17000;07.09.2015;13.3
Strømtangen Fyr;SN17000;08.09.2015;15.4
Strømtangen Fyr;SN17000;09.09.2015;14
Strømtangen Fyr;SN17000;10.09.2015;13.8
Strømtangen Fyr;SN17000;11.09.2015;15.3
Strømtangen Fyr;SN17000;12.09.2015;15.1
Strømtangen Fyr;SN17000;13.09.2015;15.5
Strømtangen Fyr;SN17000;14.09.2015;15.7
Strømtangen Fyr;SN17000;15.09.2015;13.9
Strømtangen Fyr;SN17000;16.09.2015;12.9
Strømtangen Fyr;SN17000;17.09.2015;14.9
Strømtangen Fyr;SN17000;18.09.2015;15.5
Strømtangen Fyr;SN17000;19.09.2015;14.1
Strømtangen Fyr;SN17000;20.09.2015;13
Strømtangen Fyr;SN17000;21.09.2015;11.8
Strømtangen Fyr;SN17000;22.09.2015;12.3
Strømtangen Fyr;SN17000;23.09.2015;13.4
Strømtangen Fyr;SN17000;24.09.2015;13.7
Strømtangen Fyr;SN17000;25.09.2015;13.4
Strømtangen Fyr;SN17000;26.09.2015;12.4
Strømtangen Fyr;SN17000;27.09.2015;11.1
Strømtangen Fyr;SN17000;28.09.2015;11
Strømtangen Fyr;SN17000;29.09.2015;13.4
Strømtangen Fyr;SN17000;30.09.2015;13.2
Strømtangen Fyr;SN17000;01.10.2015;14.2
Strømtangen Fyr;SN17000;02.10.2015;14.2
Strømtangen Fyr;SN17000;03.10.2015;12.2
Strømtangen Fyr;SN17000;04.10.2015;11
Strømtangen Fyr;SN17000;05.10.2015;10.2
Strømtangen Fyr;SN17000;06.10.2015;10.2
Strømtangen Fyr;SN17000;07.10.2015;8.8
Strømtangen Fyr;SN17000;08.10.2015;9.2
Strømtangen Fyr;SN17000;09.10.2015;8.8
Strømtangen Fyr;SN17000;10.10.2015;9.4
Strømtangen Fyr;SN17000;11.10.2015;8.9
Strømtangen Fyr;SN17000;12.10.2015;8.7
Strømtangen Fyr;SN17000;13.10.2015;7.6
Strømtangen Fyr;SN17000;14.10.2015;6.3
Strømtangen Fyr;SN17000;15.10.2015;7.1
Strømtangen Fyr;SN17000;16.10.2015;5.4
Strømtangen Fyr;SN17000;17.10.2015;5.2
Strømtangen Fyr;SN17000;18.10.2015;7
Strømtangen Fyr;SN17000;19.10.2015;7
Strømtangen Fyr;SN17000;20.10.2015;8.5
Strømtangen Fyr;SN17000;21.10.2015;9.3
Strømtangen Fyr;SN17000;22.10.2015;11.9
Strømtangen Fyr;SN17000;23.10.2015;12.1
Strømtangen Fyr;SN17000;24.10.2015;10.9
Strømtangen Fyr;SN17000;25.10.2015;10.4
Strømtangen Fyr;SN17000;26.10.2015;9.9
Strømtangen Fyr;SN17000;27.10.2015;8.8
Strømtangen Fyr;SN17000;28.10.2015;7.4
Strømtangen Fyr;SN17000;29.10.2015;7.3
Strømtangen Fyr;SN17000;30.10.2015;7.6
Strømtangen Fyr;SN17000;31.10.2015;9.9
Strømtangen Fyr;SN17000;01.11.2015;10.3
Strømtangen Fyr;SN17000;02.11.2015;10.3
Strømtangen Fyr;SN17000;03.11.2015;9.9
Strømtangen Fyr;SN17000;04.11.2015;7.1
Strømtangen Fyr;SN17000;05.11.2015;7.4
Strømtangen Fyr;SN17000;06.11.2015;8.8
Strømtangen Fyr;SN17000;07.11.2015;10.4
Strømtangen Fyr;SN17000;08.11.2015;9.3
Strømtangen Fyr;SN17000;09.11.2015;10.1
Strømtangen Fyr;SN17000;10.11.2015;10.1
Strømtangen Fyr;SN17000;11.11.2015;9.6
Strømtangen Fyr;SN17000;12.11.2015;9.6
Strømtangen Fyr;SN17000;13.11.2015;9.3
Strømtangen Fyr;SN17000;14.11.2015;7.7
Strømtangen Fyr;SN17000;15.11.2015;7.5
Strømtangen Fyr;SN17000;16.11.2015;6.4
Strømtangen Fyr;SN17000;17.11.2015;8.6
Strømtangen Fyr;SN17000;18.11.2015;3.3
Strømtangen Fyr;SN17000;19.11.2015;0.4
Strømtangen Fyr;SN17000;20.11.2015;-1.4
Strømtangen Fyr;SN17000;21.11.2015;-2.5
Strømtangen Fyr;SN17000;22.11.2015;-2.5
Strømtangen Fyr;SN17000;23.11.2015;0
Strømtangen Fyr;SN17000;24.11.2015;7.5
Strømtangen Fyr;SN17000;25.11.2015;3.2
Strømtangen Fyr;SN17000;26.11.2015;3.2
Strømtangen Fyr;SN17000;27.11.2015;9.6
Strømtangen Fyr;SN17000;28.11.2015;7.3
Strømtangen Fyr;SN17000;29.11.2015;6.6
Strømtangen Fyr;SN17000;30.11.2015;5.9
Strømtangen Fyr;SN17000;01.12.2015;5.6
Strømtangen Fyr;SN17000;02.12.2015;5.7
Strømtangen Fyr;SN17000;03.12.2015;6.6
Strømtangen Fyr;SN17000;04.12.2015;8.1
Strømtangen Fyr;SN17000;05.12.2015;9.9
Strømtangen Fyr;SN17000;06.12.2015;9.2
Strømtangen Fyr;SN17000;07.12.2015;6.1
Strømtangen Fyr;SN17000;08.12.2015;7.6
Strømtangen Fyr;SN17000;09.12.2015;8.6
Strømtangen Fyr;SN17000;10.12.2015;8.7
Strømtangen Fyr;SN17000;11.12.2015;5.5
Strømtangen Fyr;SN17000;12.12.2015;3.7
Strømtangen Fyr;SN17000;13.12.2015;-0.2
Strømtangen Fyr;SN17000;14.12.2015;-2.7
Strømtangen Fyr;SN17000;15.12.2015;-4.1
Strømtangen Fyr;SN17000;16.12.2015;1.4
Strømtangen Fyr;SN17000;17.12.2015;5.1
Strømtangen Fyr;SN17000;18.12.2015;8.3
Strømtangen Fyr;SN17000;19.12.2015;8.2
Strømtangen Fyr;SN17000;20.12.2015;9.1
Strømtangen Fyr;SN17000;21.12.2015;8.2
Strømtangen Fyr;SN17000;22.12.2015;7.6
Strømtangen Fyr;SN17000;23.12.2015;7.5
Strømtangen Fyr;SN17000;24.12.2015;7.8
Strømtangen Fyr;SN17000;25.12.2015;6.7
Strømtangen Fyr;SN17000;26.12.2015;1.1
Strømtangen Fyr;SN17000;27.12.2015;-2
Strømtangen Fyr;SN17000;28.12.2015;-0.7
Strømtangen Fyr;SN17000;29.12.2015;0.6
Strømtangen Fyr;SN17000;30.12.2015;3.2
Strømtangen Fyr;SN17000;31.12.2015;2.2
Strømtangen Fyr;SN17000;01.01.2016;3.7
Strømtangen Fyr;SN17000;02.01.2016;-0.3
Strømtangen Fyr;SN17000;03.01.2016;-3.5
Strømtangen Fyr;SN17000;04.01.2016;-5.7
Strømtangen Fyr;SN17000;05.01.2016;-6.6
Strømtangen Fyr;SN17000;06.01.2016;-9.7
Strømtangen Fyr;SN17000;07.01.2016;-10.2
Strømtangen Fyr;SN17000;08.01.2016;-6.3
Strømtangen Fyr;SN17000;09.01.2016;-6.5
Strømtangen Fyr;SN17000;10.01.2016;-2.1
Strømtangen Fyr;SN17000;11.01.2016;-0.4
Strømtangen Fyr;SN17000;12.01.2016;-2.2
Strømtangen Fyr;SN17000;13.01.2016;-6.5
Strømtangen Fyr;SN17000;14.01.2016;-11
Strømtangen Fyr;SN17000;15.01.2016;-12.8
Strømtangen Fyr;SN17000;16.01.2016;-8.9
Strømtangen Fyr;SN17000;17.01.2016;-8
Strømtangen Fyr;SN17000;18.01.2016;-8
Strømtangen Fyr;SN17000;19.01.2016;-9.5
Strømtangen Fyr;SN17000;20.01.2016;-8.7
Strømtangen Fyr;SN17000;21.01.2016;-10.2
Strømtangen Fyr;SN17000;22.01.2016;-5.5
Strømtangen Fyr;SN17000;23.01.2016;-0.4
Strømtangen Fyr;SN17000;24.01.2016;0.3
Strømtangen Fyr;SN17000;25.01.2016;1
Strømtangen Fyr;SN17000;26.01.2016;3.2
Strømtangen Fyr;SN17000;27.01.2016;3.7
Strømtangen Fyr;SN17000;28.01.2016;3.5
Strømtangen Fyr;SN17000;29.01.2016;4.5
Strømtangen Fyr;SN17000;30.01.2016;3.6
Strømtangen Fyr;SN17000;31.01.2016;2.9
Strømtangen Fyr;SN17000;01.02.2016;2.4
Strømtangen Fyr;SN17000;02.02.2016;3.9
Strømtangen Fyr;SN17000;03.02.2016;2.1
Strømtangen Fyr;SN17000;04.02.2016;1.5
Strømtangen Fyr;SN17000;05.02.2016;1
Strømtangen Fyr;SN17000;06.02.2016;4.2
Strømtangen Fyr;SN17000;07.02.2016;4.8
Strømtangen Fyr;SN17000;08.02.2016;4.5
Strømtangen Fyr;SN17000;09.02.2016;4.1
Strømtangen Fyr;SN17000;10.02.2016;2.2
Strømtangen Fyr;SN17000;11.02.2016;0.8
Strømtangen Fyr;SN17000;12.02.2016;-1.4
Strømtangen Fyr;SN17000;13.02.2016;-2.9
Strømtangen Fyr;SN17000;14.02.2016;-4.1
Strømtangen Fyr;SN17000;15.02.2016;-3.9
Strømtangen Fyr;SN17000;16.02.2016;-1.8
Strømtangen Fyr;SN17000;17.02.2016;1.6
Strømtangen Fyr;SN17000;19.02.2016;1.5
Strømtangen Fyr;SN17000;20.02.2016;2.9
Strømtangen Fyr;SN17000;21.02.2016;3.3
Strømtangen Fyr;SN17000;22.02.2016;1.8
Strømtangen Fyr;SN17000;23.02.2016;-0.7
Strømtangen Fyr;SN17000;24.02.2016;-0.1
Strømtangen Fyr;SN17000;25.02.2016;-0.7
Strømtangen Fyr;SN17000;26.02.2016;1.1
Strømtangen Fyr;SN17000;27.02.2016;-0.9
Strømtangen Fyr;SN17000;28.02.2016;-0.9
Strømtangen Fyr;SN17000;29.02.2016;-0.2
Strømtangen Fyr;SN17000;01.03.2016;0.6
Strømtangen Fyr;SN17000;02.03.2016;-0.1
Strømtangen Fyr;SN17000;03.03.2016;1.6
Strømtangen Fyr;SN17000;04.03.2016;1.1
Strømtangen Fyr;SN17000;05.03.2016;1.5
Strømtangen Fyr;SN17000;06.03.2016;0.6
Strømtangen Fyr;SN17000;07.03.2016;0.5
Strømtangen Fyr;SN17000;08.03.2016;1.8
Strømtangen Fyr;SN17000;09.03.2016;2
Strømtangen Fyr;SN17000;10.03.2016;1.7
Strømtangen Fyr;SN17000;11.03.2016;0.3
Strømtangen Fyr;SN17000;12.03.2016;2.1
Strømtangen Fyr;SN17000;13.03.2016;3.5
Strømtangen Fyr;SN17000;14.03.2016;4.8
Strømtangen Fyr;SN17000;15.03.2016;7
Strømtangen Fyr;SN17000;16.03.2016;3.8
Strømtangen Fyr;SN17000;17.03.2016;2.1
Strømtangen Fyr;SN17000;18.03.2016;3.1
Strømtangen Fyr;SN17000;19.03.2016;4
Strømtangen Fyr;SN17000;20.03.2016;5
Strømtangen Fyr;SN17000;21.03.2016;3.8
Strømtangen Fyr;SN17000;22.03.2016;3.3
Strømtangen Fyr;SN17000;23.03.2016;4.9
Strømtangen Fyr;SN17000;24.03.2016;3.7
Strømtangen Fyr;SN17000;25.03.2016;4.8
Strømtangen Fyr;SN17000;26.03.2016;4.5
Strømtangen Fyr;SN17000;27.03.2016;5.4
Strømtangen Fyr;SN17000;28.03.2016;7
Strømtangen Fyr;SN17000;29.03.2016;5.8
Strømtangen Fyr;SN17000;30.03.2016;4.6
Strømtangen Fyr;SN17000;31.03.2016;3.2
Strømtangen Fyr;SN17000;01.04.2016;3.9
Strømtangen Fyr;SN17000;02.04.2016;5.4
Strømtangen Fyr;SN17000;03.04.2016;6
Strømtangen Fyr;SN17000;04.04.2016;7.9
Strømtangen Fyr;SN17000;05.04.2016;5.8
Strømtangen Fyr;SN17000;06.04.2016;5.7
Strømtangen Fyr;SN17000;07.04.2016;5.9
Strømtangen Fyr;SN17000;08.04.2016;5.1
Strømtangen Fyr;SN17000;09.04.2016;5.4
Strømtangen Fyr;SN17000;10.04.2016;6.3
Strømtangen Fyr;SN17000;11.04.2016;6.1
Strømtangen Fyr;SN17000;12.04.2016;7
Strømtangen Fyr;SN17000;13.04.2016;7.3
Strømtangen Fyr;SN17000;14.04.2016;6.8
Strømtangen Fyr;SN17000;15.04.2016;7.1
Strømtangen Fyr;SN17000;16.04.2016;6.9
Strømtangen Fyr;SN17000;17.04.2016;7
Strømtangen Fyr;SN17000;18.04.2016;7.3
Strømtangen Fyr;SN17000;19.04.2016;9.1
Strømtangen Fyr;SN17000;20.04.2016;8.2
Strømtangen Fyr;SN17000;21.04.2016;8.6
Strømtangen Fyr;SN17000;22.04.2016;7.1
Strømtangen Fyr;SN17000;23.04.2016;4.4
Strømtangen Fyr;SN17000;24.04.2016;3.7
Strømtangen Fyr;SN17000;25.04.2016;3.8
Strømtangen Fyr;SN17000;26.04.2016;4.9
Strømtangen Fyr;SN17000;27.04.2016;5.9
Strømtangen Fyr;SN17000;28.04.2016;5.9
Strømtangen Fyr;SN17000;29.04.2016;6.6
Strømtangen Fyr;SN17000;30.04.2016;4.9
Strømtangen Fyr;SN17000;01.05.2016;7.2
Strømtangen Fyr;SN17000;02.05.2016;8.2
Strømtangen Fyr;SN17000;03.05.2016;8.1
Strømtangen Fyr;SN17000;04.05.2016;7.1
Strømtangen Fyr;SN17000;05.05.2016;8.9
Strømtangen Fyr;SN17000;06.05.2016;9.7
Strømtangen Fyr;SN17000;07.05.2016;12.7
Strømtangen Fyr;SN17000;08.05.2016;14.2
Strømtangen Fyr;SN17000;09.05.2016;15.2
Strømtangen Fyr;SN17000;10.05.2016;16.2
Strømtangen Fyr;SN17000;11.05.2016;14.7
Strømtangen Fyr;SN17000;12.05.2016;11.8
Strømtangen Fyr;SN17000;13.05.2016;9.1
Strømtangen Fyr;SN17000;14.05.2016;9.5
Strømtangen Fyr;SN17000;15.05.2016;10.8
Strømtangen Fyr;SN17000;16.05.2016;9.9
Strømtangen Fyr;SN17000;17.05.2016;10.2
Strømtangen Fyr;SN17000;18.05.2016;10.8
Strømtangen Fyr;SN17000;19.05.2016;11.1
Strømtangen Fyr;SN17000;20.05.2016;11.2
Strømtangen Fyr;SN17000;21.05.2016;11.1
Strømtangen Fyr;SN17000;22.05.2016;13.1
Strømtangen Fyr;SN17000;23.05.2016;12.2
Strømtangen Fyr;SN17000;24.05.2016;11
Strømtangen Fyr;SN17000;25.05.2016;13
Strømtangen Fyr;SN17000;26.05.2016;13.3
Strømtangen Fyr;SN17000;27.05.2016;14.9
Strømtangen Fyr;SN17000;28.05.2016;14
Strømtangen Fyr;SN17000;29.05.2016;13.3
Strømtangen Fyr;SN17000;30.05.2016;16.3
Strømtangen Fyr;SN17000;31.05.2016;19.2
Strømtangen Fyr;SN17000;01.06.2016;20.8
Strømtangen Fyr;SN17000;02.06.2016;21.4
Strømtangen Fyr;SN17000;03.06.2016;18.9
Strømtangen Fyr;SN17000;04.06.2016;19.1
Strømtangen Fyr;SN17000;05.06.2016;17.9
Strømtangen Fyr;SN17000;06.06.2016;16.1
Strømtangen Fyr;SN17000;07.06.2016;16.3
Strømtangen Fyr;SN17000;08.06.2016;16.3
Strømtangen Fyr;SN17000;09.06.2016;12.8
Strømtangen Fyr;SN17000;10.06.2016;13.1
Strømtangen Fyr;SN17000;11.06.2016;13.2
Strømtangen Fyr;SN17000;12.06.2016;15
Strømtangen Fyr;SN17000;13.06.2016;15.8
Strømtangen Fyr;SN17000;14.06.2016;16.6
Strømtangen Fyr;SN17000;15.06.2016;15.2
Strømtangen Fyr;SN17000;16.06.2016;18.3
Strømtangen Fyr;SN17000;17.06.2016;18
Strømtangen Fyr;SN17000;18.06.2016;16.6
Strømtangen Fyr;SN17000;19.06.2016;14.5
Strømtangen Fyr;SN17000;20.06.2016;14.8
Strømtangen Fyr;SN17000;21.06.2016;16.2
Strømtangen Fyr;SN17000;22.06.2016;16
Strømtangen Fyr;SN17000;23.06.2016;16.1
Strømtangen Fyr;SN17000;24.06.2016;17.2
Strømtangen Fyr;SN17000;25.06.2016;17.3
Strømtangen Fyr;SN17000;26.06.2016;17.7
Strømtangen Fyr;SN17000;27.06.2016;15.7
Strømtangen Fyr;SN17000;28.06.2016;15.7
Strømtangen Fyr;SN17000;29.06.2016;16.1
Strømtangen Fyr;SN17000;30.06.2016;15.4
Strømtangen Fyr;SN17000;01.07.2016;15.1
Strømtangen Fyr;SN17000;02.07.2016;14.2
Strømtangen Fyr;SN17000;03.07.2016;14.8
Strømtangen Fyr;SN17000;04.07.2016;15.8
Strømtangen Fyr;SN17000;05.07.2016;15.4
Strømtangen Fyr;SN17000;06.07.2016;17
Strømtangen Fyr;SN17000;07.07.2016;15.9
Strømtangen Fyr;SN17000;08.07.2016;16.6
Strømtangen Fyr;SN17000;09.07.2016;17.7
Strømtangen Fyr;SN17000;10.07.2016;17
Strømtangen Fyr;SN17000;11.07.2016;16.9
Strømtangen Fyr;SN17000;12.07.2016;17.2
Strømtangen Fyr;SN17000;13.07.2016;17
Strømtangen Fyr;SN17000;14.07.2016;17
Strømtangen Fyr;SN17000;15.07.2016;18.4
Strømtangen Fyr;SN17000;16.07.2016;17.4
Strømtangen Fyr;SN17000;17.07.2016;15.9
Strømtangen Fyr;SN17000;18.07.2016;17
Strømtangen Fyr;SN17000;19.07.2016;16.9
Strømtangen Fyr;SN17000;20.07.2016;18
Strømtangen Fyr;SN17000;21.07.2016;20
Strømtangen Fyr;SN17000;22.07.2016;20.9
Strømtangen Fyr;SN17000;23.07.2016;20.2
Strømtangen Fyr;SN17000;24.07.2016;20.7
Strømtangen Fyr;SN17000;25.07.2016;20.4
Strømtangen Fyr;SN17000;26.07.2016;18.6
Strømtangen Fyr;SN17000;27.07.2016;17.8
Strømtangen Fyr;SN17000;28.07.2016;17.6
Strømtangen Fyr;SN17000;29.07.2016;17.7
Strømtangen Fyr;SN17000;30.07.2016;17.5
Strømtangen Fyr;SN17000;31.07.2016;16.8
Strømtangen Fyr;SN17000;01.08.2016;16.8
Strømtangen Fyr;SN17000;02.08.2016;16.9
Strømtangen Fyr;SN17000;03.08.2016;16.8
Strømtangen Fyr;SN17000;04.08.2016;16.9
Strømtangen Fyr;SN17000;05.08.2016;17.7
Strømtangen Fyr;SN17000;06.08.2016;16.5
Strømtangen Fyr;SN17000;07.08.2016;16.4
Strømtangen Fyr;SN17000;08.08.2016;16.4
Strømtangen Fyr;SN17000;09.08.2016;14.7
Strømtangen Fyr;SN17000;10.08.2016;12
Strømtangen Fyr;SN17000;11.08.2016;13.4
Strømtangen Fyr;SN17000;12.08.2016;15.2
Strømtangen Fyr;SN17000;13.08.2016;16.3
Strømtangen Fyr;SN17000;14.08.2016;16.5
Strømtangen Fyr;SN17000;15.08.2016;16.5
Strømtangen Fyr;SN17000;16.08.2016;17.6
Strømtangen Fyr;SN17000;17.08.2016;18.5
Strømtangen Fyr;SN17000;18.08.2016;17.6
Strømtangen Fyr;SN17000;19.08.2016;17
Strømtangen Fyr;SN17000;20.08.2016;16.8
Strømtangen Fyr;SN17000;21.08.2016;17.2
Strømtangen Fyr;SN17000;22.08.2016;16.7
Strømtangen Fyr;SN17000;23.08.2016;17.6
Strømtangen Fyr;SN17000;24.08.2016;17.1
Strømtangen Fyr;SN17000;25.08.2016;17.8
Strømtangen Fyr;SN17000;26.08.2016;18.2
Strømtangen Fyr;SN17000;27.08.2016;17.1
Strømtangen Fyr;SN17000;28.08.2016;14.2
Strømtangen Fyr;SN17000;29.08.2016;13.5
Strømtangen Fyr;SN17000;30.08.2016;15.2
Strømtangen Fyr;SN17000;31.08.2016;16.9
Strømtangen Fyr;SN17000;01.09.2016;17
Strømtangen Fyr;SN17000;02.09.2016;15.6
Strømtangen Fyr;SN17000;03.09.2016;16.7
Strømtangen Fyr;SN17000;04.09.2016;15.5
Strømtangen Fyr;SN17000;05.09.2016;14.6
Strømtangen Fyr;SN17000;06.09.2016;16.8
Strømtangen Fyr;SN17000;07.09.2016;17.3
Strømtangen Fyr;SN17000;08.09.2016;17.4
Strømtangen Fyr;SN17000;09.09.2016;17.5
Strømtangen Fyr;SN17000;10.09.2016;17.5
Strømtangen Fyr;SN17000;11.09.2016;17.7
Strømtangen Fyr;SN17000;12.09.2016;16.2
Strømtangen Fyr;SN17000;13.09.2016;17.2
Strømtangen Fyr;SN17000;14.09.2016;17.2
Strømtangen Fyr;SN17000;15.09.2016;16.6
Strømtangen Fyr;SN17000;16.09.2016;16.6
Strømtangen Fyr;SN17000;17.09.2016;14.3
Strømtangen Fyr;SN17000;18.09.2016;14.2
Strømtangen Fyr;SN17000;19.09.2016;16
Strømtangen Fyr;SN17000;20.09.2016;15
Strømtangen Fyr;SN17000;21.09.2016;15.7
Strømtangen Fyr;SN17000;22.09.2016;15.5
Strømtangen Fyr;SN17000;23.09.2016;15
Strømtangen Fyr;SN17000;24.09.2016;14.2
Strømtangen Fyr;SN17000;25.09.2016;16.5
Strømtangen Fyr;SN17000;26.09.2016;16
Strømtangen Fyr;SN17000;27.09.2016;15.6
Strømtangen Fyr;SN17000;28.09.2016;15.8
Strømtangen Fyr;SN17000;29.09.2016;15.1
Strømtangen Fyr;SN17000;30.09.2016;13
Strømtangen Fyr;SN17000;01.10.2016;12.2
Strømtangen Fyr;SN17000;02.10.2016;9.9
Strømtangen Fyr;SN17000;03.10.2016;9.5
Strømtangen Fyr;SN17000;04.10.2016;8.5
Strømtangen Fyr;SN17000;05.10.2016;7.9
Strømtangen Fyr;SN17000;06.10.2016;9
Strømtangen Fyr;SN17000;07.10.2016;10.5
Strømtangen Fyr;SN17000;08.10.2016;8.1
Strømtangen Fyr;SN17000;09.10.2016;7.3
Strømtangen Fyr;SN17000;10.10.2016;7.1
Strømtangen Fyr;SN17000;11.10.2016;6.6
Strømtangen Fyr;SN17000;12.10.2016;6.1
Strømtangen Fyr;SN17000;13.10.2016;5.4
Strømtangen Fyr;SN17000;14.10.2016;3.6
Strømtangen Fyr;SN17000;15.10.2016;6.4
Strømtangen Fyr;SN17000;16.10.2016;7.6
Strømtangen Fyr;SN17000;17.10.2016;8
Strømtangen Fyr;SN17000;18.10.2016;7.8
Strømtangen Fyr;SN17000;19.10.2016;8.7
Strømtangen Fyr;SN17000;20.10.2016;7.9
Strømtangen Fyr;SN17000;21.10.2016;6.2
Strømtangen Fyr;SN17000;22.10.2016;4.8
Strømtangen Fyr;SN17000;23.10.2016;5.1
Strømtangen Fyr;SN17000;24.10.2016;6.8
Strømtangen Fyr;SN17000;25.10.2016;6.2
Strømtangen Fyr;SN17000;26.10.2016;8.5
Strømtangen Fyr;SN17000;27.10.2016;10
Strømtangen Fyr;SN17000;28.10.2016;10.2
Strømtangen Fyr;SN17000;29.10.2016;8.9
Strømtangen Fyr;SN17000;30.10.2016;7
Strømtangen Fyr;SN17000;31.10.2016;7
Strømtangen Fyr;SN17000;01.11.2016;5.5
Strømtangen Fyr;SN17000;02.11.2016;3.1
Strømtangen Fyr;SN17000;03.11.2016;1
Strømtangen Fyr;SN17000;04.11.2016;1.5
Strømtangen Fyr;SN17000;05.11.2016;2.9
Strømtangen Fyr;SN17000;06.11.2016;-0.4
Strømtangen Fyr;SN17000;07.11.2016;-4.4
Strømtangen Fyr;SN17000;08.11.2016;-3.3
Strømtangen Fyr;SN17000;09.11.2016;-2.7
Strømtangen Fyr;SN17000;10.11.2016;-2.2
Strømtangen Fyr;SN17000;11.11.2016;-1.6
Strømtangen Fyr;SN17000;12.11.2016;1
Strømtangen Fyr;SN17000;13.11.2016;6.3
Strømtangen Fyr;SN17000;14.11.2016;7
Strømtangen Fyr;SN17000;15.11.2016;6.4
Strømtangen Fyr;SN17000;16.11.2016;6.8
Strømtangen Fyr;SN17000;17.11.2016;5.7
Strømtangen Fyr;SN17000;18.11.2016;6.2
Strømtangen Fyr;SN17000;19.11.2016;6.1
Strømtangen Fyr;SN17000;20.11.2016;4.6
Strømtangen Fyr;SN17000;21.11.2016;4.5
Strømtangen Fyr;SN17000;22.11.2016;6.8
Strømtangen Fyr;SN17000;23.11.2016;7.2
Strømtangen Fyr;SN17000;24.11.2016;5.2
Strømtangen Fyr;SN17000;25.11.2016;6.5
Strømtangen Fyr;SN17000;26.11.2016;7.3
Strømtangen Fyr;SN17000;27.11.2016;4
Strømtangen Fyr;SN17000;28.11.2016;2
Strømtangen Fyr;SN17000;29.11.2016;2.3
Strømtangen Fyr;SN17000;30.11.2016;4.1
Strømtangen Fyr;SN17000;01.12.2016;1.9
Strømtangen Fyr;SN17000;02.12.2016;3.5
Strømtangen Fyr;SN17000;03.12.2016;1
Strømtangen Fyr;SN17000;04.12.2016;1.7
Strømtangen Fyr;SN17000;05.12.2016;5
Strømtangen Fyr;SN17000;06.12.2016;1.4
Strømtangen Fyr;SN17000;07.12.2016;5.5
Strømtangen Fyr;SN17000;08.12.2016;7.8
Strømtangen Fyr;SN17000;09.12.2016;6.8
Strømtangen Fyr;SN17000;10.12.2016;3.1
Strømtangen Fyr;SN17000;11.12.2016;0.6
Strømtangen Fyr;SN17000;12.12.2016;1.5
Strømtangen Fyr;SN17000;13.12.2016;3.3
Strømtangen Fyr;SN17000;14.12.2016;-1.3
Strømtangen Fyr;SN17000;15.12.2016;-0.5
Strømtangen Fyr;SN17000;16.12.2016;3
Strømtangen Fyr;SN17000;17.12.2016;2.1
Strømtangen Fyr;SN17000;18.12.2016;0.8
Strømtangen Fyr;SN17000;19.12.2016;3.8
Strømtangen Fyr;SN17000;20.12.2016;5.6
Strømtangen Fyr;SN17000;21.12.2016;5.1
Strømtangen Fyr;SN17000;22.12.2016;6.4
Strømtangen Fyr;SN17000;23.12.2016;5.8
Strømtangen Fyr;SN17000;24.12.2016;5.6
Strømtangen Fyr;SN17000;25.12.2016;6.2
Strømtangen Fyr;SN17000;26.12.2016;5.8
Strømtangen Fyr;SN17000;27.12.2016;4.8
Strømtangen Fyr;SN17000;28.12.2016;1.6
Strømtangen Fyr;SN17000;29.12.2016;5.5
Strømtangen Fyr;SN17000;30.12.2016;6.4
Strømtangen Fyr;SN17000;31.12.2016;6.9
Strømtangen Fyr;SN17000;01.01.2017;4
Strømtangen Fyr;SN17000;02.01.2017;0.8
Strømtangen Fyr;SN17000;03.01.2017;2.5
Strømtangen Fyr;SN17000;04.01.2017;-1.8
Strømtangen Fyr;SN17000;05.01.2017;-7.2
Strømtangen Fyr;SN17000;06.01.2017;1.4
Strømtangen Fyr;SN17000;07.01.2017;2
Strømtangen Fyr;SN17000;08.01.2017;2.7
Strømtangen Fyr;SN17000;09.01.2017;4.6
Strømtangen Fyr;SN17000;10.01.2017;4.4
Strømtangen Fyr;SN17000;11.01.2017;5.4
Strømtangen Fyr;SN17000;12.01.2017;4.9
Strømtangen Fyr;SN17000;13.01.2017;1.8
Strømtangen Fyr;SN17000;14.01.2017;-1.4
Strømtangen Fyr;SN17000;15.01.2017;-2.2
Strømtangen Fyr;SN17000;16.01.2017;-2.9
Strømtangen Fyr;SN17000;17.01.2017;2.5
Strømtangen Fyr;SN17000;18.01.2017;2.2
Strømtangen Fyr;SN17000;19.01.2017;5.5
Strømtangen Fyr;SN17000;20.01.2017;5.6
Strømtangen Fyr;SN17000;21.01.2017;1.4
Strømtangen Fyr;SN17000;22.01.2017;2.9
Strømtangen Fyr;SN17000;23.01.2017;-0.9
Strømtangen Fyr;SN17000;24.01.2017;-0.8
Strømtangen Fyr;SN17000;25.01.2017;3.6
Strømtangen Fyr;SN17000;26.01.2017;4
Strømtangen Fyr;SN17000;27.01.2017;1.1
Strømtangen Fyr;SN17000;28.01.2017;0.5
Strømtangen Fyr;SN17000;29.01.2017;1.2
Strømtangen Fyr;SN17000;30.01.2017;3
Strømtangen Fyr;SN17000;31.01.2017;1.2
Strømtangen Fyr;SN17000;01.02.2017;0.4
Strømtangen Fyr;SN17000;02.02.2017;0.4
Strømtangen Fyr;SN17000;03.02.2017;0.6
Strømtangen Fyr;SN17000;04.02.2017;0.1
Strømtangen Fyr;SN17000;05.02.2017;1
Strømtangen Fyr;SN17000;06.02.2017;0.2
Strømtangen Fyr;SN17000;07.02.2017;-4.1
Strømtangen Fyr;SN17000;08.02.2017;-5.3
Strømtangen Fyr;SN17000;09.02.2017;-4.1
Strømtangen Fyr;SN17000;10.02.2017;-1.8
Strømtangen Fyr;SN17000;11.02.2017;-1.8
Strømtangen Fyr;SN17000;12.02.2017;-2.8
Strømtangen Fyr;SN17000;13.02.2017;-1.6
Strømtangen Fyr;SN17000;14.02.2017;-3.1
Strømtangen Fyr;SN17000;15.02.2017;-1.3
Strømtangen Fyr;SN17000;16.02.2017;0.1
Strømtangen Fyr;SN17000;17.02.2017;-1.2
Strømtangen Fyr;SN17000;18.02.2017;-0.5
Strømtangen Fyr;SN17000;19.02.2017;2.8
Strømtangen Fyr;SN17000;20.02.2017;3.5
Strømtangen Fyr;SN17000;21.02.2017;3.2
Strømtangen Fyr;SN17000;22.02.2017;2.3
Strømtangen Fyr;SN17000;23.02.2017;1.1
Strømtangen Fyr;SN17000;24.02.2017;-0.5
Strømtangen Fyr;SN17000;25.02.2017;0.6
Strømtangen Fyr;SN17000;26.02.2017;0.1
Strømtangen Fyr;SN17000;27.02.2017;3.5
Strømtangen Fyr;SN17000;28.02.2017;4
Strømtangen Fyr;SN17000;01.03.2017;1.9
Strømtangen Fyr;SN17000;02.03.2017;1.4
Strømtangen Fyr;SN17000;03.03.2017;0.5
Strømtangen Fyr;SN17000;04.03.2017;1.7
Strømtangen Fyr;SN17000;05.03.2017;-0.9
Strømtangen Fyr;SN17000;06.03.2017;-0.8
Strømtangen Fyr;SN17000;07.03.2017;-2.3
Strømtangen Fyr;SN17000;08.03.2017;-1.3
Strømtangen Fyr;SN17000;09.03.2017;2.7
Strømtangen Fyr;SN17000;10.03.2017;3.2
Strømtangen Fyr;SN17000;11.03.2017;1.6
Strømtangen Fyr;SN17000;12.03.2017;3
Strømtangen Fyr;SN17000;13.03.2017;3.3
Strømtangen Fyr;SN17000;14.03.2017;4.7
Strømtangen Fyr;SN17000;15.03.2017;5.8
Strømtangen Fyr;SN17000;16.03.2017;4.3
Strømtangen Fyr;SN17000;17.03.2017;4.6
Strømtangen Fyr;SN17000;18.03.2017;3.7
Strømtangen Fyr;SN17000;19.03.2017;1.3
Strømtangen Fyr;SN17000;20.03.2017;3.1
Strømtangen Fyr;SN17000;21.03.2017;4.4
Strømtangen Fyr;SN17000;22.03.2017;4.5
Strømtangen Fyr;SN17000;23.03.2017;3.4
Strømtangen Fyr;SN17000;24.03.2017;3.7
Strømtangen Fyr;SN17000;25.03.2017;5.7
Strømtangen Fyr;SN17000;26.03.2017;5
Strømtangen Fyr;SN17000;27.03.2017;4.2
Strømtangen Fyr;SN17000;28.03.2017;5.3
Strømtangen Fyr;SN17000;29.03.2017;5.6
Strømtangen Fyr;SN17000;30.03.2017;4.9
Strømtangen Fyr;SN17000;31.03.2017;5.5
Strømtangen Fyr;SN17000;01.04.2017;5.4
Strømtangen Fyr;SN17000;02.04.2017;5.8
Strømtangen Fyr;SN17000;03.04.2017;4.4
Strømtangen Fyr;SN17000;04.04.2017;5.4
Strømtangen Fyr;SN17000;05.04.2017;7.2
Strømtangen Fyr;SN17000;06.04.2017;6
Strømtangen Fyr;SN17000;07.04.2017;10
Strømtangen Fyr;SN17000;08.04.2017;7.1
Strømtangen Fyr;SN17000;09.04.2017;6.8
Strømtangen Fyr;SN17000;10.04.2017;8.5
Strømtangen Fyr;SN17000;11.04.2017;6.5
Strømtangen Fyr;SN17000;12.04.2017;5.9
Strømtangen Fyr;SN17000;13.04.2017;4.6
Strømtangen Fyr;SN17000;14.04.2017;2.4
Strømtangen Fyr;SN17000;15.04.2017;1.8
Strømtangen Fyr;SN17000;16.04.2017;2.5
Strømtangen Fyr;SN17000;17.04.2017;3.6
Strømtangen Fyr;SN17000;18.04.2017;3.1
Strømtangen Fyr;SN17000;19.04.2017;5.2
Strømtangen Fyr;SN17000;20.04.2017;7.1
Strømtangen Fyr;SN17000;21.04.2017;7.6
Strømtangen Fyr;SN17000;22.04.2017;7.7
Strømtangen Fyr;SN17000;23.04.2017;6.3
Strømtangen Fyr;SN17000;24.04.2017;4.4
Strømtangen Fyr;SN17000;25.04.2017;3.8
Strømtangen Fyr;SN17000;26.04.2017;5.4
Strømtangen Fyr;SN17000;27.04.2017;4.1
Strømtangen Fyr;SN17000;28.04.2017;4
Strømtangen Fyr;SN17000;29.04.2017;6.7
Strømtangen Fyr;SN17000;30.04.2017;5.9
Strømtangen Fyr;SN17000;01.05.2017;8.3
Strømtangen Fyr;SN17000;02.05.2017;10.7
Strømtangen Fyr;SN17000;03.05.2017;11.9
Strømtangen Fyr;SN17000;04.05.2017;11.1
Strømtangen Fyr;SN17000;05.05.2017;11.7
Strømtangen Fyr;SN17000;06.05.2017;14.4
Strømtangen Fyr;SN17000;07.05.2017;9.7
Strømtangen Fyr;SN17000;08.05.2017;7.1
Strømtangen Fyr;SN17000;09.05.2017;6.6
Strømtangen Fyr;SN17000;10.05.2017;4.4
Strømtangen Fyr;SN17000;11.05.2017;4.9
Strømtangen Fyr;SN17000;12.05.2017;8
Strømtangen Fyr;SN17000;13.05.2017;8.6
Strømtangen Fyr;SN17000;14.05.2017;8.9
Strømtangen Fyr;SN17000;15.05.2017;8.9
Strømtangen Fyr;SN17000;16.05.2017;9.5
Strømtangen Fyr;SN17000;17.05.2017;10.1
Strømtangen Fyr;SN17000;18.05.2017;12.8
Strømtangen Fyr;SN17000;19.05.2017;13.2
Strømtangen Fyr;SN17000;20.05.2017;15.7
Strømtangen Fyr;SN17000;21.05.2017;11.4
Strømtangen Fyr;SN17000;22.05.2017;11.5
Strømtangen Fyr;SN17000;23.05.2017;12
Strømtangen Fyr;SN17000;24.05.2017;12.7
Strømtangen Fyr;SN17000;25.05.2017;14.9
Strømtangen Fyr;SN17000;26.05.2017;15.1
Strømtangen Fyr;SN17000;27.05.2017;13.9
Strømtangen Fyr;SN17000;28.05.2017;14.4
Strømtangen Fyr;SN17000;29.05.2017;13.7
Strømtangen Fyr;SN17000;30.05.2017;12.7
Strømtangen Fyr;SN17000;31.05.2017;14.1
Strømtangen Fyr;SN17000;01.06.2017;11.9
Strømtangen Fyr;SN17000;02.06.2017;10.9
Strømtangen Fyr;SN17000;03.06.2017;11.9
Strømtangen Fyr;SN17000;04.06.2017;12.9
Strømtangen Fyr;SN17000;05.06.2017;13.2
Strømtangen Fyr;SN17000;06.06.2017;15.5
Strømtangen Fyr;SN17000;07.06.2017;13.7
Strømtangen Fyr;SN17000;08.06.2017;13
Strømtangen Fyr;SN17000;09.06.2017;13.5
Strømtangen Fyr;SN17000;10.06.2017;14.1
Strømtangen Fyr;SN17000;11.06.2017;13.6
Strømtangen Fyr;SN17000;12.06.2017;14.6
Strømtangen Fyr;SN17000;13.06.2017;17.1
Strømtangen Fyr;SN17000;14.06.2017;15.7
Strømtangen Fyr;SN17000;15.06.2017;15.1
Strømtangen Fyr;SN17000;16.06.2017;15.9
Strømtangen Fyr;SN17000;17.06.2017;16.9
Strømtangen Fyr;SN17000;18.06.2017;17.6
Strømtangen Fyr;SN17000;19.06.2017;16.8
Strømtangen Fyr;SN17000;20.06.2017;16.5
Strømtangen Fyr;SN17000;21.06.2017;14.7
Strømtangen Fyr;SN17000;22.06.2017;15
Strømtangen Fyr;SN17000;23.06.2017;14.7
Strømtangen Fyr;SN17000;24.06.2017;15.5
Strømtangen Fyr;SN17000;25.06.2017;13.9
Strømtangen Fyr;SN17000;26.06.2017;15.4
Strømtangen Fyr;SN17000;27.06.2017;14.2
Strømtangen Fyr;SN17000;28.06.2017;17
Strømtangen Fyr;SN17000;29.06.2017;18.2
Strømtangen Fyr;SN17000;30.06.2017;19.3
Strømtangen Fyr;SN17000;01.07.2017;18.6
Strømtangen Fyr;SN17000;02.07.2017;17
Strømtangen Fyr;SN17000;03.07.2017;15.7
Strømtangen Fyr;SN17000;04.07.2017;15.1
Strømtangen Fyr;SN17000;05.07.2017;16
Strømtangen Fyr;SN17000;06.07.2017;15.1
Strømtangen Fyr;SN17000;07.07.2017;15.4
Strømtangen Fyr;SN17000;08.07.2017;16.5
Strømtangen Fyr;SN17000;09.07.2017;15.7
Strømtangen Fyr;SN17000;10.07.2017;15.7
Strømtangen Fyr;SN17000;11.07.2017;16.1
Strømtangen Fyr;SN17000;12.07.2017;16.2
Strømtangen Fyr;SN17000;13.07.2017;15.7
Strømtangen Fyr;SN17000;14.07.2017;15.8
Strømtangen Fyr;SN17000;15.07.2017;16.6
Strømtangen Fyr;SN17000;16.07.2017;16.6
Strømtangen Fyr;SN17000;17.07.2017;16.4
Strømtangen Fyr;SN17000;18.07.2017;16.8
Strømtangen Fyr;SN17000;19.07.2017;17.1
Strømtangen Fyr;SN17000;20.07.2017;19.2
Strømtangen Fyr;SN17000;21.07.2017;17.8
Strømtangen Fyr;SN17000;22.07.2017;18.5
Strømtangen Fyr;SN17000;23.07.2017;20.3
Strømtangen Fyr;SN17000;24.07.2017;18.9
Strømtangen Fyr;SN17000;25.07.2017;20.1
Strømtangen Fyr;SN17000;26.07.2017;19
Strømtangen Fyr;SN17000;27.07.2017;17.3
Strømtangen Fyr;SN17000;28.07.2017;16.8
Strømtangen Fyr;SN17000;29.07.2017;16.6
Strømtangen Fyr;SN17000;30.07.2017;16.9
Strømtangen Fyr;SN17000;31.07.2017;16.8
Strømtangen Fyr;SN17000;01.08.2017;16.9
Strømtangen Fyr;SN17000;02.08.2017;16.5
Strømtangen Fyr;SN17000;03.08.2017;16.6
Strømtangen Fyr;SN17000;04.08.2017;16.8
Strømtangen Fyr;SN17000;05.08.2017;17
Strømtangen Fyr;SN17000;06.08.2017;17.6
Strømtangen Fyr;SN17000;07.08.2017;15.6
Strømtangen Fyr;SN17000;08.08.2017;17
Strømtangen Fyr;SN17000;09.08.2017;16
Strømtangen Fyr;SN17000;10.08.2017;17.2
Strømtangen Fyr;SN17000;11.08.2017;16.9
Strømtangen Fyr;SN17000;12.08.2017;16.5
Strømtangen Fyr;SN17000;13.08.2017;15.8
Strømtangen Fyr;SN17000;14.08.2017;15.6
Strømtangen Fyr;SN17000;15.08.2017;16.7
Strømtangen Fyr;SN17000;16.08.2017;17.2
Strømtangen Fyr;SN17000;17.08.2017;17
Strømtangen Fyr;SN17000;18.08.2017;17
Strømtangen Fyr;SN17000;19.08.2017;16.1
Strømtangen Fyr;SN17000;20.08.2017;15.7
Strømtangen Fyr;SN17000;21.08.2017;16.1
Strømtangen Fyr;SN17000;22.08.2017;14.8
Strømtangen Fyr;SN17000;23.08.2017;14.3
Strømtangen Fyr;SN17000;24.08.2017;15.7
Strømtangen Fyr;SN17000;25.08.2017;15.1
Strømtangen Fyr;SN17000;26.08.2017;15.2
Strømtangen Fyr;SN17000;27.08.2017;15.9
Strømtangen Fyr;SN17000;28.08.2017;16.7
Strømtangen Fyr;SN17000;29.08.2017;17
Strømtangen Fyr;SN17000;30.08.2017;15.6
Strømtangen Fyr;SN17000;31.08.2017;14
Strømtangen Fyr;SN17000;01.09.2017;13.7
Strømtangen Fyr;SN17000;02.09.2017;13.7
Strømtangen Fyr;SN17000;03.09.2017;14.9
Strømtangen Fyr;SN17000;04.09.2017;12.4
Strømtangen Fyr;SN17000;05.09.2017;14.3
Strømtangen Fyr;SN17000;06.09.2017;14
Strømtangen Fyr;SN17000;07.09.2017;12.5
Strømtangen Fyr;SN17000;08.09.2017;12.7
Strømtangen Fyr;SN17000;09.09.2017;14.3
Strømtangen Fyr;SN17000;10.09.2017;14.8
Strømtangen Fyr;SN17000;11.09.2017;14.7
Strømtangen Fyr;SN17000;12.09.2017;14.9
Strømtangen Fyr;SN17000;13.09.2017;13.6
Strømtangen Fyr;SN17000;14.09.2017;12.5
Strømtangen Fyr;SN17000;15.09.2017;13.7
Strømtangen Fyr;SN17000;16.09.2017;13.4
Strømtangen Fyr;SN17000;17.09.2017;12.8
Strømtangen Fyr;SN17000;18.09.2017;12.9
Strømtangen Fyr;SN17000;19.09.2017;12.3
Strømtangen Fyr;SN17000;20.09.2017;10.9
Strømtangen Fyr;SN17000;21.09.2017;10.5
Strømtangen Fyr;SN17000;22.09.2017;12.3
Strømtangen Fyr;SN17000;23.09.2017;12.6
Strømtangen Fyr;SN17000;24.09.2017;13.9
Strømtangen Fyr;SN17000;25.09.2017;14.1
Strømtangen Fyr;SN17000;26.09.2017;13.8
Strømtangen Fyr;SN17000;27.09.2017;14
Strømtangen Fyr;SN17000;28.09.2017;13.9
Strømtangen Fyr;SN17000;29.09.2017;12.7
Strømtangen Fyr;SN17000;30.09.2017;12.8
Strømtangen Fyr;SN17000;01.10.2017;12.3
Strømtangen Fyr;SN17000;02.10.2017;13.4
Strømtangen Fyr;SN17000;03.10.2017;13.8
Strømtangen Fyr;SN17000;04.10.2017;11.7
Strømtangen Fyr;SN17000;05.10.2017;9.9
Strømtangen Fyr;SN17000;06.10.2017;11.3
Strømtangen Fyr;SN17000;07.10.2017;9.8
Strømtangen Fyr;SN17000;08.10.2017;8.9
Strømtangen Fyr;SN17000;09.10.2017;8.1
Strømtangen Fyr;SN17000;10.10.2017;5.8
Strømtangen Fyr;SN17000;11.10.2017;9.7
Strømtangen Fyr;SN17000;12.10.2017;11.8
Strømtangen Fyr;SN17000;13.10.2017;10.7
Strømtangen Fyr;SN17000;14.10.2017;13.6
Strømtangen Fyr;SN17000;15.10.2017;13.1
Strømtangen Fyr;SN17000;16.10.2017;13.1
Strømtangen Fyr;SN17000;17.10.2017;12.8
Strømtangen Fyr;SN17000;18.10.2017;7.8
Strømtangen Fyr;SN17000;19.10.2017;6.7
Strømtangen Fyr;SN17000;20.10.2017;8.7
Strømtangen Fyr;SN17000;21.10.2017;9.4
Strømtangen Fyr;SN17000;22.10.2017;7.4
Strømtangen Fyr;SN17000;23.10.2017;5.8
Strømtangen Fyr;SN17000;24.10.2017;6.4
Strømtangen Fyr;SN17000;25.10.2017;7.9
Strømtangen Fyr;SN17000;26.10.2017;9.4
Strømtangen Fyr;SN17000;27.10.2017;8.3
Strømtangen Fyr;SN17000;28.10.2017;10.8
Strømtangen Fyr;SN17000;29.10.2017;7.2
Strømtangen Fyr;SN17000;30.10.2017;5.8
Strømtangen Fyr;SN17000;31.10.2017;7.9
Strømtangen Fyr;SN17000;01.11.2017;10
Strømtangen Fyr;SN17000;02.11.2017;8.3
Strømtangen Fyr;SN17000;03.11.2017;8.8
Strømtangen Fyr;SN17000;04.11.2017;9.4
Strømtangen Fyr;SN17000;05.11.2017;9.2
Strømtangen Fyr;SN17000;06.11.2017;5.7
Strømtangen Fyr;SN17000;07.11.2017;8.6
Strømtangen Fyr;SN17000;08.11.2017;8.3
Strømtangen Fyr;SN17000;09.11.2017;9.2
Strømtangen Fyr;SN17000;10.11.2017;6.2
Strømtangen Fyr;SN17000;11.11.2017;5.3
Strømtangen Fyr;SN17000;12.11.2017;2.8
Strømtangen Fyr;SN17000;13.11.2017;3.1
Strømtangen Fyr;SN17000;14.11.2017;3.5
Strømtangen Fyr;SN17000;15.11.2017;7.2
Strømtangen Fyr;SN17000;16.11.2017;6.7
Strømtangen Fyr;SN17000;17.11.2017;7.9
Strømtangen Fyr;SN17000;18.11.2017;6
Strømtangen Fyr;SN17000;19.11.2017;0.8
Strømtangen Fyr;SN17000;20.11.2017;-1
Strømtangen Fyr;SN17000;21.11.2017;-1.9
Strømtangen Fyr;SN17000;22.11.2017;1.5
Strømtangen Fyr;SN17000;23.11.2017;9.3
Strømtangen Fyr;SN17000;24.11.2017;6.8
Strømtangen Fyr;SN17000;25.11.2017;6
Strømtangen Fyr;SN17000;26.11.2017;5.2
Strømtangen Fyr;SN17000;27.11.2017;2.3
Strømtangen Fyr;SN17000;28.11.2017;0.7
Strømtangen Fyr;SN17000;29.11.2017;0.4
Strømtangen Fyr;SN17000;30.11.2017;-0.3
Strømtangen Fyr;SN17000;01.12.2017;-0.7
Strømtangen Fyr;SN17000;02.12.2017;2.8
Strømtangen Fyr;SN17000;03.12.2017;5
Strømtangen Fyr;SN17000;04.12.2017;0.2
Strømtangen Fyr;SN17000;05.12.2017;5.7
Strømtangen Fyr;SN17000;06.12.2017;3
Strømtangen Fyr;SN17000;07.12.2017;8.1
Strømtangen Fyr;SN17000;08.12.2017;6.4
Strømtangen Fyr;SN17000;09.12.2017;4.9
Strømtangen Fyr;SN17000;10.12.2017;-1.9
Strømtangen Fyr;SN17000;11.12.2017;-0.9
Strømtangen Fyr;SN17000;12.12.2017;-2.7
Strømtangen Fyr;SN17000;13.12.2017;1.3
Strømtangen Fyr;SN17000;14.12.2017;1.1
Strømtangen Fyr;SN17000;15.12.2017;-0.3
Strømtangen Fyr;SN17000;16.12.2017;-1.4
Strømtangen Fyr;SN17000;17.12.2017;-0.9
Strømtangen Fyr;SN17000;18.12.2017;3
Strømtangen Fyr;SN17000;19.12.2017;1.5
Strømtangen Fyr;SN17000;20.12.2017;3.9
Strømtangen Fyr;SN17000;21.12.2017;3.1
Strømtangen Fyr;SN17000;22.12.2017;5
Strømtangen Fyr;SN17000;23.12.2017;7.1
Strømtangen Fyr;SN17000;24.12.2017;4.2
Strømtangen Fyr;SN17000;25.12.2017;5
Strømtangen Fyr;SN17000;26.12.2017;5.4
Strømtangen Fyr;SN17000;27.12.2017;4.7
Strømtangen Fyr;SN17000;28.12.2017;2.6
Strømtangen Fyr;SN17000;29.12.2017;1.6
Strømtangen Fyr;SN17000;30.12.2017;-0.1
Strømtangen Fyr;SN17000;31.12.2017;0.5
Strømtangen Fyr;SN17000;01.01.2018;5.7
Strømtangen Fyr;SN17000;02.01.2018;1.7
Strømtangen Fyr;SN17000;03.01.2018;2.1
Strømtangen Fyr;SN17000;04.01.2018;2.2
Strømtangen Fyr;SN17000;05.01.2018;-0.3
Strømtangen Fyr;SN17000;06.01.2018;-1.7
Strømtangen Fyr;SN17000;07.01.2018;1
Strømtangen Fyr;SN17000;08.01.2018;2.6
Strømtangen Fyr;SN17000;09.01.2018;-1.5
Strømtangen Fyr;SN17000;10.01.2018;-1.5
Strømtangen Fyr;SN17000;11.01.2018;-1.1
Strømtangen Fyr;SN17000;12.01.2018;-1.7
Strømtangen Fyr;SN17000;13.01.2018;-0.9
Strømtangen Fyr;SN17000;14.01.2018;-1.1
Strømtangen Fyr;SN17000;15.01.2018;-0.2
Strømtangen Fyr;SN17000;16.01.2018;1.2
Strømtangen Fyr;SN17000;17.01.2018;-0.5
Strømtangen Fyr;SN17000;18.01.2018;-2.1
Strømtangen Fyr;SN17000;19.01.2018;-1.3
Strømtangen Fyr;SN17000;20.01.2018;-1.1
Strømtangen Fyr;SN17000;21.01.2018;-0.9
Strømtangen Fyr;SN17000;22.01.2018;-1.6
Strømtangen Fyr;SN17000;23.01.2018;1.4
Strømtangen Fyr;SN17000;24.01.2018;4.8
Strømtangen Fyr;SN17000;25.01.2018;4.6
Strømtangen Fyr;SN17000;26.01.2018;2
Strømtangen Fyr;SN17000;27.01.2018;-1.5
Strømtangen Fyr;SN17000;28.01.2018;3.3
Strømtangen Fyr;SN17000;29.01.2018;1.2
Strømtangen Fyr;SN17000;30.01.2018;1.3
Strømtangen Fyr;SN17000;31.01.2018;2.7
Strømtangen Fyr;SN17000;01.02.2018;2.1
Strømtangen Fyr;SN17000;02.02.2018;-5.2
Strømtangen Fyr;SN17000;03.02.2018;-6.3
Strømtangen Fyr;SN17000;04.02.2018;-6.8
Strømtangen Fyr;SN17000;05.02.2018;-5.3
Strømtangen Fyr;SN17000;06.02.2018;-4.1
Strømtangen Fyr;SN17000;07.02.2018;-1.3
Strømtangen Fyr;SN17000;08.02.2018;1
Strømtangen Fyr;SN17000;09.02.2018;1.2
Strømtangen Fyr;SN17000;10.02.2018;-0.1
Strømtangen Fyr;SN17000;11.02.2018;-0.4
Strømtangen Fyr;SN17000;12.02.2018;0.6
Strømtangen Fyr;SN17000;13.02.2018;0
Strømtangen Fyr;SN17000;14.02.2018;1.9
Strømtangen Fyr;SN17000;15.02.2018;0.8
Strømtangen Fyr;SN17000;16.02.2018;-0.5
Strømtangen Fyr;SN17000;17.02.2018;-1.4
Strømtangen Fyr;SN17000;18.02.2018;1.3
Strømtangen Fyr;SN17000;19.02.2018;0
Strømtangen Fyr;SN17000;20.02.2018;-2.4
Strømtangen Fyr;SN17000;21.02.2018;-1.6
Strømtangen Fyr;SN17000;22.02.2018;-2.9
Strømtangen Fyr;SN17000;23.02.2018;-1.6
Strømtangen Fyr;SN17000;24.02.2018;-2.7
Strømtangen Fyr;SN17000;25.02.2018;-5.7
Strømtangen Fyr;SN17000;26.02.2018;-7.7
Strømtangen Fyr;SN17000;27.02.2018;-8.3
Strømtangen Fyr;SN17000;28.02.2018;-10.2
Strømtangen Fyr;SN17000;01.03.2018;-9.3
Strømtangen Fyr;SN17000;02.03.2018;-6.8
Strømtangen Fyr;SN17000;03.03.2018;-4.5
Strømtangen Fyr;SN17000;04.03.2018;-2.9
Strømtangen Fyr;SN17000;05.03.2018;-3
Strømtangen Fyr;SN17000;06.03.2018;-1.9
Strømtangen Fyr;SN17000;07.03.2018;-0.1
Strømtangen Fyr;SN17000;08.03.2018;-1.6
Strømtangen Fyr;SN17000;09.03.2018;-2.3
Strømtangen Fyr;SN17000;10.03.2018;-2
Strømtangen Fyr;SN17000;11.03.2018;-1.6
Strømtangen Fyr;SN17000;12.03.2018;0.3
Strømtangen Fyr;SN17000;13.03.2018;1.2
Strømtangen Fyr;SN17000;14.03.2018;-0.3
Strømtangen Fyr;SN17000;15.03.2018;-2
Strømtangen Fyr;SN17000;16.03.2018;-4.8
Strømtangen Fyr;SN17000;17.03.2018;-5.3
Strømtangen Fyr;SN17000;18.03.2018;-3.6
Strømtangen Fyr;SN17000;19.03.2018;-0.4
Strømtangen Fyr;SN17000;20.03.2018;1.7
Strømtangen Fyr;SN17000;21.03.2018;1.5
Strømtangen Fyr;SN17000;22.03.2018;-0.8
Strømtangen Fyr;SN17000;23.03.2018;0.3
Strømtangen Fyr;SN17000;24.03.2018;1.8
Strømtangen Fyr;SN17000;25.03.2018;1.5
Strømtangen Fyr;SN17000;26.03.2018;-0.1
Strømtangen Fyr;SN17000;27.03.2018;-0.7
Strømtangen Fyr;SN17000;28.03.2018;-1.3
Strømtangen Fyr;SN17000;29.03.2018;-0.4
Strømtangen Fyr;SN17000;30.03.2018;-0.6
Strømtangen Fyr;SN17000;31.03.2018;0
Strømtangen Fyr;SN17000;01.04.2018;0.9
Strømtangen Fyr;SN17000;02.04.2018;0.3
Strømtangen Fyr;SN17000;03.04.2018;0.7
Strømtangen Fyr;SN17000;04.04.2018;2.8
Strømtangen Fyr;SN17000;05.04.2018;3.5
Strømtangen Fyr;SN17000;06.04.2018;4.2
Strømtangen Fyr;SN17000;07.04.2018;3.6
Strømtangen Fyr;SN17000;08.04.2018;4.5
Strømtangen Fyr;SN17000;09.04.2018;4.3
Strømtangen Fyr;SN17000;10.04.2018;4.6
Strømtangen Fyr;SN17000;11.04.2018;5
Strømtangen Fyr;SN17000;12.04.2018;6.3
Strømtangen Fyr;SN17000;13.04.2018;8.1
Strømtangen Fyr;SN17000;14.04.2018;11.3
Strømtangen Fyr;SN17000;15.04.2018;8.5
Strømtangen Fyr;SN17000;16.04.2018;6.2
Strømtangen Fyr;SN17000;17.04.2018;5.2
Strømtangen Fyr;SN17000;18.04.2018;5.8
Strømtangen Fyr;SN17000;19.04.2018;5.8
Strømtangen Fyr;SN17000;20.04.2018;6.2
Strømtangen Fyr;SN17000;21.04.2018;8.9
Strømtangen Fyr;SN17000;22.04.2018;6.5
Strømtangen Fyr;SN17000;23.04.2018;6.6
Strømtangen Fyr;SN17000;24.04.2018;6.3
Strømtangen Fyr;SN17000;25.04.2018;6.8
Strømtangen Fyr;SN17000;26.04.2018;6.4
Strømtangen Fyr;SN17000;27.04.2018;6.9
Strømtangen Fyr;SN17000;28.04.2018;6.6
Strømtangen Fyr;SN17000;29.04.2018;6.3
Strømtangen Fyr;SN17000;30.04.2018;7.5
Strømtangen Fyr;SN17000;01.05.2018;6.2
Strømtangen Fyr;SN17000;02.05.2018;7.7
Strømtangen Fyr;SN17000;03.05.2018;8.3
Strømtangen Fyr;SN17000;04.05.2018;7.7
Strømtangen Fyr;SN17000;05.05.2018;8.9
Strømtangen Fyr;SN17000;06.05.2018;9.9
Strømtangen Fyr;SN17000;07.05.2018;10.7
Strømtangen Fyr;SN17000;08.05.2018;12.7
Strømtangen Fyr;SN17000;09.05.2018;14.8
Strømtangen Fyr;SN17000;10.05.2018;15.5
Strømtangen Fyr;SN17000;11.05.2018;12
Strømtangen Fyr;SN17000;12.05.2018;11.6
Strømtangen Fyr;SN17000;13.05.2018;16.1
Strømtangen Fyr;SN17000;14.05.2018;17.8
Strømtangen Fyr;SN17000;15.05.2018;16.7
Strømtangen Fyr;SN17000;16.05.2018;15.5
Strømtangen Fyr;SN17000;17.05.2018;13.6
Strømtangen Fyr;SN17000;18.05.2018;13.3
Strømtangen Fyr;SN17000;19.05.2018;12.8
Strømtangen Fyr;SN17000;20.05.2018;13.8
Strømtangen Fyr;SN17000;21.05.2018;14.2
Strømtangen Fyr;SN17000;22.05.2018;14.6
Strømtangen Fyr;SN17000;23.05.2018;15.8
Strømtangen Fyr;SN17000;24.05.2018;16.4
Strømtangen Fyr;SN17000;25.05.2018;17.9
Strømtangen Fyr;SN17000;26.05.2018;20.3
Strømtangen Fyr;SN17000;27.05.2018;19.8
Strømtangen Fyr;SN17000;28.05.2018;16.4
Strømtangen Fyr;SN17000;29.05.2018;19.1
Strømtangen Fyr;SN17000;30.05.2018;22
Strømtangen Fyr;SN17000;31.05.2018;21.2
Strømtangen Fyr;SN17000;01.06.2018;18.7
Strømtangen Fyr;SN17000;02.06.2018;19.4
Strømtangen Fyr;SN17000;03.06.2018;19.9
Strømtangen Fyr;SN17000;04.06.2018;20.9
Strømtangen Fyr;SN17000;05.06.2018;14.1
Strømtangen Fyr;SN17000;06.06.2018;15.2
Strømtangen Fyr;SN17000;07.06.2018;18.6
Strømtangen Fyr;SN17000;08.06.2018;18.9
Strømtangen Fyr;SN17000;09.06.2018;18.4
Strømtangen Fyr;SN17000;10.06.2018;18.2
Strømtangen Fyr;SN17000;11.06.2018;16.3
Strømtangen Fyr;SN17000;12.06.2018;17.1
Strømtangen Fyr;SN17000;13.06.2018;17.4
Strømtangen Fyr;SN17000;14.06.2018;15.6
Strømtangen Fyr;SN17000;15.06.2018;14.5
Strømtangen Fyr;SN17000;16.06.2018;14.6
Strømtangen Fyr;SN17000;17.06.2018;15.1
Strømtangen Fyr;SN17000;18.06.2018;14.9
Strømtangen Fyr;SN17000;19.06.2018;15.7
Strømtangen Fyr;SN17000;20.06.2018;12.2
Strømtangen Fyr;SN17000;21.06.2018;13.5
Strømtangen Fyr;SN17000;22.06.2018;14.7
Strømtangen Fyr;SN17000;23.06.2018;15.1
Strømtangen Fyr;SN17000;24.06.2018;17.1
Strømtangen Fyr;SN17000;25.06.2018;20
Strømtangen Fyr;SN17000;26.06.2018;19
Strømtangen Fyr;SN17000;27.06.2018;19.2
Strømtangen Fyr;SN17000;28.06.2018;20
Strømtangen Fyr;SN17000;29.06.2018;18.4
Strømtangen Fyr;SN17000;30.06.2018;16.7
Strømtangen Fyr;SN17000;01.07.2018;17.8
Strømtangen Fyr;SN17000;02.07.2018;18.9
Strømtangen Fyr;SN17000;03.07.2018;19.3
Strømtangen Fyr;SN17000;04.07.2018;19.6
Strømtangen Fyr;SN17000;05.07.2018;17
Strømtangen Fyr;SN17000;06.07.2018;19
Strømtangen Fyr;SN17000;07.07.2018;19.7
Strømtangen Fyr;SN17000;08.07.2018;19.3
Strømtangen Fyr;SN17000;09.07.2018;19.5
Strømtangen Fyr;SN17000;10.07.2018;22
Strømtangen Fyr;SN17000;11.07.2018;22.4
Strømtangen Fyr;SN17000;12.07.2018;21.9
Strømtangen Fyr;SN17000;13.07.2018;20.5
Strømtangen Fyr;SN17000;14.07.2018;18
Strømtangen Fyr;SN17000;15.07.2018;18.2
Strømtangen Fyr;SN17000;16.07.2018;19.6
Strømtangen Fyr;SN17000;17.07.2018;23.7
Strømtangen Fyr;SN17000;18.07.2018;21.4
Strømtangen Fyr;SN17000;19.07.2018;19.8
Strømtangen Fyr;SN17000;20.07.2018;19
Strømtangen Fyr;SN17000;21.07.2018;19.4
Strømtangen Fyr;SN17000;22.07.2018;19.2
Strømtangen Fyr;SN17000;23.07.2018;19.9
Strømtangen Fyr;SN17000;24.07.2018;19.3
Strømtangen Fyr;SN17000;25.07.2018;19.6
Strømtangen Fyr;SN17000;26.07.2018;20.4
Strømtangen Fyr;SN17000;27.07.2018;23.5
Strømtangen Fyr;SN17000;28.07.2018;24.6
Strømtangen Fyr;SN17000;29.07.2018;20.7
Strømtangen Fyr;SN17000;30.07.2018;20.9
Strømtangen Fyr;SN17000;31.07.2018;23
Strømtangen Fyr;SN17000;01.08.2018;20.2
Strømtangen Fyr;SN17000;02.08.2018;20.5
Strømtangen Fyr;SN17000;03.08.2018;20.5
Strømtangen Fyr;SN17000;04.08.2018;21.2
Strømtangen Fyr;SN17000;05.08.2018;20.3
Strømtangen Fyr;SN17000;06.08.2018;17.2
Strømtangen Fyr;SN17000;07.08.2018;18.9
Strømtangen Fyr;SN17000;08.08.2018;20.3
Strømtangen Fyr;SN17000;09.08.2018;19
Strømtangen Fyr;SN17000;10.08.2018;17.9
Strømtangen Fyr;SN17000;11.08.2018;15.3
Strømtangen Fyr;SN17000;12.08.2018;15.4
Strømtangen Fyr;SN17000;13.08.2018;16.4
Strømtangen Fyr;SN17000;14.08.2018;15
Strømtangen Fyr;SN17000;15.08.2018;16.4
Strømtangen Fyr;SN17000;16.08.2018;18.7
Strømtangen Fyr;SN17000;17.08.2018;17.6
Strømtangen Fyr;SN17000;18.08.2018;17.1
Strømtangen Fyr;SN17000;19.08.2018;16.8
Strømtangen Fyr;SN17000;20.08.2018;16.2
Strømtangen Fyr;SN17000;21.08.2018;15.8
Strømtangen Fyr;SN17000;22.08.2018;17.4
Strømtangen Fyr;SN17000;23.08.2018;17
Strømtangen Fyr;SN17000;24.08.2018;15.9
Strømtangen Fyr;SN17000;25.08.2018;14.9
Strømtangen Fyr;SN17000;26.08.2018;15.1
Strømtangen Fyr;SN17000;27.08.2018;14.7
Strømtangen Fyr;SN17000;28.08.2018;15.2
Strømtangen Fyr;SN17000;29.08.2018;15
Strømtangen Fyr;SN17000;30.08.2018;15.8
Strømtangen Fyr;SN17000;31.08.2018;14.7
Strømtangen Fyr;SN17000;01.09.2018;15.8
Strømtangen Fyr;SN17000;02.09.2018;16.5
Strømtangen Fyr;SN17000;03.09.2018;16.6
Strømtangen Fyr;SN17000;04.09.2018;15.7
Strømtangen Fyr;SN17000;05.09.2018;16.7
Strømtangen Fyr;SN17000;06.09.2018;16.4
Strømtangen Fyr;SN17000;07.09.2018;16.9
Strømtangen Fyr;SN17000;08.09.2018;15.2
Strømtangen Fyr;SN17000;09.09.2018;15.8
Strømtangen Fyr;SN17000;10.09.2018;16.1
Strømtangen Fyr;SN17000;11.09.2018;15.5
Strømtangen Fyr;SN17000;12.09.2018;15.3
Strømtangen Fyr;SN17000;13.09.2018;14.3
Strømtangen Fyr;SN17000;14.09.2018;14.2
Strømtangen Fyr;SN17000;15.09.2018;14
Strømtangen Fyr;SN17000;16.09.2018;13.1
Strømtangen Fyr;SN17000;17.09.2018;14.6
Strømtangen Fyr;SN17000;18.09.2018;16.3
Strømtangen Fyr;SN17000;19.09.2018;16.4
Strømtangen Fyr;SN17000;20.09.2018;14.7
Strømtangen Fyr;SN17000;21.09.2018;13.8
Strømtangen Fyr;SN17000;22.09.2018;13.1
Strømtangen Fyr;SN17000;23.09.2018;12.6
Strømtangen Fyr;SN17000;24.09.2018;10.7
Strømtangen Fyr;SN17000;25.09.2018;11.2
Strømtangen Fyr;SN17000;26.09.2018;14.7
Strømtangen Fyr;SN17000;27.09.2018;12.2
Strømtangen Fyr;SN17000;28.09.2018;10.4
Strømtangen Fyr;SN17000;29.09.2018;11.5
Strømtangen Fyr;SN17000;30.09.2018;12.6
Strømtangen Fyr;SN17000;01.10.2018;9.3
Strømtangen Fyr;SN17000;02.10.2018;7.1
Strømtangen Fyr;SN17000;03.10.2018;8.9
Strømtangen Fyr;SN17000;04.10.2018;9.7
Strømtangen Fyr;SN17000;05.10.2018;12.4
Strømtangen Fyr;SN17000;06.10.2018;9.7
Strømtangen Fyr;SN17000;07.10.2018;8.1
Strømtangen Fyr;SN17000;08.10.2018;12.5
Strømtangen Fyr;SN17000;09.10.2018;13.3
Strømtangen Fyr;SN17000;10.10.2018;12.8
Strømtangen Fyr;SN17000;11.10.2018;12.6
Strømtangen Fyr;SN17000;12.10.2018;12.3
Strømtangen Fyr;SN17000;13.10.2018;15
Strømtangen Fyr;SN17000;14.10.2018;14.7
Strømtangen Fyr;SN17000;15.10.2018;12.9
Strømtangen Fyr;SN17000;16.10.2018;8.8
Strømtangen Fyr;SN17000;17.10.2018;12.4
Strømtangen Fyr;SN17000;18.10.2018;11.1
Strømtangen Fyr;SN17000;19.10.2018;7.9
Strømtangen Fyr;SN17000;20.10.2018;9.8
Strømtangen Fyr;SN17000;21.10.2018;12.5
Strømtangen Fyr;SN17000;22.10.2018;10.6
Strømtangen Fyr;SN17000;23.10.2018;10.7
Strømtangen Fyr;SN17000;24.10.2018;8.1
Strømtangen Fyr;SN17000;25.10.2018;8.7
Strømtangen Fyr;SN17000;26.10.2018;3.8
Strømtangen Fyr;SN17000;27.10.2018;2.1
Strømtangen Fyr;SN17000;28.10.2018;0.9
Strømtangen Fyr;SN17000;29.10.2018;1
Strømtangen Fyr;SN17000;30.10.2018;3.4
Strømtangen Fyr;SN17000;31.10.2018;9
Strømtangen Fyr;SN17000;01.11.2018;8.6
Strømtangen Fyr;SN17000;02.11.2018;8.6
Strømtangen Fyr;SN17000;03.11.2018;7.9
Strømtangen Fyr;SN17000;04.11.2018;8.8
Strømtangen Fyr;SN17000;05.11.2018;7.7
Strømtangen Fyr;SN17000;06.11.2018;7.9
Strømtangen Fyr;SN17000;07.11.2018;8.6
Strømtangen Fyr;SN17000;08.11.2018;8.4
Strømtangen Fyr;SN17000;09.11.2018;8.3
Strømtangen Fyr;SN17000;10.11.2018;8.5
Strømtangen Fyr;SN17000;11.11.2018;9.5
Strømtangen Fyr;SN17000;12.11.2018;9.9
Strømtangen Fyr;SN17000;13.11.2018;9
Strømtangen Fyr;SN17000;14.11.2018;7.6
Strømtangen Fyr;SN17000;15.11.2018;9.8
Strømtangen Fyr;SN17000;16.11.2018;9
Strømtangen Fyr;SN17000;17.11.2018;6.6
Strømtangen Fyr;SN17000;18.11.2018;4.3
Strømtangen Fyr;SN17000;19.11.2018;2
Strømtangen Fyr;SN17000;20.11.2018;-0.2
Strømtangen Fyr;SN17000;21.11.2018;1.8
Strømtangen Fyr;SN17000;22.11.2018;0.2
Strømtangen Fyr;SN17000;23.11.2018;-3
Strømtangen Fyr;SN17000;24.11.2018;-1.7
Strømtangen Fyr;SN17000;25.11.2018;0.2
Strømtangen Fyr;SN17000;26.11.2018;-2.1
Strømtangen Fyr;SN17000;27.11.2018;-3
Strømtangen Fyr;SN17000;28.11.2018;-1.4
Strømtangen Fyr;SN17000;29.11.2018;4.2
Strømtangen Fyr;SN17000;30.11.2018;6.6
Strømtangen Fyr;SN17000;01.12.2018;6.9
Strømtangen Fyr;SN17000;02.12.2018;5.5
Strømtangen Fyr;SN17000;03.12.2018;6.7
Strømtangen Fyr;SN17000;04.12.2018;5.2
Strømtangen Fyr;SN17000;05.12.2018;2.9
Strømtangen Fyr;SN17000;06.12.2018;1.9
Strømtangen Fyr;SN17000;07.12.2018;1.5
Strømtangen Fyr;SN17000;08.12.2018;1.5
Strømtangen Fyr;SN17000;09.12.2018;2.1
Strømtangen Fyr;SN17000;10.12.2018;4.9
Strømtangen Fyr;SN17000;11.12.2018;3.2
Strømtangen Fyr;SN17000;12.12.2018;-0.7
Strømtangen Fyr;SN17000;13.12.2018;-2.3
Strømtangen Fyr;SN17000;14.12.2018;-4.5
Strømtangen Fyr;SN17000;15.12.2018;-1.5
Strømtangen Fyr;SN17000;16.12.2018;1.7
Strømtangen Fyr;SN17000;17.12.2018;-0.6
Strømtangen Fyr;SN17000;18.12.2018;-1.3
Strømtangen Fyr;SN17000;19.12.2018;2.4
Strømtangen Fyr;SN17000;20.12.2018;2.3
Strømtangen Fyr;SN17000;21.12.2018;0.7
Strømtangen Fyr;SN17000;22.12.2018;-1.9
Strømtangen Fyr;SN17000;23.12.2018;-2.2
Strømtangen Fyr;SN17000;24.12.2018;-1.5
Strømtangen Fyr;SN17000;25.12.2018;4.5
Strømtangen Fyr;SN17000;26.12.2018;2.7
Strømtangen Fyr;SN17000;27.12.2018;1.7
Strømtangen Fyr;SN17000;28.12.2018;-1.2
Strømtangen Fyr;SN17000;29.12.2018;-0.3
Strømtangen Fyr;SN17000;30.12.2018;-0.1
Strømtangen Fyr;SN17000;31.12.2018;3.9
Strømtangen Fyr;SN17000;01.01.2019;5.9
Strømtangen Fyr;SN17000;02.01.2019;2.7
Strømtangen Fyr;SN17000;03.01.2019;1.8
Strømtangen Fyr;SN17000;04.01.2019;2.9
Strømtangen Fyr;SN17000;05.01.2019;2.7
Strømtangen Fyr;SN17000;06.01.2019;-1.2
Strømtangen Fyr;SN17000;07.01.2019;0.9
Strømtangen Fyr;SN17000;08.01.2019;1.6
Strømtangen Fyr;SN17000;09.01.2019;1.2
Strømtangen Fyr;SN17000;10.01.2019;3.1
Strømtangen Fyr;SN17000;11.01.2019;4.9
Strømtangen Fyr;SN17000;12.01.2019;-2
Strømtangen Fyr;SN17000;13.01.2019;1.1
Strømtangen Fyr;SN17000;14.01.2019;2.1
Strømtangen Fyr;SN17000;15.01.2019;0.9
Strømtangen Fyr;SN17000;16.01.2019;-0.4
Strømtangen Fyr;SN17000;17.01.2019;-3.8
Strømtangen Fyr;SN17000;18.01.2019;-1.4
Strømtangen Fyr;SN17000;19.01.2019;3
Strømtangen Fyr;SN17000;20.01.2019;-1.5
Strømtangen Fyr;SN17000;21.01.2019;-2
Strømtangen Fyr;SN17000;22.01.2019;-1.6
Strømtangen Fyr;SN17000;23.01.2019;0
Strømtangen Fyr;SN17000;24.01.2019;-0.2
Strømtangen Fyr;SN17000;25.01.2019;-1.3
Strømtangen Fyr;SN17000;26.01.2019;-3
Strømtangen Fyr;SN17000;27.01.2019;-3.6
Strømtangen Fyr;SN17000;28.01.2019;-4.1
Strømtangen Fyr;SN17000;29.01.2019;-7.1
Strømtangen Fyr;SN17000;30.01.2019;-7.2
Strømtangen Fyr;SN17000;31.01.2019;-3.2
Strømtangen Fyr;SN17000;01.02.2019;-1.1
Strømtangen Fyr;SN17000;02.02.2019;-1.8
Strømtangen Fyr;SN17000;03.02.2019;-2.7
Strømtangen Fyr;SN17000;04.02.2019;-1.9
Strømtangen Fyr;SN17000;05.02.2019;-0.4
Strømtangen Fyr;SN17000;06.02.2019;-1.3
Strømtangen Fyr;SN17000;07.02.2019;1
Strømtangen Fyr;SN17000;08.02.2019;2
Strømtangen Fyr;SN17000;09.02.2019;4
Strømtangen Fyr;SN17000;10.02.2019;3.9
Strømtangen Fyr;SN17000;11.02.2019;2.1
Strømtangen Fyr;SN17000;12.02.2019;2
Strømtangen Fyr;SN17000;13.02.2019;4.8
Strømtangen Fyr;SN17000;14.02.2019;3.8
Strømtangen Fyr;SN17000;15.02.2019;3.6
Strømtangen Fyr;SN17000;16.02.2019;3.7
Strømtangen Fyr;SN17000;17.02.2019;3
Strømtangen Fyr;SN17000;18.02.2019;4.3
Strømtangen Fyr;SN17000;19.02.2019;4.5
Strømtangen Fyr;SN17000;20.02.2019;2.1
Strømtangen Fyr;SN17000;21.02.2019;1.5
Strømtangen Fyr;SN17000;22.02.2019;1.9
Strømtangen Fyr;SN17000;23.02.2019;3.9
Strømtangen Fyr;SN17000;24.02.2019;4.4
Strømtangen Fyr;SN17000;25.02.2019;2.7
Strømtangen Fyr;SN17000;26.02.2019;3.7
Strømtangen Fyr;SN17000;27.02.2019;2.3
Strømtangen Fyr;SN17000;28.02.2019;3.5
Strømtangen Fyr;SN17000;01.03.2019;3
Strømtangen Fyr;SN17000;02.03.2019;3
Strømtangen Fyr;SN17000;03.03.2019;4.5
Strømtangen Fyr;SN17000;04.03.2019;3.2
Strømtangen Fyr;SN17000;05.03.2019;-0.5
Strømtangen Fyr;SN17000;06.03.2019;0.4
Strømtangen Fyr;SN17000;07.03.2019;3
Strømtangen Fyr;SN17000;08.03.2019;2.3
Strømtangen Fyr;SN17000;09.03.2019;1
Strømtangen Fyr;SN17000;10.03.2019;-0.4
Strømtangen Fyr;SN17000;11.03.2019;-0.5
Strømtangen Fyr;SN17000;12.03.2019;-0.1
Strømtangen Fyr;SN17000;13.03.2019;2.7
Strømtangen Fyr;SN17000;14.03.2019;0.6
Strømtangen Fyr;SN17000;15.03.2019;1.7
Strømtangen Fyr;SN17000;16.03.2019;2.4
Strømtangen Fyr;SN17000;17.03.2019;4
Strømtangen Fyr;SN17000;18.03.2019;3.6
Strømtangen Fyr;SN17000;19.03.2019;3.6
Strømtangen Fyr;SN17000;20.03.2019;5.7
Strømtangen Fyr;SN17000;21.03.2019;6.3
Strømtangen Fyr;SN17000;22.03.2019;3.9
Strømtangen Fyr;SN17000;23.03.2019;6
Strømtangen Fyr;SN17000;24.03.2019;5.1
Strømtangen Fyr;SN17000;25.03.2019;4.8
Strømtangen Fyr;SN17000;26.03.2019;5.1
Strømtangen Fyr;SN17000;27.03.2019;6
Strømtangen Fyr;SN17000;28.03.2019;6.6
Strømtangen Fyr;SN17000;29.03.2019;6.8
Strømtangen Fyr;SN17000;30.03.2019;6.2
Strømtangen Fyr;SN17000;31.03.2019;5
Strømtangen Fyr;SN17000;01.04.2019;3.2
Strømtangen Fyr;SN17000;02.04.2019;4.9
Strømtangen Fyr;SN17000;03.04.2019;4.6
Strømtangen Fyr;SN17000;04.04.2019;7.8
Strømtangen Fyr;SN17000;05.04.2019;7.7
Strømtangen Fyr;SN17000;06.04.2019;5.5
Strømtangen Fyr;SN17000;07.04.2019;6.8
Strømtangen Fyr;SN17000;08.04.2019;5.1
Strømtangen Fyr;SN17000;09.04.2019;3.1
Strømtangen Fyr;SN17000;10.04.2019;3.2
Strømtangen Fyr;SN17000;11.04.2019;2.6
Strømtangen Fyr;SN17000;12.04.2019;3.4
Strømtangen Fyr;SN17000;13.04.2019;4.9
Strømtangen Fyr;SN17000;14.04.2019;5.3
Strømtangen Fyr;SN17000;15.04.2019;5.1
Strømtangen Fyr;SN17000;16.04.2019;6.4
Strømtangen Fyr;SN17000;17.04.2019;8
Strømtangen Fyr;SN17000;18.04.2019;9.9
Strømtangen Fyr;SN17000;19.04.2019;9.5
Strømtangen Fyr;SN17000;20.04.2019;8.3
Strømtangen Fyr;SN17000;21.04.2019;9
Strømtangen Fyr;SN17000;22.04.2019;9.8
Strømtangen Fyr;SN17000;23.04.2019;12
Strømtangen Fyr;SN17000;24.04.2019;13.9
Strømtangen Fyr;SN17000;25.04.2019;13.3
Strømtangen Fyr;SN17000;26.04.2019;14.7
Strømtangen Fyr;SN17000;27.04.2019;13.2
Strømtangen Fyr;SN17000;28.04.2019;14.7
Strømtangen Fyr;SN17000;29.04.2019;12.2
Strømtangen Fyr;SN17000;30.04.2019;15
Strømtangen Fyr;SN17000;01.05.2019;13.4
Strømtangen Fyr;SN17000;02.05.2019;8.3
Strømtangen Fyr;SN17000;03.05.2019;5.1
Strømtangen Fyr;SN17000;04.05.2019;5.5
Strømtangen Fyr;SN17000;05.05.2019;6.9
Strømtangen Fyr;SN17000;06.05.2019;5
Strømtangen Fyr;SN17000;07.05.2019;6.4
Strømtangen Fyr;SN17000;08.05.2019;6
Strømtangen Fyr;SN17000;09.05.2019;7.8
Strømtangen Fyr;SN17000;10.05.2019;8.9
Strømtangen Fyr;SN17000;11.05.2019;8.8
Strømtangen Fyr;SN17000;12.05.2019;8.3
Strømtangen Fyr;SN17000;13.05.2019;8.5
Strømtangen Fyr;SN17000;14.05.2019;8.9
Strømtangen Fyr;SN17000;15.05.2019;10
Strømtangen Fyr;SN17000;16.05.2019;14.8
Strømtangen Fyr;SN17000;17.05.2019;14.6
Strømtangen Fyr;SN17000;18.05.2019;13
Strømtangen Fyr;SN17000;19.05.2019;15.4
Strømtangen Fyr;SN17000;20.05.2019;14
Strømtangen Fyr;SN17000;21.05.2019;17.8
Strømtangen Fyr;SN17000;22.05.2019;13.9
Strømtangen Fyr;SN17000;23.05.2019;11.6
Strømtangen Fyr;SN17000;24.05.2019;11.4
Strømtangen Fyr;SN17000;25.05.2019;12.2
Strømtangen Fyr;SN17000;26.05.2019;12.3
Strømtangen Fyr;SN17000;27.05.2019;10.9
Strømtangen Fyr;SN17000;28.05.2019;11.6
Strømtangen Fyr;SN17000;29.05.2019;10.2
Strømtangen Fyr;SN17000;30.05.2019;11.2
Strømtangen Fyr;SN17000;31.05.2019;11.4
Strømtangen Fyr;SN17000;01.06.2019;12.7
Strømtangen Fyr;SN17000;02.06.2019;12.6
Strømtangen Fyr;SN17000;03.06.2019;13.4
Strømtangen Fyr;SN17000;04.06.2019;12.6
Strømtangen Fyr;SN17000;05.06.2019;13.1
Strømtangen Fyr;SN17000;06.06.2019;18.6
Strømtangen Fyr;SN17000;07.06.2019;13.7
Strømtangen Fyr;SN17000;08.06.2019;13.7
Strømtangen Fyr;SN17000;09.06.2019;13.3
Strømtangen Fyr;SN17000;10.06.2019;12.9
Strømtangen Fyr;SN17000;11.06.2019;14.1
Strømtangen Fyr;SN17000;12.06.2019;11.7
Strømtangen Fyr;SN17000;13.06.2019;12.7
Strømtangen Fyr;SN17000;14.06.2019;14.2
Strømtangen Fyr;SN17000;15.06.2019;18.4
Strømtangen Fyr;SN17000;16.06.2019;15.3
Strømtangen Fyr;SN17000;17.06.2019;14.5
Strømtangen Fyr;SN17000;18.06.2019;15.2
Strømtangen Fyr;SN17000;19.06.2019;15.4
Strømtangen Fyr;SN17000;20.06.2019;15.4
Strømtangen Fyr;SN17000;21.06.2019;14.5
Strømtangen Fyr;SN17000;22.06.2019;14.8
Strømtangen Fyr;SN17000;23.06.2019;15.2
Strømtangen Fyr;SN17000;24.06.2019;16.2
Strømtangen Fyr;SN17000;25.06.2019;16.5
Strømtangen Fyr;SN17000;26.06.2019;15.6
Strømtangen Fyr;SN17000;27.06.2019;17
Strømtangen Fyr;SN17000;28.06.2019;16.9
Strømtangen Fyr;SN17000;29.06.2019;17.8
Strømtangen Fyr;SN17000;30.06.2019;17.8
Strømtangen Fyr;SN17000;01.07.2019;16.3
Strømtangen Fyr;SN17000;02.07.2019;15.1
Strømtangen Fyr;SN17000;03.07.2019;14.5
Strømtangen Fyr;SN17000;04.07.2019;14.2
Strømtangen Fyr;SN17000;05.07.2019;14.1
Strømtangen Fyr;SN17000;06.07.2019;13.4
Strømtangen Fyr;SN17000;07.07.2019;14.1
Strømtangen Fyr;SN17000;08.07.2019;16.1
Strømtangen Fyr;SN17000;09.07.2019;16.9
Strømtangen Fyr;SN17000;10.07.2019;17.7
Strømtangen Fyr;SN17000;11.07.2019;16.8
Strømtangen Fyr;SN17000;12.07.2019;17.5
Strømtangen Fyr;SN17000;13.07.2019;17.5
Strømtangen Fyr;SN17000;14.07.2019;16.3
Strømtangen Fyr;SN17000;15.07.2019;17.1
Strømtangen Fyr;SN17000;16.07.2019;17
Strømtangen Fyr;SN17000;17.07.2019;16.5
Strømtangen Fyr;SN17000;18.07.2019;16.6
Strømtangen Fyr;SN17000;19.07.2019;17.7
Strømtangen Fyr;SN17000;20.07.2019;18.1
Strømtangen Fyr;SN17000;21.07.2019;17.4
Strømtangen Fyr;SN17000;22.07.2019;16.7
Strømtangen Fyr;SN17000;23.07.2019;18.6
Strømtangen Fyr;SN17000;24.07.2019;17.9
Strømtangen Fyr;SN17000;25.07.2019;20.2
Strømtangen Fyr;SN17000;26.07.2019;23.9
Strømtangen Fyr;SN17000;27.07.2019;24.4
Strømtangen Fyr;SN17000;28.07.2019;23.5
Strømtangen Fyr;SN17000;29.07.2019;23.5
Strømtangen Fyr;SN17000;30.07.2019;16.4
Strømtangen Fyr;SN17000;31.07.2019;15.3
Strømtangen Fyr;SN17000;01.08.2019;18.3
Strømtangen Fyr;SN17000;02.08.2019;19
Strømtangen Fyr;SN17000;03.08.2019;18.5
Strømtangen Fyr;SN17000;04.08.2019;17.6
Strømtangen Fyr;SN17000;05.08.2019;17.1
Strømtangen Fyr;SN17000;06.08.2019;17.1
Strømtangen Fyr;SN17000;07.08.2019;17.9
Strømtangen Fyr;SN17000;08.08.2019;18
Strømtangen Fyr;SN17000;09.08.2019;17.8
Strømtangen Fyr;SN17000;10.08.2019;17.9
Strømtangen Fyr;SN17000;11.08.2019;18.1
Strømtangen Fyr;SN17000;12.08.2019;17.7
Strømtangen Fyr;SN17000;13.08.2019;17.1
Strømtangen Fyr;SN17000;14.08.2019;16.2
Strømtangen Fyr;SN17000;15.08.2019;16.3
Strømtangen Fyr;SN17000;16.08.2019;16.4
Strømtangen Fyr;SN17000;17.08.2019;16.6
Strømtangen Fyr;SN17000;18.08.2019;16.6
Strømtangen Fyr;SN17000;19.08.2019;16.5
Strømtangen Fyr;SN17000;20.08.2019;16.7
Strømtangen Fyr;SN17000;21.08.2019;16.4
Strømtangen Fyr;SN17000;22.08.2019;16.2
Strømtangen Fyr;SN17000;23.08.2019;17.4
Strømtangen Fyr;SN17000;24.08.2019;17
Strømtangen Fyr;SN17000;25.08.2019;17.9
Strømtangen Fyr;SN17000;26.08.2019;18.2
Strømtangen Fyr;SN17000;27.08.2019;19.9
Strømtangen Fyr;SN17000;28.08.2019;19.8
Strømtangen Fyr;SN17000;29.08.2019;18.8
Strømtangen Fyr;SN17000;30.08.2019;17.8
Strømtangen Fyr;SN17000;31.08.2019;17.9
Strømtangen Fyr;SN17000;01.09.2019;17.5
Strømtangen Fyr;SN17000;02.09.2019;15.8
Strømtangen Fyr;SN17000;03.09.2019;15.2
Strømtangen Fyr;SN17000;04.09.2019;14.2
Strømtangen Fyr;SN17000;05.09.2019;13.9
Strømtangen Fyr;SN17000;06.09.2019;13.4
Strømtangen Fyr;SN17000;07.09.2019;12.4
Strømtangen Fyr;SN17000;08.09.2019;12.2
Strømtangen Fyr;SN17000;09.09.2019;13.1
Strømtangen Fyr;SN17000;10.09.2019;15.2
Strømtangen Fyr;SN17000;11.09.2019;15
Strømtangen Fyr;SN17000;12.09.2019;15.4
Strømtangen Fyr;SN17000;13.09.2019;14.8
Strømtangen Fyr;SN17000;14.09.2019;14
Strømtangen Fyr;SN17000;15.09.2019;14.7
Strømtangen Fyr;SN17000;16.09.2019;13.6
Strømtangen Fyr;SN17000;17.09.2019;11.8
Strømtangen Fyr;SN17000;18.09.2019;12.5
Strømtangen Fyr;SN17000;19.09.2019;11.1
Strømtangen Fyr;SN17000;20.09.2019;13.6
Strømtangen Fyr;SN17000;21.09.2019;13.4
Strømtangen Fyr;SN17000;22.09.2019;13.7
Strømtangen Fyr;SN17000;23.09.2019;12.2
Strømtangen Fyr;SN17000;24.09.2019;11.9
Strømtangen Fyr;SN17000;25.09.2019;12
Strømtangen Fyr;SN17000;26.09.2019;12.6
Strømtangen Fyr;SN17000;27.09.2019;12.1
Strømtangen Fyr;SN17000;28.09.2019;12.5
Strømtangen Fyr;SN17000;29.09.2019;11.9
Strømtangen Fyr;SN17000;30.09.2019;9.5
Strømtangen Fyr;SN17000;01.10.2019;10.8
Strømtangen Fyr;SN17000;02.10.2019;8.4
Strømtangen Fyr;SN17000;03.10.2019;6.2
Strømtangen Fyr;SN17000;04.10.2019;4.9
Strømtangen Fyr;SN17000;05.10.2019;4.1
Strømtangen Fyr;SN17000;06.10.2019;3.7
Strømtangen Fyr;SN17000;07.10.2019;4.5
Strømtangen Fyr;SN17000;08.10.2019;5.7
Strømtangen Fyr;SN17000;09.10.2019;7.4
Strømtangen Fyr;SN17000;10.10.2019;8.5
Strømtangen Fyr;SN17000;11.10.2019;10.1
Strømtangen Fyr;SN17000;12.10.2019;11.6
Strømtangen Fyr;SN17000;13.10.2019;10.6
Strømtangen Fyr;SN17000;14.10.2019;8.5
Strømtangen Fyr;SN17000;15.10.2019;8
Strømtangen Fyr;SN17000;16.10.2019;7.6
Strømtangen Fyr;SN17000;17.10.2019;8.7
Strømtangen Fyr;SN17000;18.10.2019;9.7
Strømtangen Fyr;SN17000;19.10.2019;9.4
Strømtangen Fyr;SN17000;20.10.2019;6.4
Strømtangen Fyr;SN17000;21.10.2019;5.5
Strømtangen Fyr;SN17000;22.10.2019;10.7
Strømtangen Fyr;SN17000;23.10.2019;11.4
Strømtangen Fyr;SN17000;24.10.2019;11.2
Strømtangen Fyr;SN17000;25.10.2019;10.9
Strømtangen Fyr;SN17000;26.10.2019;5.7
Strømtangen Fyr;SN17000;27.10.2019;4.7
Strømtangen Fyr;SN17000;28.10.2019;4.6
Strømtangen Fyr;SN17000;29.10.2019;5.4
Strømtangen Fyr;SN17000;30.10.2019;4.1
Strømtangen Fyr;SN17000;31.10.2019;7.1
Strømtangen Fyr;SN17000;01.11.2019;4
Strømtangen Fyr;SN17000;02.11.2019;2.7
Strømtangen Fyr;SN17000;03.11.2019;2.5
Strømtangen Fyr;SN17000;04.11.2019;1.2
Strømtangen Fyr;SN17000;05.11.2019;-1.5
Strømtangen Fyr;SN17000;06.11.2019;-1.9
Strømtangen Fyr;SN17000;07.11.2019;-2.1
Strømtangen Fyr;SN17000;08.11.2019;-0.9
Strømtangen Fyr;SN17000;09.11.2019;0.2
Strømtangen Fyr;SN17000;10.11.2019;-0.6
Strømtangen Fyr;SN17000;11.11.2019;-1
Strømtangen Fyr;SN17000;12.11.2019;4.9
Strømtangen Fyr;SN17000;13.11.2019;4.7
Strømtangen Fyr;SN17000;14.11.2019;3.9
Strømtangen Fyr;SN17000;15.11.2019;4.2
Strømtangen Fyr;SN17000;16.11.2019;3.5
Strømtangen Fyr;SN17000;17.11.2019;3.8
Strømtangen Fyr;SN17000;18.11.2019;4.8
Strømtangen Fyr;SN17000;19.11.2019;6.9
Strømtangen Fyr;SN17000;20.11.2019;4.7
Strømtangen Fyr;SN17000;21.11.2019;6.7
Strømtangen Fyr;SN17000;22.11.2019;6.5
Strømtangen Fyr;SN17000;23.11.2019;6.2
Strømtangen Fyr;SN17000;24.11.2019;4.3
Strømtangen Fyr;SN17000;25.11.2019;3.2
Strømtangen Fyr;SN17000;26.11.2019;3
Strømtangen Fyr;SN17000;27.11.2019;2.3
Strømtangen Fyr;SN17000;28.11.2019;1.3
Strømtangen Fyr;SN17000;29.11.2019;0.8
Strømtangen Fyr;SN17000;30.11.2019;-0.5
Strømtangen Fyr;SN17000;01.12.2019;1.3
Strømtangen Fyr;SN17000;02.12.2019;-1.9
Strømtangen Fyr;SN17000;03.12.2019;3.3
Strømtangen Fyr;SN17000;04.12.2019;5.2
Strømtangen Fyr;SN17000;05.12.2019;7.3
Strømtangen Fyr;SN17000;06.12.2019;6.7
Strømtangen Fyr;SN17000;07.12.2019;4.4
Strømtangen Fyr;SN17000;08.12.2019;5.4
Strømtangen Fyr;SN17000;09.12.2019;4.4
Strømtangen Fyr;SN17000;10.12.2019;2.8
Strømtangen Fyr;SN17000;11.12.2019;6.8
Strømtangen Fyr;SN17000;12.12.2019;5.4
Strømtangen Fyr;SN17000;13.12.2019;3.2
Strømtangen Fyr;SN17000;14.12.2019;2.9
Strømtangen Fyr;SN17000;15.12.2019;3.4
Strømtangen Fyr;SN17000;16.12.2019;4.2
Strømtangen Fyr;SN17000;17.12.2019;1.5
Strømtangen Fyr;SN17000;18.12.2019;-0.6
Strømtangen Fyr;SN17000;19.12.2019;1.9
Strømtangen Fyr;SN17000;20.12.2019;5.1
Strømtangen Fyr;SN17000;21.12.2019;4.7
Strømtangen Fyr;SN17000;22.12.2019;3.7
Strømtangen Fyr;SN17000;23.12.2019;3.7
Strømtangen Fyr;SN17000;24.12.2019;3.2
Strømtangen Fyr;SN17000;25.12.2019;1
Strømtangen Fyr;SN17000;26.12.2019;-1.2
Strømtangen Fyr;SN17000;27.12.2019;-2.9
Strømtangen Fyr;SN17000;28.12.2019;1.5
Strømtangen Fyr;SN17000;29.12.2019;6.1
Strømtangen Fyr;SN17000;30.12.2019;7
Strømtangen Fyr;SN17000;31.12.2019;5.4
Strømtangen Fyr;SN17000;01.01.2020;6.2
Strømtangen Fyr;SN17000;02.01.2020;6.5
Strømtangen Fyr;SN17000;03.01.2020;6.3
Strømtangen Fyr;SN17000;04.01.2020;3.7
Strømtangen Fyr;SN17000;05.01.2020;4.4
Strømtangen Fyr;SN17000;06.01.2020;5.7
Strømtangen Fyr;SN17000;07.01.2020;6.1
Strømtangen Fyr;SN17000;08.01.2020;7
Strømtangen Fyr;SN17000;09.01.2020;4.5
Strømtangen Fyr;SN17000;10.01.2020;0.6
Strømtangen Fyr;SN17000;11.01.2020;6.3
Strømtangen Fyr;SN17000;12.01.2020;6.1
Strømtangen Fyr;SN17000;13.01.2020;5.1
Strømtangen Fyr;SN17000;14.01.2020;6.1
Strømtangen Fyr;SN17000;15.01.2020;7
Strømtangen Fyr;SN17000;16.01.2020;6.8
Strømtangen Fyr;SN17000;17.01.2020;6.1
Strømtangen Fyr;SN17000;18.01.2020;5.5
Strømtangen Fyr;SN17000;19.01.2020;3.9
Strømtangen Fyr;SN17000;20.01.2020;6.3
Strømtangen Fyr;SN17000;21.01.2020;6.5
Strømtangen Fyr;SN17000;22.01.2020;4
Strømtangen Fyr;SN17000;23.01.2020;4.9
Strømtangen Fyr;SN17000;24.01.2020;6.4
Strømtangen Fyr;SN17000;25.01.2020;5.2
Strømtangen Fyr;SN17000;26.01.2020;5.9
Strømtangen Fyr;SN17000;27.01.2020;5.4
Strømtangen Fyr;SN17000;28.01.2020;3.6
Strømtangen Fyr;SN17000;29.01.2020;3
Strømtangen Fyr;SN17000;30.01.2020;1.1
Strømtangen Fyr;SN17000;31.01.2020;3.3
Strømtangen Fyr;SN17000;01.02.2020;6.2
Strømtangen Fyr;SN17000;02.02.2020;4.5
Strømtangen Fyr;SN17000;03.02.2020;0.8
Strømtangen Fyr;SN17000;04.02.2020;0.1
Strømtangen Fyr;SN17000;05.02.2020;4.4
Strømtangen Fyr;SN17000;06.02.2020;4.8
Strømtangen Fyr;SN17000;07.02.2020;2.8
Strømtangen Fyr;SN17000;08.02.2020;4.8
Strømtangen Fyr;SN17000;09.02.2020;5.9
Strømtangen Fyr;SN17000;10.02.2020;6.1
Strømtangen Fyr;SN17000;11.02.2020;4.8
Strømtangen Fyr;SN17000;12.02.2020;4.7
Strømtangen Fyr;SN17000;13.02.2020;2.7
Strømtangen Fyr;SN17000;14.02.2020;1.6
Strømtangen Fyr;SN17000;15.02.2020;5.5
Strømtangen Fyr;SN17000;16.02.2020;6.8
Strømtangen Fyr;SN17000;17.02.2020;6.5
Strømtangen Fyr;SN17000;18.02.2020;5.8
Strømtangen Fyr;SN17000;19.02.2020;3.8
Strømtangen Fyr;SN17000;20.02.2020;5.2
Strømtangen Fyr;SN17000;21.02.2020;5.7
Strømtangen Fyr;SN17000;22.02.2020;6
Strømtangen Fyr;SN17000;23.02.2020;5
Strømtangen Fyr;SN17000;24.02.2020;3.2
Strømtangen Fyr;SN17000;25.02.2020;1.4
Strømtangen Fyr;SN17000;26.02.2020;-1
Strømtangen Fyr;SN17000;27.02.2020;-2.2
Strømtangen Fyr;SN17000;28.02.2020;1.5
Strømtangen Fyr;SN17000;29.02.2020;1.7
Strømtangen Fyr;SN17000;01.03.2020;4.3
Strømtangen Fyr;SN17000;02.03.2020;4.7
Strømtangen Fyr;SN17000;03.03.2020;3
Strømtangen Fyr;SN17000;04.03.2020;2.1
Strømtangen Fyr;SN17000;05.03.2020;-0.4
Strømtangen Fyr;SN17000;06.03.2020;0.8
Strømtangen Fyr;SN17000;07.03.2020;-0.5
Strømtangen Fyr;SN17000;08.03.2020;5.3
Strømtangen Fyr;SN17000;09.03.2020;5
Strømtangen Fyr;SN17000;10.03.2020;4.3
Strømtangen Fyr;SN17000;11.03.2020;5.4
Strømtangen Fyr;SN17000;12.03.2020;4.8
Strømtangen Fyr;SN17000;13.03.2020;2.4
Strømtangen Fyr;SN17000;14.03.2020;1.5
Strømtangen Fyr;SN17000;15.03.2020;5.3
Strømtangen Fyr;SN17000;16.03.2020;5.2
Strømtangen Fyr;SN17000;17.03.2020;5.9
Strømtangen Fyr;SN17000;18.03.2020;5.9
Strømtangen Fyr;SN17000;19.03.2020;4.9
Strømtangen Fyr;SN17000;20.03.2020;3.4
Strømtangen Fyr;SN17000;21.03.2020;2
Strømtangen Fyr;SN17000;22.03.2020;2.9
Strømtangen Fyr;SN17000;23.03.2020;4.2
Strømtangen Fyr;SN17000;24.03.2020;4.8
Strømtangen Fyr;SN17000;25.03.2020;5.4
Strømtangen Fyr;SN17000;26.03.2020;5.2
Strømtangen Fyr;SN17000;27.03.2020;4.9
Strømtangen Fyr;SN17000;28.03.2020;3.4
Strømtangen Fyr;SN17000;29.03.2020;2.4
Strømtangen Fyr;SN17000;30.03.2020;3
Strømtangen Fyr;SN17000;31.03.2020;5.1
Strømtangen Fyr;SN17000;01.04.2020;5.9
Strømtangen Fyr;SN17000;02.04.2020;5.2
Strømtangen Fyr;SN17000;03.04.2020;5
Strømtangen Fyr;SN17000;04.04.2020;3.6
Strømtangen Fyr;SN17000;05.04.2020;5.9
Strømtangen Fyr;SN17000;06.04.2020;7.7
Strømtangen Fyr;SN17000;07.04.2020;8.2
Strømtangen Fyr;SN17000;08.04.2020;6.9
Strømtangen Fyr;SN17000;09.04.2020;7.5
Strømtangen Fyr;SN17000;10.04.2020;5.7
Strømtangen Fyr;SN17000;11.04.2020;5.4
Strømtangen Fyr;SN17000;12.04.2020;6.9
Strømtangen Fyr;SN17000;13.04.2020;4.9
Strømtangen Fyr;SN17000;14.04.2020;5.1
Strømtangen Fyr;SN17000;15.04.2020;7.9
Strømtangen Fyr;SN17000;16.04.2020;8.4
Strømtangen Fyr;SN17000;17.04.2020;6
Strømtangen Fyr;SN17000;18.04.2020;6.8
Strømtangen Fyr;SN17000;19.04.2020;7.3
Strømtangen Fyr;SN17000;20.04.2020;9.6
Strømtangen Fyr;SN17000;21.04.2020;10.5
Strømtangen Fyr;SN17000;22.04.2020;10.4
Strømtangen Fyr;SN17000;23.04.2020;9.8
Strømtangen Fyr;SN17000;24.04.2020;9.8
Strømtangen Fyr;SN17000;25.04.2020;8.6
Strømtangen Fyr;SN17000;26.04.2020;8.5
Strømtangen Fyr;SN17000;27.04.2020;7.4
Strømtangen Fyr;SN17000;28.04.2020;4.7
Strømtangen Fyr;SN17000;29.04.2020;6.2
Strømtangen Fyr;SN17000;30.04.2020;5.7
Strømtangen Fyr;SN17000;01.05.2020;8.2
Strømtangen Fyr;SN17000;02.05.2020;8.6
Strømtangen Fyr;SN17000;03.05.2020;9.6
Strømtangen Fyr;SN17000;04.05.2020;7.8
Strømtangen Fyr;SN17000;05.05.2020;8.2
Strømtangen Fyr;SN17000;06.05.2020;10.4
Strømtangen Fyr;SN17000;07.05.2020;9.8
Strømtangen Fyr;SN17000;08.05.2020;11
Strømtangen Fyr;SN17000;09.05.2020;9.6
Strømtangen Fyr;SN17000;10.05.2020;6.4
Strømtangen Fyr;SN17000;11.05.2020;5.9
Strømtangen Fyr;SN17000;12.05.2020;5.9
Strømtangen Fyr;SN17000;13.05.2020;6.4
Strømtangen Fyr;SN17000;14.05.2020;6.6
Strømtangen Fyr;SN17000;15.05.2020;8.5
Strømtangen Fyr;SN17000;16.05.2020;7.8
Strømtangen Fyr;SN17000;17.05.2020;9
Strømtangen Fyr;SN17000;18.05.2020;8.7
Strømtangen Fyr;SN17000;19.05.2020;10.5
Strømtangen Fyr;SN17000;20.05.2020;11
Strømtangen Fyr;SN17000;21.05.2020;10.9
Strømtangen Fyr;SN17000;22.05.2020;12.6
Strømtangen Fyr;SN17000;23.05.2020;10.8
Strømtangen Fyr;SN17000;24.05.2020;10.9
Strømtangen Fyr;SN17000;25.05.2020;13.2
Strømtangen Fyr;SN17000;26.05.2020;11.7
Strømtangen Fyr;SN17000;27.05.2020;13.8
Strømtangen Fyr;SN17000;28.05.2020;13
Strømtangen Fyr;SN17000;29.05.2020;13.1
Strømtangen Fyr;SN17000;30.05.2020;16.9
Strømtangen Fyr;SN17000;31.05.2020;17.5
Strømtangen Fyr;SN17000;01.06.2020;16.5
Strømtangen Fyr;SN17000;02.06.2020;16.2
Strømtangen Fyr;SN17000;03.06.2020;15.6
Strømtangen Fyr;SN17000;04.06.2020;16.1
Strømtangen Fyr;SN17000;05.06.2020;12.8
Strømtangen Fyr;SN17000;06.06.2020;11.7
Strømtangen Fyr;SN17000;07.06.2020;12.9
Strømtangen Fyr;SN17000;08.06.2020;13.8
Strømtangen Fyr;SN17000;09.06.2020;13.7
Strømtangen Fyr;SN17000;10.06.2020;15.5
Strømtangen Fyr;SN17000;11.06.2020;19.5
Strømtangen Fyr;SN17000;12.06.2020;20
Strømtangen Fyr;SN17000;13.06.2020;19.3
Strømtangen Fyr;SN17000;14.06.2020;19.5
Strømtangen Fyr;SN17000;15.06.2020;19.1
Strømtangen Fyr;SN17000;16.06.2020;20.9
Strømtangen Fyr;SN17000;17.06.2020;19.2
Strømtangen Fyr;SN17000;18.06.2020;20.1
Strømtangen Fyr;SN17000;19.06.2020;22.4
Strømtangen Fyr;SN17000;20.06.2020;21.2
Strømtangen Fyr;SN17000;21.06.2020;18.2
Strømtangen Fyr;SN17000;22.06.2020;17.6
Strømtangen Fyr;SN17000;23.06.2020;18.4
Strømtangen Fyr;SN17000;24.06.2020;19
Strømtangen Fyr;SN17000;25.06.2020;20.4
Strømtangen Fyr;SN17000;26.06.2020;22.2
Strømtangen Fyr;SN17000;27.06.2020;23.1
Strømtangen Fyr;SN17000;28.06.2020;19.1
Strømtangen Fyr;SN17000;29.06.2020;17.3
Strømtangen Fyr;SN17000;30.06.2020;15.4
Strømtangen Fyr;SN17000;01.07.2020;15.5
Strømtangen Fyr;SN17000;02.07.2020;15.7
Strømtangen Fyr;SN17000;03.07.2020;14.4
Strømtangen Fyr;SN17000;04.07.2020;14.5
Strømtangen Fyr;SN17000;05.07.2020;15.5
Strømtangen Fyr;SN17000;06.07.2020;14.8
Strømtangen Fyr;SN17000;07.07.2020;13.4
Strømtangen Fyr;SN17000;08.07.2020;14.1
Strømtangen Fyr;SN17000;09.07.2020;15.2
Strømtangen Fyr;SN17000;10.07.2020;14.4
Strømtangen Fyr;SN17000;11.07.2020;16.3
Strømtangen Fyr;SN17000;12.07.2020;16
Strømtangen Fyr;SN17000;13.07.2020;16.3
Strømtangen Fyr;SN17000;14.07.2020;15.1
Strømtangen Fyr;SN17000;15.07.2020;16.1
Strømtangen Fyr;SN17000;16.07.2020;16.1
Strømtangen Fyr;SN17000;17.07.2020;16.4
Strømtangen Fyr;SN17000;18.07.2020;16.9
Strømtangen Fyr;SN17000;19.07.2020;16.4
Strømtangen Fyr;SN17000;20.07.2020;16.7
Strømtangen Fyr;SN17000;21.07.2020;14.8
Strømtangen Fyr;SN17000;22.07.2020;15.2
Strømtangen Fyr;SN17000;23.07.2020;14.9
Strømtangen Fyr;SN17000;24.07.2020;15.3
Strømtangen Fyr;SN17000;25.07.2020;15.8
Strømtangen Fyr;SN17000;26.07.2020;16.7
Strømtangen Fyr;SN17000;27.07.2020;16.8
Strømtangen Fyr;SN17000;28.07.2020;15.5
Strømtangen Fyr;SN17000;29.07.2020;15.5
Strømtangen Fyr;SN17000;30.07.2020;17.6
Strømtangen Fyr;SN17000;31.07.2020;19
Strømtangen Fyr;SN17000;01.08.2020;18.3
Strømtangen Fyr;SN17000;02.08.2020;17.3
Strømtangen Fyr;SN17000;03.08.2020;16.7
Strømtangen Fyr;SN17000;04.08.2020;15.5
Strømtangen Fyr;SN17000;05.08.2020;15.8
Strømtangen Fyr;SN17000;06.08.2020;17.5
Strømtangen Fyr;SN17000;07.08.2020;18.1
Strømtangen Fyr;SN17000;08.08.2020;18.6
Strømtangen Fyr;SN17000;09.08.2020;20.9
Strømtangen Fyr;SN17000;10.08.2020;19.1
Strømtangen Fyr;SN17000;11.08.2020;19.5
Strømtangen Fyr;SN17000;12.08.2020;19
Strømtangen Fyr;SN17000;13.08.2020;19.6
Strømtangen Fyr;SN17000;14.08.2020;19
Strømtangen Fyr;SN17000;15.08.2020;18.3
Strømtangen Fyr;SN17000;16.08.2020;18.9
Strømtangen Fyr;SN17000;17.08.2020;20.3
Strømtangen Fyr;SN17000;18.08.2020;20.8
Strømtangen Fyr;SN17000;19.08.2020;20.2
Strømtangen Fyr;SN17000;20.08.2020;20.1
Strømtangen Fyr;SN17000;21.08.2020;19.2
Strømtangen Fyr;SN17000;22.08.2020;19
Strømtangen Fyr;SN17000;23.08.2020;17.8
Strømtangen Fyr;SN17000;24.08.2020;15
Strømtangen Fyr;SN17000;25.08.2020;14.7
Strømtangen Fyr;SN17000;26.08.2020;14.8
Strømtangen Fyr;SN17000;27.08.2020;15
Strømtangen Fyr;SN17000;28.08.2020;15.8
Strømtangen Fyr;SN17000;29.08.2020;15.1
Strømtangen Fyr;SN17000;30.08.2020;14.5
Strømtangen Fyr;SN17000;31.08.2020;13.2
Strømtangen Fyr;SN17000;01.09.2020;14
Strømtangen Fyr;SN17000;02.09.2020;15.1
Strømtangen Fyr;SN17000;03.09.2020;15.1
Strømtangen Fyr;SN17000;04.09.2020;16
Strømtangen Fyr;SN17000;05.09.2020;15.5
Strømtangen Fyr;SN17000;06.09.2020;14.1
Strømtangen Fyr;SN17000;07.09.2020;13.2
Strømtangen Fyr;SN17000;08.09.2020;16.5
Strømtangen Fyr;SN17000;09.09.2020;15
Strømtangen Fyr;SN17000;10.09.2020;13.9
Strømtangen Fyr;SN17000;11.09.2020;13.5
Strømtangen Fyr;SN17000;12.09.2020;15.2
Strømtangen Fyr;SN17000;13.09.2020;14.5
Strømtangen Fyr;SN17000;14.09.2020;16.2
Strømtangen Fyr;SN17000;15.09.2020;14.9
Strømtangen Fyr;SN17000;16.09.2020;14
Strømtangen Fyr;SN17000;17.09.2020;12.2
Strømtangen Fyr;SN17000;18.09.2020;14.7
Strømtangen Fyr;SN17000;19.09.2020;13.8
Strømtangen Fyr;SN17000;20.09.2020;13.7
Strømtangen Fyr;SN17000;21.09.2020;15
Strømtangen Fyr;SN17000;22.09.2020;14.1
Strømtangen Fyr;SN17000;23.09.2020;15.2
Strømtangen Fyr;SN17000;24.09.2020;14.9
Strømtangen Fyr;SN17000;25.09.2020;12.5
Strømtangen Fyr;SN17000;26.09.2020;8.9
Strømtangen Fyr;SN17000;27.09.2020;12
Strømtangen Fyr;SN17000;28.09.2020;12.9
Strømtangen Fyr;SN17000;29.09.2020;13.5
Strømtangen Fyr;SN17000;30.09.2020;13.6
Strømtangen Fyr;SN17000;01.10.2020;12.9
Strømtangen Fyr;SN17000;02.10.2020;14.2
Strømtangen Fyr;SN17000;03.10.2020;13.8
Strømtangen Fyr;SN17000;04.10.2020;14.4
Strømtangen Fyr;SN17000;05.10.2020;13.5
Strømtangen Fyr;SN17000;06.10.2020;12.5
Strømtangen Fyr;SN17000;07.10.2020;12.6
Strømtangen Fyr;SN17000;08.10.2020;12.6
Strømtangen Fyr;SN17000;09.10.2020;11.9
Strømtangen Fyr;SN17000;10.10.2020;9.4
Strømtangen Fyr;SN17000;11.10.2020;9.4
Strømtangen Fyr;SN17000;12.10.2020;8.9
Strømtangen Fyr;SN17000;13.10.2020;7.4
Strømtangen Fyr;SN17000;14.10.2020;6.4
Strømtangen Fyr;SN17000;15.10.2020;7.6
Strømtangen Fyr;SN17000;16.10.2020;8.3
Strømtangen Fyr;SN17000;17.10.2020;8.5
Strømtangen Fyr;SN17000;18.10.2020;8.2
Strømtangen Fyr;SN17000;19.10.2020;5.9
Strømtangen Fyr;SN17000;20.10.2020;8.5
Strømtangen Fyr;SN17000;21.10.2020;10.1
Strømtangen Fyr;SN17000;22.10.2020;10.6
Strømtangen Fyr;SN17000;23.10.2020;6.3
Strømtangen Fyr;SN17000;24.10.2020;7.7
Strømtangen Fyr;SN17000;25.10.2020;11.8
Strømtangen Fyr;SN17000;26.10.2020;9.8
Strømtangen Fyr;SN17000;27.10.2020;10.7
Strømtangen Fyr;SN17000;28.10.2020;11.1
Strømtangen Fyr;SN17000;29.10.2020;9.8
Strømtangen Fyr;SN17000;30.10.2020;6.1
Strømtangen Fyr;SN17000;31.10.2020;8.3
Strømtangen Fyr;SN17000;01.11.2020;11.5
Strømtangen Fyr;SN17000;02.11.2020;12.2
Strømtangen Fyr;SN17000;03.11.2020;10.3
Strømtangen Fyr;SN17000;04.11.2020;9.1
Strømtangen Fyr;SN17000;05.11.2020;10.9
Strømtangen Fyr;SN17000;06.11.2020;10.1
Strømtangen Fyr;SN17000;07.11.2020;9.4
Strømtangen Fyr;SN17000;08.11.2020;4.4
Strømtangen Fyr;SN17000;09.11.2020;3.9
Strømtangen Fyr;SN17000;10.11.2020;6.8
Strømtangen Fyr;SN17000;11.11.2020;7
Strømtangen Fyr;SN17000;12.11.2020;6.1
Strømtangen Fyr;SN17000;13.11.2020;6.5
Strømtangen Fyr;SN17000;14.11.2020;9
Strømtangen Fyr;SN17000;15.11.2020;10
Strømtangen Fyr;SN17000;16.11.2020;10.3
Strømtangen Fyr;SN17000;17.11.2020;10.4
Strømtangen Fyr;SN17000;18.11.2020;11
Strømtangen Fyr;SN17000;19.11.2020;6.5
Strømtangen Fyr;SN17000;20.11.2020;5
Strømtangen Fyr;SN17000;21.11.2020;8.8
Strømtangen Fyr;SN17000;22.11.2020;8.4
Strømtangen Fyr;SN17000;23.11.2020;7.6
Strømtangen Fyr;SN17000;24.11.2020;9
Strømtangen Fyr;SN17000;25.11.2020;9.6
Strømtangen Fyr;SN17000;26.11.2020;4.9
Strømtangen Fyr;SN17000;27.11.2020;0.3
Strømtangen Fyr;SN17000;28.11.2020;-0.8
Strømtangen Fyr;SN17000;29.11.2020;-0.2
Strømtangen Fyr;SN17000;30.11.2020;5.1
Strømtangen Fyr;SN17000;01.12.2020;3.1
Strømtangen Fyr;SN17000;02.12.2020;3.8
Strømtangen Fyr;SN17000;03.12.2020;3.1
Strømtangen Fyr;SN17000;04.12.2020;2.3
Strømtangen Fyr;SN17000;05.12.2020;3.7
Strømtangen Fyr;SN17000;06.12.2020;5.4
Strømtangen Fyr;SN17000;07.12.2020;6.4
Strømtangen Fyr;SN17000;08.12.2020;4.7
Strømtangen Fyr;SN17000;09.12.2020;3.9
Strømtangen Fyr;SN17000;10.12.2020;3.6
Strømtangen Fyr;SN17000;11.12.2020;2.8
Strømtangen Fyr;SN17000;12.12.2020;3.3
Strømtangen Fyr;SN17000;13.12.2020;3.8
Strømtangen Fyr;SN17000;14.12.2020;4.3
Strømtangen Fyr;SN17000;15.12.2020;6.2
Strømtangen Fyr;SN17000;16.12.2020;2.7
Strømtangen Fyr;SN17000;17.12.2020;6
Strømtangen Fyr;SN17000;18.12.2020;6.2
Strømtangen Fyr;SN17000;19.12.2020;6.9
Strømtangen Fyr;SN17000;20.12.2020;7.4
Strømtangen Fyr;SN17000;21.12.2020;6.7
Strømtangen Fyr;SN17000;22.12.2020;5.3
Strømtangen Fyr;SN17000;23.12.2020;4.2
Strømtangen Fyr;SN17000;24.12.2020;1.4
Strømtangen Fyr;SN17000;25.12.2020;0.6
Strømtangen Fyr;SN17000;26.12.2020;3.7
Strømtangen Fyr;SN17000;27.12.2020;4.6
Strømtangen Fyr;SN17000;28.12.2020;2.2
Strømtangen Fyr;SN17000;29.12.2020;3.5
Strømtangen Fyr;SN17000;30.12.2020;2.6
Strømtangen Fyr;SN17000;31.12.2020;1
Strømtangen Fyr;SN17000;01.01.2021;2
Strømtangen Fyr;SN17000;02.01.2021;1
Strømtangen Fyr;SN17000;03.01.2021;-0.9
Strømtangen Fyr;SN17000;04.01.2021;-2.9
Strømtangen Fyr;SN17000;05.01.2021;-3.4
Strømtangen Fyr;SN17000;06.01.2021;-6.4
Strømtangen Fyr;SN17000;07.01.2021;-4.2
Strømtangen Fyr;SN17000;08.01.2021;-4.2
Strømtangen Fyr;SN17000;09.01.2021;-1.9
Strømtangen Fyr;SN17000;10.01.2021;2.7
Strømtangen Fyr;SN17000;11.01.2021;-0.4
Strømtangen Fyr;SN17000;12.01.2021;-1.3
Strømtangen Fyr;SN17000;13.01.2021;-3.2
Strømtangen Fyr;SN17000;14.01.2021;-5.4
Strømtangen Fyr;SN17000;15.01.2021;-7.1
Strømtangen Fyr;SN17000;16.01.2021;-7.6
Strømtangen Fyr;SN17000;17.01.2021;-4.5
Strømtangen Fyr;SN17000;18.01.2021;1.7
Strømtangen Fyr;SN17000;19.01.2021;1.1
Strømtangen Fyr;SN17000;20.01.2021;1.9
Strømtangen Fyr;SN17000;21.01.2021;4.8
Strømtangen Fyr;SN17000;22.01.2021;4.4
Strømtangen Fyr;SN17000;23.01.2021;3.6
Strømtangen Fyr;SN17000;24.01.2021;1.2
Strømtangen Fyr;SN17000;25.01.2021;-3
Strømtangen Fyr;SN17000;26.01.2021;-5.2
Strømtangen Fyr;SN17000;27.01.2021;-6.4
Strømtangen Fyr;SN17000;28.01.2021;-6.6
Strømtangen Fyr;SN17000;29.01.2021;-8.8
Strømtangen Fyr;SN17000;30.01.2021;-8.3
Strømtangen Fyr;SN17000;31.01.2021;-7.8
Strømtangen Fyr;SN17000;01.02.2021;-6.4
Strømtangen Fyr;SN17000;02.02.2021;-6.2
Strømtangen Fyr;SN17000;03.02.2021;-6.7
Strømtangen Fyr;SN17000;04.02.2021;-9.3
Strømtangen Fyr;SN17000;05.02.2021;-8.4
Strømtangen Fyr;SN17000;06.02.2021;-6.9
Strømtangen Fyr;SN17000;07.02.2021;-6.7
Strømtangen Fyr;SN17000;08.02.2021;-5.1
Strømtangen Fyr;SN17000;09.02.2021;-5.9
Strømtangen Fyr;SN17000;10.02.2021;-7.1
Strømtangen Fyr;SN17000;11.02.2021;-7.9
Strømtangen Fyr;SN17000;12.02.2021;-5.6
Strømtangen Fyr;SN17000;13.02.2021;-6.2
Strømtangen Fyr;SN17000;14.02.2021;-7.1
Strømtangen Fyr;SN17000;15.02.2021;-2.6
Strømtangen Fyr;SN17000;16.02.2021;-1
Strømtangen Fyr;SN17000;17.02.2021;-1.1
Strømtangen Fyr;SN17000;18.02.2021;-0.5
Strømtangen Fyr;SN17000;19.02.2021;1.2
Strømtangen Fyr;SN17000;20.02.2021;2
Strømtangen Fyr;SN17000;21.02.2021;2.5
Strømtangen Fyr;SN17000;22.02.2021;2.8
Strømtangen Fyr;SN17000;23.02.2021;1.5
Strømtangen Fyr;SN17000;24.02.2021;3.3
Strømtangen Fyr;SN17000;25.02.2021;3
Strømtangen Fyr;SN17000;26.02.2021;4.7
Strømtangen Fyr;SN17000;27.02.2021;1.5
Strømtangen Fyr;SN17000;28.02.2021;2
Strømtangen Fyr;SN17000;01.03.2021;1.5
Strømtangen Fyr;SN17000;02.03.2021;3.3
Strømtangen Fyr;SN17000;03.03.2021;0.6
Strømtangen Fyr;SN17000;04.03.2021;1.7
Strømtangen Fyr;SN17000;05.03.2021;1.3
Strømtangen Fyr;SN17000;06.03.2021;2.5
Strømtangen Fyr;SN17000;07.03.2021;2.3
Strømtangen Fyr;SN17000;08.03.2021;0.1
Strømtangen Fyr;SN17000;09.03.2021;1.3
Strømtangen Fyr;SN17000;10.03.2021;0.3
Strømtangen Fyr;SN17000;11.03.2021;1.3
Strømtangen Fyr;SN17000;12.03.2021;3.9
Strømtangen Fyr;SN17000;13.03.2021;3.3
Strømtangen Fyr;SN17000;14.03.2021;2.7
Strømtangen Fyr;SN17000;15.03.2021;4.4
Strømtangen Fyr;SN17000;16.03.2021;3.4
Strømtangen Fyr;SN17000;17.03.2021;2.4
Strømtangen Fyr;SN17000;18.03.2021;3.3
Strømtangen Fyr;SN17000;19.03.2021;1.3
Strømtangen Fyr;SN17000;20.03.2021;4.1
Strømtangen Fyr;SN17000;21.03.2021;5.3
Strømtangen Fyr;SN17000;22.03.2021;4.6
Strømtangen Fyr;SN17000;23.03.2021;3.9
Strømtangen Fyr;SN17000;24.03.2021;5.3
Strømtangen Fyr;SN17000;25.03.2021;5.2
Strømtangen Fyr;SN17000;26.03.2021;5.4
Strømtangen Fyr;SN17000;27.03.2021;5.5
Strømtangen Fyr;SN17000;28.03.2021;4.6
Strømtangen Fyr;SN17000;29.03.2021;6.2
Strømtangen Fyr;SN17000;30.03.2021;6.6
Strømtangen Fyr;SN17000;31.03.2021;5.9
Strømtangen Fyr;SN17000;01.04.2021;4.5
Strømtangen Fyr;SN17000;02.04.2021;5.7
Strømtangen Fyr;SN17000;03.04.2021;4.4
Strømtangen Fyr;SN17000;04.04.2021;5.8
Strømtangen Fyr;SN17000;05.04.2021;3.6
Strømtangen Fyr;SN17000;06.04.2021;5.2
Strømtangen Fyr;SN17000;07.04.2021;5.4
Strømtangen Fyr;SN17000;08.04.2021;3.8
Strømtangen Fyr;SN17000;09.04.2021;6
Strømtangen Fyr;SN17000;10.04.2021;4.5
Strømtangen Fyr;SN17000;11.04.2021;2.6
Strømtangen Fyr;SN17000;12.04.2021;2.3
Strømtangen Fyr;SN17000;13.04.2021;3.9
Strømtangen Fyr;SN17000;14.04.2021;4.4
Strømtangen Fyr;SN17000;15.04.2021;6.6
Strømtangen Fyr;SN17000;16.04.2021;7.9
Strømtangen Fyr;SN17000;17.04.2021;10.2
Strømtangen Fyr;SN17000;18.04.2021;11.1
Strømtangen Fyr;SN17000;19.04.2021;10.5
Strømtangen Fyr;SN17000;20.04.2021;8.3
Strømtangen Fyr;SN17000;21.04.2021;7.4
Strømtangen Fyr;SN17000;22.04.2021;7.3
Strømtangen Fyr;SN17000;23.04.2021;6.2
Strømtangen Fyr;SN17000;24.04.2021;5.5
Strømtangen Fyr;SN17000;25.04.2021;5.3
Strømtangen Fyr;SN17000;26.04.2021;5.3
Strømtangen Fyr;SN17000;27.04.2021;5.2
Strømtangen Fyr;SN17000;28.04.2021;7.5
Strømtangen Fyr;SN17000;29.04.2021;7.6
Strømtangen Fyr;SN17000;30.04.2021;6.8
Strømtangen Fyr;SN17000;01.05.2021;7.2
Strømtangen Fyr;SN17000;02.05.2021;7.5
Strømtangen Fyr;SN17000;03.05.2021;7.5
Strømtangen Fyr;SN17000;04.05.2021;6.4
Strømtangen Fyr;SN17000;05.05.2021;4.4
Strømtangen Fyr;SN17000;06.05.2021;6.2
Strømtangen Fyr;SN17000;07.05.2021;6.8
Strømtangen Fyr;SN17000;08.05.2021;8
Strømtangen Fyr;SN17000;09.05.2021;7.7
Strømtangen Fyr;SN17000;10.05.2021;9.9
Strømtangen Fyr;SN17000;11.05.2021;10.4
Strømtangen Fyr;SN17000;12.05.2021;10.6
Strømtangen Fyr;SN17000;13.05.2021;13.6
Strømtangen Fyr;SN17000;14.05.2021;15.1
Strømtangen Fyr;SN17000;15.05.2021;11.1
Strømtangen Fyr;SN17000;16.05.2021;10.1
Strømtangen Fyr;SN17000;17.05.2021;9.7
Strømtangen Fyr;SN17000;18.05.2021;9.5
Strømtangen Fyr;SN17000;19.05.2021;10.3
Strømtangen Fyr;SN17000;20.05.2021;10.5
Strømtangen Fyr;SN17000;21.05.2021;10.5
Strømtangen Fyr;SN17000;22.05.2021;10.7
Strømtangen Fyr;SN17000;23.05.2021;10.8
Strømtangen Fyr;SN17000;24.05.2021;10.6
Strømtangen Fyr;SN17000;25.05.2021;12.9
Strømtangen Fyr;SN17000;26.05.2021;10.3
Strømtangen Fyr;SN17000;27.05.2021;12.4
Strømtangen Fyr;SN17000;28.05.2021;12.5
Strømtangen Fyr;SN17000;29.05.2021;15.3
Strømtangen Fyr;SN17000;30.05.2021;14
Strømtangen Fyr;SN17000;31.05.2021;12.2
Strømtangen Fyr;SN17000;01.06.2021;16.1
Strømtangen Fyr;SN17000;02.06.2021;17.2
Strømtangen Fyr;SN17000;03.06.2021;17.8
Strømtangen Fyr;SN17000;04.06.2021;17.7
Strømtangen Fyr;SN17000;05.06.2021;17.2
Strømtangen Fyr;SN17000;06.06.2021;16.7
Strømtangen Fyr;SN17000;07.06.2021;14.9
Strømtangen Fyr;SN17000;08.06.2021;14.9
Strømtangen Fyr;SN17000;09.06.2021;15.2
Strømtangen Fyr;SN17000;10.06.2021;15.7
Strømtangen Fyr;SN17000;11.06.2021;15.8
Strømtangen Fyr;SN17000;12.06.2021;17.6
Strømtangen Fyr;SN17000;13.06.2021;15.5
Strømtangen Fyr;SN17000;14.06.2021;15.5
Strømtangen Fyr;SN17000;15.06.2021;14.8
Strømtangen Fyr;SN17000;16.06.2021;14.6
Strømtangen Fyr;SN17000;17.06.2021;17.8
Strømtangen Fyr;SN17000;18.06.2021;16.3
Strømtangen Fyr;SN17000;19.06.2021;17.1
Strømtangen Fyr;SN17000;20.06.2021;15.8
Strømtangen Fyr;SN17000;21.06.2021;14.5
Strømtangen Fyr;SN17000;22.06.2021;14.5
Strømtangen Fyr;SN17000;23.06.2021;15.6
Strømtangen Fyr;SN17000;24.06.2021;14.7
Strømtangen Fyr;SN17000;25.06.2021;15.7
Strømtangen Fyr;SN17000;26.06.2021;16.2
Strømtangen Fyr;SN17000;27.06.2021;15.3
Strømtangen Fyr;SN17000;28.06.2021;15.3
Strømtangen Fyr;SN17000;29.06.2021;14.9
Strømtangen Fyr;SN17000;30.06.2021;19
Strømtangen Fyr;SN17000;01.07.2021;17.7
Strømtangen Fyr;SN17000;02.07.2021;20.7
Strømtangen Fyr;SN17000;03.07.2021;20.6
Strømtangen Fyr;SN17000;04.07.2021;20.1
Strømtangen Fyr;SN17000;05.07.2021;20.1
Strømtangen Fyr;SN17000;06.07.2021;18
Strømtangen Fyr;SN17000;07.07.2021;18
Strømtangen Fyr;SN17000;08.07.2021;18
Strømtangen Fyr;SN17000;09.07.2021;19.9
Strømtangen Fyr;SN17000;10.07.2021;17.5
Strømtangen Fyr;SN17000;11.07.2021;18.4
Strømtangen Fyr;SN17000;12.07.2021;18.8
Strømtangen Fyr;SN17000;13.07.2021;22.4
Strømtangen Fyr;SN17000;14.07.2021;23
Strømtangen Fyr;SN17000;15.07.2021;21.2
Strømtangen Fyr;SN17000;16.07.2021;22
Strømtangen Fyr;SN17000;17.07.2021;21.4
Strømtangen Fyr;SN17000;18.07.2021;19.7
Strømtangen Fyr;SN17000;19.07.2021;17.9
Strømtangen Fyr;SN17000;20.07.2021;19.7
Strømtangen Fyr;SN17000;21.07.2021;18.4
Strømtangen Fyr;SN17000;22.07.2021;19.5
Strømtangen Fyr;SN17000;23.07.2021;20.1
Strømtangen Fyr;SN17000;24.07.2021;20.6
Strømtangen Fyr;SN17000;25.07.2021;22.2
Strømtangen Fyr;SN17000;26.07.2021;22.4
Strømtangen Fyr;SN17000;27.07.2021;18.9
Strømtangen Fyr;SN17000;28.07.2021;19.2
Strømtangen Fyr;SN17000;29.07.2021;16.3
Strømtangen Fyr;SN17000;30.07.2021;17.9
Strømtangen Fyr;SN17000;31.07.2021;17.7
Strømtangen Fyr;SN17000;01.08.2021;15.8
Strømtangen Fyr;SN17000;02.08.2021;15.8
Strømtangen Fyr;SN17000;03.08.2021;16.4
Strømtangen Fyr;SN17000;04.08.2021;16.8
Strømtangen Fyr;SN17000;05.08.2021;17.4
Strømtangen Fyr;SN17000;06.08.2021;18.9
Strømtangen Fyr;SN17000;07.08.2021;17.8
Strømtangen Fyr;SN17000;08.08.2021;17.1
Strømtangen Fyr;SN17000;09.08.2021;17.7
Strømtangen Fyr;SN17000;10.08.2021;17.9
Strømtangen Fyr;SN17000;11.08.2021;17.8
Strømtangen Fyr;SN17000;12.08.2021;18.2
Strømtangen Fyr;SN17000;13.08.2021;17.8
Strømtangen Fyr;SN17000;14.08.2021;16.9
Strømtangen Fyr;SN17000;15.08.2021;17.1
Strømtangen Fyr;SN17000;16.08.2021;15.7
Strømtangen Fyr;SN17000;17.08.2021;16.5
Strømtangen Fyr;SN17000;18.08.2021;17.1
Strømtangen Fyr;SN17000;19.08.2021;16.4
Strømtangen Fyr;SN17000;20.08.2021;16.1
Strømtangen Fyr;SN17000;21.08.2021;15.7
Strømtangen Fyr;SN17000;22.08.2021;15.6
Strømtangen Fyr;SN17000;23.08.2021;15.6
Strømtangen Fyr;SN17000;24.08.2021;17.3
Strømtangen Fyr;SN17000;25.08.2021;19.4
Strømtangen Fyr;SN17000;26.08.2021;14.9
Strømtangen Fyr;SN17000;27.08.2021;15.4
Strømtangen Fyr;SN17000;28.08.2021;16.6
Strømtangen Fyr;SN17000;29.08.2021;18.2
Strømtangen Fyr;SN17000;30.08.2021;16.4
Strømtangen Fyr;SN17000;31.08.2021;17.3
Strømtangen Fyr;SN17000;01.09.2021;16.2
Strømtangen Fyr;SN17000;02.09.2021;16.4
Strømtangen Fyr;SN17000;03.09.2021;16.7
Strømtangen Fyr;SN17000;04.09.2021;13.5
Strømtangen Fyr;SN17000;05.09.2021;16.2
Strømtangen Fyr;SN17000;06.09.2021;16.1
Strømtangen Fyr;SN17000;07.09.2021;16.5
Strømtangen Fyr;SN17000;10.09.2021;17
Strømtangen Fyr;SN17000;11.09.2021;17.2
Strømtangen Fyr;SN17000;12.09.2021;16.7
Strømtangen Fyr;SN17000;13.09.2021;13.8
Strømtangen Fyr;SN17000;14.09.2021;14.9
Strømtangen Fyr;SN17000;15.09.2021;14.2
Strømtangen Fyr;SN17000;16.09.2021;11.5
Strømtangen Fyr;SN17000;17.09.2021;11
Strømtangen Fyr;SN17000;18.09.2021;11.4
Strømtangen Fyr;SN17000;19.09.2021;11.1
Strømtangen Fyr;SN17000;20.09.2021;10.7
Strømtangen Fyr;SN17000;21.09.2021;13.6
Strømtangen Fyr;SN17000;22.09.2021;14.7
Strømtangen Fyr;SN17000;23.09.2021;13.6
Strømtangen Fyr;SN17000;24.09.2021;13
Strømtangen Fyr;SN17000;25.09.2021;14.1
Strømtangen Fyr;SN17000;26.09.2021;12.9
Strømtangen Fyr;SN17000;27.09.2021;13.8
Strømtangen Fyr;SN17000;28.09.2021;13.7
Strømtangen Fyr;SN17000;29.09.2021;11.8
Strømtangen Fyr;SN17000;30.09.2021;12.1
Strømtangen Fyr;SN17000;01.10.2021;13.2
Strømtangen Fyr;SN17000;02.10.2021;12.8
Strømtangen Fyr;SN17000;03.10.2021;13.1
Strømtangen Fyr;SN17000;04.10.2021;13.9
Strømtangen Fyr;SN17000;05.10.2021;13.3
Strømtangen Fyr;SN17000;06.10.2021;11.6
Strømtangen Fyr;SN17000;07.10.2021;13.4
Strømtangen Fyr;SN17000;08.10.2021;13.7
Strømtangen Fyr;SN17000;09.10.2021;13.3
Strømtangen Fyr;SN17000;10.10.2021;12.8
Strømtangen Fyr;SN17000;11.10.2021;10.8
Strømtangen Fyr;SN17000;12.10.2021;8.4
Strømtangen Fyr;SN17000;13.10.2021;7.8
Strømtangen Fyr;SN17000;14.10.2021;11.9
Strømtangen Fyr;SN17000;15.10.2021;11.1
Strømtangen Fyr;SN17000;16.10.2021;10.4
Strømtangen Fyr;SN17000;17.10.2021;7
Strømtangen Fyr;SN17000;18.10.2021;4.9
Strømtangen Fyr;SN17000;19.10.2021;5.1
Strømtangen Fyr;SN17000;20.10.2021;10.7
Strømtangen Fyr;SN17000;21.10.2021;10
Strømtangen Fyr;SN17000;22.10.2021;8.6
Strømtangen Fyr;SN17000;23.10.2021;9.2
Strømtangen Fyr;SN17000;24.10.2021;11.1
Strømtangen Fyr;SN17000;25.10.2021;11
Strømtangen Fyr;SN17000;26.10.2021;10.7
Strømtangen Fyr;SN17000;27.10.2021;11.8
Strømtangen Fyr;SN17000;28.10.2021;12.1
Strømtangen Fyr;SN17000;29.10.2021;11.3
Strømtangen Fyr;SN17000;30.10.2021;11.2
Strømtangen Fyr;SN17000;31.10.2021;10.6
Strømtangen Fyr;SN17000;01.11.2021;11.4
Strømtangen Fyr;SN17000;02.11.2021;9.8
Strømtangen Fyr;SN17000;04.11.2021;3.1
Strømtangen Fyr;SN17000;05.11.2021;6.3
Strømtangen Fyr;SN17000;06.11.2021;8.3
Strømtangen Fyr;SN17000;07.11.2021;5.3
Strømtangen Fyr;SN17000;08.11.2021;3.4
Strømtangen Fyr;SN17000;09.11.2021;9.4
Strømtangen Fyr;SN17000;10.11.2021;10.3
Strømtangen Fyr;SN17000;11.11.2021;9.2
Strømtangen Fyr;SN17000;12.11.2021;5.1
Strømtangen Fyr;SN17000;13.11.2021;5.3
Strømtangen Fyr;SN17000;14.11.2021;2.5
Strømtangen Fyr;SN17000;15.11.2021;6.7
Strømtangen Fyr;SN17000;16.11.2021;8.4
Strømtangen Fyr;SN17000;17.11.2021;8.4
Strømtangen Fyr;SN17000;18.11.2021;7.6
Strømtangen Fyr;SN17000;19.11.2021;11
Strømtangen Fyr;SN17000;20.11.2021;8.1
Strømtangen Fyr;SN17000;21.11.2021;3.5
Strømtangen Fyr;SN17000;22.11.2021;4.3
Strømtangen Fyr;SN17000;23.11.2021;5.5
Strømtangen Fyr;SN17000;24.11.2021;8.7
Strømtangen Fyr;SN17000;25.11.2021;3.8
Strømtangen Fyr;SN17000;26.11.2021;-0.8
Strømtangen Fyr;SN17000;27.11.2021;-2.1
Strømtangen Fyr;SN17000;28.11.2021;-2.3
Strømtangen Fyr;SN17000;29.11.2021;-3.9
Strømtangen Fyr;SN17000;30.11.2021;-2.8
Strømtangen Fyr;SN17000;01.12.2021;-5.8
Strømtangen Fyr;SN17000;02.12.2021;-4.1
Strømtangen Fyr;SN17000;03.12.2021;-6.1
Strømtangen Fyr;SN17000;04.12.2021;-3.2
Strømtangen Fyr;SN17000;05.12.2021;-4.9
Strømtangen Fyr;SN17000;06.12.2021;-6.4
Strømtangen Fyr;SN17000;07.12.2021;-3.7
Strømtangen Fyr;SN17000;08.12.2021;-0.7
Strømtangen Fyr;SN17000;09.12.2021;0.5
Strømtangen Fyr;SN17000;10.12.2021;-0.2
Strømtangen Fyr;SN17000;11.12.2021;1.2
Strømtangen Fyr;SN17000;12.12.2021;1.9
Strømtangen Fyr;SN17000;13.12.2021;4
Strømtangen Fyr;SN17000;14.12.2021;4.7
Strømtangen Fyr;SN17000;15.12.2021;6
Strømtangen Fyr;SN17000;16.12.2021;5.7
Strømtangen Fyr;SN17000;17.12.2021;1.4
Strømtangen Fyr;SN17000;18.12.2021;2.7
Strømtangen Fyr;SN17000;19.12.2021;4.2
Strømtangen Fyr;SN17000;20.12.2021;1.3
Strømtangen Fyr;SN17000;21.12.2021;-0.3
Strømtangen Fyr;SN17000;22.12.2021;-0.7
Strømtangen Fyr;SN17000;23.12.2021;-2.3
Strømtangen Fyr;SN17000;24.12.2021;-3.9
Strømtangen Fyr;SN17000;25.12.2021;-1.6
Strømtangen Fyr;SN17000;26.12.2021;-4.1
Strømtangen Fyr;SN17000;27.12.2021;-5.1
Strømtangen Fyr;SN17000;28.12.2021;-2.9
Strømtangen Fyr;SN17000;29.12.2021;-2.9
Strømtangen Fyr;SN17000;30.12.2021;3.3
Strømtangen Fyr;SN17000;31.12.2021;0.6
Strømtangen Fyr;SN17000;01.01.2022;0
Strømtangen Fyr;SN17000;02.01.2022;3.7
Strømtangen Fyr;SN17000;03.01.2022;4.9
Strømtangen Fyr;SN17000;04.01.2022;3.5
Strømtangen Fyr;SN17000;05.01.2022;-1.2
Strømtangen Fyr;SN17000;06.01.2022;-2.7
Strømtangen Fyr;SN17000;07.01.2022;-0.7
Strømtangen Fyr;SN17000;08.01.2022;-2.5
Strømtangen Fyr;SN17000;09.01.2022;0
Strømtangen Fyr;SN17000;10.01.2022;0.5
Strømtangen Fyr;SN17000;11.01.2022;3.4
Strømtangen Fyr;SN17000;12.01.2022;4.9
Strømtangen Fyr;SN17000;13.01.2022;7.3
Strømtangen Fyr;SN17000;14.01.2022;5.7
Strømtangen Fyr;SN17000;15.01.2022;2.2
Strømtangen Fyr;SN17000;16.01.2022;5.1
Strømtangen Fyr;SN17000;17.01.2022;3.2
Strømtangen Fyr;SN17000;18.01.2022;3.5
Strømtangen Fyr;SN17000;19.01.2022;4.6
Strømtangen Fyr;SN17000;20.01.2022;1.5
Strømtangen Fyr;SN17000;21.01.2022;2.9
Strømtangen Fyr;SN17000;22.01.2022;2
Strømtangen Fyr;SN17000;23.01.2022;2.9
Strømtangen Fyr;SN17000;24.01.2022;5.5
Strømtangen Fyr;SN17000;25.01.2022;3.7
Strømtangen Fyr;SN17000;26.01.2022;5.5
Strømtangen Fyr;SN17000;27.01.2022;5.7
Strømtangen Fyr;SN17000;28.01.2022;3.9
Strømtangen Fyr;SN17000;29.01.2022;6.4
Strømtangen Fyr;SN17000;30.01.2022;4.4
Strømtangen Fyr;SN17000;31.01.2022;-1
Strømtangen Fyr;SN17000;01.02.2022;-2.8
Strømtangen Fyr;SN17000;02.02.2022;-1
Strømtangen Fyr;SN17000;03.02.2022;-0.1
Strømtangen Fyr;SN17000;04.02.2022;4.6
Strømtangen Fyr;SN17000;05.02.2022;4.3
Strømtangen Fyr;SN17000;06.02.2022;3.8
Strømtangen Fyr;SN17000;07.02.2022;4
Strømtangen Fyr;SN17000;08.02.2022;5.7
Strømtangen Fyr;SN17000;09.02.2022;5.2
Strømtangen Fyr;SN17000;10.02.2022;4.1
Strømtangen Fyr;SN17000;11.02.2022;2.3
Strømtangen Fyr;SN17000;12.02.2022;4.8
Strømtangen Fyr;SN17000;13.02.2022;5.4
Strømtangen Fyr;SN17000;14.02.2022;3.9
Strømtangen Fyr;SN17000;15.02.2022;4.7
Strømtangen Fyr;SN17000;16.02.2022;3.7
Strømtangen Fyr;SN17000;17.02.2022;2.8
Strømtangen Fyr;SN17000;18.02.2022;3.5
Strømtangen Fyr;SN17000;19.02.2022;1.8
Strømtangen Fyr;SN17000;20.02.2022;1.5
Strømtangen Fyr;SN17000;21.02.2022;0.4
Strømtangen Fyr;SN17000;22.02.2022;-0.4
Strømtangen Fyr;SN17000;23.02.2022;3.5
Strømtangen Fyr;SN17000;24.02.2022;4.4
Strømtangen Fyr;SN17000;25.02.2022;3.6
Strømtangen Fyr;SN17000;26.02.2022;2.3
Strømtangen Fyr;SN17000;27.02.2022;4.8
Strømtangen Fyr;SN17000;28.02.2022;4.4
Strømtangen Fyr;SN17000;01.03.2022;4.5
Strømtangen Fyr;SN17000;02.03.2022;3.9
Strømtangen Fyr;SN17000;03.03.2022;2.5
Strømtangen Fyr;SN17000;04.03.2022;0.7
Strømtangen Fyr;SN17000;05.03.2022;2.4
Strømtangen Fyr;SN17000;06.03.2022;2.1
Strømtangen Fyr;SN17000;07.03.2022;2.2
Strømtangen Fyr;SN17000;08.03.2022;1.1
Strømtangen Fyr;SN17000;09.03.2022;-1
Strømtangen Fyr;SN17000;10.03.2022;1.6
Strømtangen Fyr;SN17000;11.03.2022;1.8
Strømtangen Fyr;SN17000;12.03.2022;2.4
Strømtangen Fyr;SN17000;13.03.2022;3.2
Strømtangen Fyr;SN17000;14.03.2022;3.3
Strømtangen Fyr;SN17000;15.03.2022;1.7
Strømtangen Fyr;SN17000;16.03.2022;3.3
Strømtangen Fyr;SN17000;17.03.2022;3.4
Licence (CC BY 4.0), Source: Meteorologisk institutt (MET);;;
